{"stats":{"minecraft:mined":{"farmersdelight:wild_beetroots":4,"minecraft:spruce_log":2,"treechop:chopped_log":8,"minecraft:crafting_table":4,"minecraft:grass":2,"minecraft:grass_block":3,"minecraft:coal_ore":1,"minecraft:sand":112,"minecraft:dirt":5,"minecraft:birch_slab":1,"minecraft:spruce_leaves":3,"minecraft:stone":11,"minecraft:sugar_cane":3,"minecraft:fern":1},"minecraft:dropped":{"minecraft:beetroot_seeds":4},"minecraft:used":{"minecraft:spruce_boat":2,"minecraft:beetroot":1,"minecraft:wooden_axe":7,"minecraft:stone_sword":11,"minecraft:iron_axe":1,"minecraft:stone_shovel":100,"minecraft:stone_pickaxe":2,"minecraft:wooden_pickaxe":17,"minecraft:wooden_shovel":10,"minecraft:stone_axe":31,"minecraft:dirt":2,"born_in_chaos_v1:rotten_fish":1,"minecraft:crafting_table":5,"alexsmobs:animal_dictionary":1},"minecraft:killed":{"hmag:ghost":2,"born_in_chaos_v1:restless_spirit":1,"born_in_chaos_v1:corpse_fish":4},"minecraft:custom":{"minecraft:time_since_rest":7046,"minecraft:sprint_one_cm":12297,"minecraft:damage_taken":280,"minecraft:walk_one_cm":44699,"minecraft:mob_kills":7,"minecraft:drop":4,"minecraft:damage_dealt":1005,"minecraft:swim_one_cm":6945,"minecraft:interact_with_crafting_table":9,"minecraft:fly_one_cm":23285,"minecraft:open_chest":3,"minecraft:crouch_one_cm":6469,"minecraft:play_time":41759,"minecraft:deaths":1,"minecraft:walk_under_water_one_cm":4069,"minecraft:sneak_time":1641,"minecraft:boat_one_cm":370877,"minecraft:jump":229,"minecraft:leave_game":5,"minecraft:time_since_death":7015,"minecraft:walk_on_water_one_cm":7414,"minecraft:total_world_time":41759,"minecraft:fall_one_cm":4749},"minecraft:crafted":{"minecraft:wooden_shovel":1,"minecraft:stone_shovel":1,"minecraft:iron_axe":1,"minecraft:crafting_table":2,"minecraft:spruce_planks":56,"minecraft:stick":20,"minecraft:iron_pickaxe":1,"minecraft:wooden_pickaxe":1,"minecraft:stone_pickaxe":1,"minecraft:wooden_axe":1,"minecraft:stone_sword":1,"minecraft:spruce_boat":2,"minecraft:torch":4,"minecraft:stone_hoe":1,"minecraft:stone_axe":1},"minecraft:killed_by":{"born_in_chaos_v1:corpse_fish":1},"minecraft:picked_up":{"minecraft:stick":7,"minecraft:crafting_table":4,"minecraft:birch_slab":1,"hmag:soul_powder":4,"born_in_chaos_v1:ethereal_spirit":1,"minecraft:sand":88,"minecraft:spruce_sapling":14,"minecraft:chain":1,"minecraft:spruce_log":42,"minecraft:dirt":8,"minecraft:beetroot":1,"minecraft:beetroot_seeds":4,"minecraft:bone_meal":2,"born_in_chaos_v1:rotten_fish":4,"minecraft:sugar_cane":7,"minecraft:coal":1,"minecraft:cobblestone":11}},"DataVersion":3465}