{"stats":{"minecraft:dropped":{"iceandfire:raw_silver":5,"minecraft:birch_planks":40,"bloomingnature:fan_palm_planks":64,"minecraft:oak_log":1,"minecraft:cooked_porkchop":3,"minecraft:dark_oak_slab":6,"mca:bouquet":2,"minecraft:lantern":7,"minecraft:leather":1,"minecraft:jungle_planks":1,"artifacts:flippers":1,"irons_spellbooks:tarnished_helmet":1,"minecraft:emerald":10,"paraglider:spirit_orb":4,"minecraft:red_carpet":1,"minecraft:dirt":146,"born_in_chaos_v1:monster_skin":40,"minecraft:cornflower":3,"ironchest:iron_chest":1,"minecraft:chain":3,"minecraft:wooden_sword":1,"minecraft:gold_nugget":64,"minecraft:bone_meal":2,"iceandfire:ash":1,"minecraft:dark_oak_planks":8,"minecraft:birch_stairs":24,"minecraft:bone":36,"minecraft:gravel":12,"bloomingnature:swamp_oak_planks":2,"born_in_chaos_v1:ethereal_spirit":2,"minecraft:cobbled_deepslate":26,"minecraft:golden_chestplate":1,"minecraft:obsidian":2,"minecraft:birch_sapling":35,"minecraft:wheat":4,"paraglider:horned_statue":2,"minecraft:rotten_flesh":8,"minecraft:oak_planks":2,"bloomingnature:genisteae":1,"minecraft:tipped_arrow":2,"minecraft:birch_door":6,"born_in_chaos_v1:dark_metal_ingot":14,"minecraft:jungle_stairs":1,"minecraft:beetroot_seeds":4,"minecraft:stone_brick_wall":2,"iceandfire:bestiary":1,"minecraft:arrow":31,"minecraft:netherrack":40,"minecraft:enchanted_book":2,"minecraft:iron_ingot":14,"minecraft:bread":1,"minecraft:oak_slab":3,"born_in_chaos_v1:shattered_skull":14,"minecraft:wheat_seeds":26,"minecraft:iron_helmet":2,"born_in_chaos_v1:orbofthe_summoner":2,"iceandfire:cyclops_eye":2,"minecraft:book":64,"minecraft:oak_fence":1,"minecraft:cobblestone":237,"minecraft:prismarine_crystals":8,"minecraft:granite":11,"minecraft:amethyst_block":2,"minecraft:apple":1,"chococraft:gysahl_green_seeds":7,"minecraft:golden_apple":4,"minecraft:coal":13,"minecraft:stick":14,"minecraft:cobweb":6,"born_in_chaos_v1:black_argillite":6,"minecraft:golden_carrot":2,"minecraft:torch":14,"minecraft:smooth_quartz":3,"bloomingnature:chestnut_log":9,"bloomingnature:swamp_oak_sapling":2,"tombstone:grave_dust":8,"minecraft:white_banner":2,"minecraft:iron_axe":3,"minecraft:iron_shovel":2,"hmag:evil_crystal_fragment":4,"minecraft:string":29,"irons_spellbooks:frozen_bone":10,"minecraft:spruce_sapling":33,"minecraft:smooth_basalt":2,"minecraft:furnace":4,"minecraft:tuff":14,"minecraft:iron_boots":4,"minecraft:stripped_oak_log":6,"minecraft:lily_of_the_valley":2,"minecraft:shield":2,"minecraft:bundle":2,"alexsmobs:cockroach_wing_fragment":2,"minecraft:spruce_planks":8,"minecraft:andesite":2,"iceandfire:lectern":1,"minecraft:spider_eye":4,"minecraft:stone_bricks":7,"minecraft:bow":1,"minecraft:stone_pickaxe":2,"minecraft:wooden_pickaxe":1,"minecraft:magma_block":2,"minecraft:calcite":3,"tombstone:tablet_of_cupidity":2},"minecraft:custom":{"minecraft:interact_with_crafting_table":159,"minecraft:open_barrel":89,"goblintraders:trade_with_goblin":8,"minecraft:eat_cake_slice":2,"minecraft:leave_game":25,"minecraft:time_since_death":143227,"minecraft:sprint_one_cm":875728,"minecraft:damage_blocked_by_shield":2770,"minecraft:drop":259,"minecraft:talked_to_villager":2,"minecraft:play_time":768279,"minecraft:deaths":36,"minecraft:jump":10175,"minecraft:interact_with_brewingstand":3,"minecraft:walk_on_water_one_cm":132212,"minecraft:interact_with_furnace":48,"minecraft:sleep_in_bed":20,"minecraft:waystone_activated":2,"minecraft:damage_dealt":61041,"minecraft:crouch_one_cm":100281,"tombstone:undead_killed":166,"minecraft:interact_with_smithing_table":10,"minecraft:mob_kills":283,"minecraft:damage_dealt_resisted":7884,"minecraft:climb_one_cm":22103,"minecraft:walk_one_cm":2069988,"minecraft:sneak_time":28588,"minecraft:walk_under_water_one_cm":142610,"minecraft:boat_one_cm":431443,"minecraft:interact_with_blast_furnace":35,"minecraft:total_world_time":768279,"minecraft:time_since_rest":32646,"minecraft:damage_taken":22635,"minecraft:trigger_trapped_chest":3,"tombstone:cast_on_ally":0,"minecraft:swim_one_cm":321567,"minecraft:fly_one_cm":1826698,"minecraft:open_chest":453,"minecraft:fall_one_cm":217313},"minecraft:picked_up":{"minecraft:birch_door":12,"minecraft:wheat":3,"minecraft:flower_pot":2,"minecraft:prismarine_shard":2,"minecraft:oak_stairs":23,"minecraft:potion":2,"minecraft:enchanted_book":3,"bloomingnature:fan_palm_log":26,"minecraft:amethyst_block":8,"born_in_chaos_v1:black_argillite":6,"iceandfire:manuscript":14,"minecraft:string":57,"graveyard:sarcophagus":2,"born_in_chaos_v1:dark_metal_ingot":21,"minecraft:beetroot":1,"irons_spellbooks:arcane_essence":2,"minecraft:cobbled_deepslate":345,"minecraft:gold_nugget":11,"mcwbridges:oak_log_bridge_middle":3,"minecraft:bucket":1,"minecraft:spruce_planks":244,"mcwbridges:bridge_torch":4,"minecraft:calcite":6,"mcwbridges:oak_log_bridge_stair":3,"minecraft:smooth_quartz":3,"born_in_chaos_v1:stimulating_decoction":1,"minecraft:coal_block":3,"minecraft:iron_boots":6,"minecraft:furnace":12,"minecraft:tipped_arrow":4,"minecraft:stick":140,"born_in_chaos_v1:shattered_skull":24,"minecraft:birch_trapdoor":2,"minecraft:oak_fence":1,"minecraft:torch":86,"minecraft:spruce_stairs":2,"minecraft:porkchop":3,"born_in_chaos_v1:nightmare_claw":2,"tombstone:grave_dust":36,"ironchest:diamond_chest":1,"tombstone:tablet_of_cupidity":3,"minecraft:golden_chestplate":1,"bloomingnature:chestnut_log":13,"minecraft:rotten_flesh":60,"ars_nouveau:worn_notebook":1,"minecraft:iron_block":1,"tombstone:scroll_of_aquatic_life":1,"minecraft:obsidian":3,"minecraft:iron_bars":2,"vinery:apple_log":12,"minecraft:cobblestone":688,"minecraft:birch_log":194,"minecraft:magma_block":5,"minecraft:feather":8,"born_in_chaos_v1:spiritual_dust":13,"minecraft:birch_slab":1,"minecraft:andesite":2,"minecraft:black_bed":3,"useless_sword:enderman_scale":1,"minecraft:potato":3,"minecraft:flint":1,"paraglider:spirit_orb":74,"travelersbackpack:ocelot":1,"minecraft:tuff":14,"minecraft:wither_skeleton_skull":1,"ars_nouveau:scribes_table":2,"minecraft:lapis_lazuli":33,"minecraft:dirt":332,"minecraft:lantern":9,"artifacts:flippers":1,"born_in_chaos_v1:monster_skin":60,"hmag:evil_crystal_fragment":10,"minecraft:bone":101,"minecraft:bow":3,"minecraft:wheat_seeds":76,"minecraft:raw_gold":37,"tombstone:scroll_of_reach":1,"minecraft:oak_planks":154,"bloomingnature:fan_palm_door":1,"irons_spellbooks:frozen_bone":51,"minecraft:cooked_porkchop":3,"iceandfire:podium_spruce":1,"patchouli:guide_book":1,"hmag:soul_powder":6,"minecraft:sand":154,"minecraft:jungle_planks":1,"minecraft:lily_of_the_valley":2,"minecraft:dark_oak_log":2,"alexsmobs:animal_dictionary":1,"minecraft:bundle":7,"minecraft:white_candle":2,"minecraft:diamond":49,"iceandfire:lectern":3,"minecraft:golden_apple":6,"minecraft:granite":24,"minecraft:bone_meal":2,"minecraft:emerald":18,"minecraft:bread":1,"alexsmobs:maggot":2,"minecraft:oak_sapling":42,"born_in_chaos_v1:rotten_fish":6,"minecraft:netherrack":56,"minecraft:dark_oak_fence":1,"iceandfire:raw_silver":5,"mca:bouquet":1,"minecraft:crafting_table":11,"born_in_chaos_v1:diamond_termite_shard":3,"born_in_chaos_v1:seedof_chaos":27,"irons_spellbooks:tarnished_helmet":2,"minecraft:stone_brick_wall":2,"minecraft:chain":8,"minecraft:shield":3,"minecraft:cornflower":8,"minecraft:wooden_sword":1,"minecraft:iron_axe":4,"minecraft:iron_shovel":3,"graveyard:corruption":1,"iceandfire:graveyard_soil":6,"iceandfire:bestiary":2,"vinery:apple_tree_sapling":3,"tombstone:scroll_of_unstable_intangibility":1,"graveyard:gravestone":1,"minecraft:beef":3,"minecraft:iron_nugget":4,"minecraft:sugar_cane":33,"minecraft:chest":7,"minecraft:birch_sapling":106,"bloomingnature:fan_palm_sprout":2,"minecraft:egg":3,"minecraft:raw_iron":70,"ironchest:iron_chest":5,"minecraft:fire_charge":2,"ars_nouveau:blue_archwood_log":2,"minecraft:stone_button":2,"minecraft:cookie":1,"born_in_chaos_v1:pieceofdarkmetal":46,"minecraft:carrot":791,"minecraft:prismarine_crystals":5,"minecraft:dark_oak_planks":8,"ars_nouveau:green_archwood_log":1,"minecraft:tnt":2,"minecraft:arrow":78,"minecraft:weeping_vines":1,"iceandfire:cyclops_eye":4,"minecraft:beetroot_seeds":4,"minecraft:jungle_stairs":1,"minecraft:gold_ingot":2,"tombstone:essence_of_undeath":1,"paraglider:horned_statue":4,"minecraft:mutton":44,"minecraft:skeleton_skull":1,"minecraft:white_wool":20,"minecraft:stripped_oak_log":12,"born_in_chaos_v1:corpse_maggot":12,"minecraft:golden_carrot":1,"minecraft:leather":32,"bloomingnature:swamp_oak_planks":4,"minecraft:birch_planks":77,"minecraft:crimson_fungus":3,"bloomingnature:genisteae":1,"minecraft:oak_log":57,"iceandfire:ectoplasm":12,"minecraft:gunpowder":4,"minecraft:wooden_hoe":1,"minecraft:white_banner":2,"minecraft:cooked_mutton":1,"irons_spellbooks:common_ink":1,"minecraft:coast_armor_trim_smithing_template":2,"minecraft:red_carpet":1,"bloomingnature:swamp_oak_sapling":4,"chococraft:gysahl_green":16,"bloomingnature:foxglove_white":1,"minecraft:apple":21,"minecraft:stone_bricks":16,"chococraft:gold_gysahl":1,"alexsmobs:cockroach_wing_fragment":3,"minecraft:heart_of_the_sea":1,"born_in_chaos_v1:smoked_flesh":3,"minecraft:iron_ingot":39,"cozy_home:white_lamp":2,"minecraft:stone_pickaxe":3,"minecraft:cobweb":6,"bloomingnature:chestnut_sapling":19,"minecraft:iron_sword":3,"minecraft:oak_slab":3,"born_in_chaos_v1:dark_rod":1,"born_in_chaos_v1:lifestealer_bone":4,"minecraft:smooth_basalt":3,"minecraft:dark_oak_slab":9,"born_in_chaos_v1:death_totem":3,"bloomingnature:fan_palm_planks":64,"born_in_chaos_v1:orbofthe_summoner":5,"iceandfire:ash":1,"born_in_chaos_v1:ethereal_spirit":17,"minecraft:gravel":12,"minecraft:birch_stairs":79,"minecraft:amethyst_shard":110,"chococraft:gysahl_green_seeds":7,"minecraft:spruce_sapling":42,"minecraft:blast_furnace":1,"minecraft:white_bed":2,"minecraft:spruce_log":102,"minecraft:spruce_door":5,"minecraft:spider_eye":13,"useless_sword:vex_ectoplasm":1,"minecraft:iron_helmet":3,"tombstone:magic_scroll":4,"minecraft:black_wool":1,"minecraft:coal":32,"bloomingnature:forest_moss":1,"minecraft:ender_pearl":2},"minecraft:mined":{"minecraft:dark_oak_planks":2,"minecraft:large_amethyst_bud":1,"minecraft:spruce_planks":1,"minecraft:white_bed":2,"iceandfire:graveyard_soil":3,"vinery:apple_tree_sapling":1,"minecraft:obsidian":1,"mcwbridges:oak_log_bridge_stair":3,"minecraft:potted_crimson_fungus":2,"minecraft:granite":24,"minecraft:budding_amethyst":2,"minecraft:stone_brick_wall":2,"minecraft:grass_block":531,"born_in_chaos_v1:dark_metal_deposit":14,"iceandfire:lectern":1,"bloomingnature:genisteae":20,"minecraft:coal_block":3,"minecraft:oxeye_daisy":1,"minecraft:spawner":34,"minecraft:tall_seagrass":4,"minecraft:magma_block":1,"minecraft:iron_ore":47,"minecraft:fire":8,"minecraft:deepslate_lapis_ore":6,"chococraft:gysahl_green":6,"mcwbridges:bridge_torch":4,"minecraft:polished_deepslate_slab":9,"minecraft:oak_stairs":17,"minecraft:iron_bars":1,"born_in_chaos_v1:black_argillite_n":1,"graveyard:wither_skull_pile":1,"minecraft:iron_block":1,"minecraft:spruce_slab":1,"minecraft:tripwire":1,"minecraft:crimson_nylium":2,"ars_nouveau:light_block":3,"minecraft:amethyst_cluster":29,"minecraft:powder_snow":1,"minecraft:torch":11,"minecraft:jungle_stairs":1,"minecraft:blast_furnace":1,"minecraft:calcite":6,"minecraft:poppy":1,"minecraft:chest":5,"minecraft:cobblestone":3,"minecraft:oak_planks":146,"minecraft:sugar_cane":17,"ars_nouveau:scribes_table":2,"minecraft:wall_torch":18,"minecraft:amethyst_block":9,"minecraft:skeleton_skull":1,"minecraft:seagrass":1,"minecraft:chain":6,"farmersdelight:sandy_shrub":1,"minecraft:dark_oak_slab":5,"minecraft:birch_log":1,"paraglider:horned_statue":2,"minecraft:birch_trapdoor":2,"ironchest:diamond_chest":1,"born_in_chaos_v1:river_mint":3,"minecraft:tnt":1,"minecraft:black_bed":2,"minecraft:grass":1042,"minecraft:oak_log":1,"minecraft:sand":178,"minecraft:dirt":91,"minecraft:smooth_basalt":3,"minecraft:wither_skeleton_skull":1,"vinery:apple_leaves":3,"born_in_chaos_v1:infernal_evil_pumpkin_s":1,"minecraft:netherrack":47,"minecraft:deepslate":299,"minecraft:tuff":13,"iceandfire:silver_ore":5,"minecraft:potted_wither_rose":1,"minecraft:deepslate_diamond_ore":49,"minecraft:dark_oak_log":3,"born_in_chaos_v1:infected_diamond_ore":2,"minecraft:cobbled_deepslate_slab":10,"minecraft:dark_oak_fence":1,"minecraft:jungle_planks":1,"born_in_chaos_v1:black_argillite":3,"minecraft:birch_slab":2,"minecraft:spruce_leaves":16,"minecraft:large_fern":22,"bloomingnature:forest_moss":1,"minecraft:furnace":4,"minecraft:carrots":216,"minecraft:andesite":2,"treechop:chopped_log":43,"minecraft:polished_deepslate":1,"bloomingnature:chestnut_planks":4,"graveyard:sarcophagus":2,"minecraft:deepslate_iron_ore":23,"minecraft:vine":3,"minecraft:lantern":1,"ironchest:iron_chest":4,"minecraft:stone":298,"bloomingnature:bluebell":9,"iceandfire:podium_spruce":1,"minecraft:white_wool":1,"minecraft:birch_stairs":43,"born_in_chaos_v1:marigolds":1,"minecraft:lily_of_the_valley":10,"minecraft:spruce_door":5,"minecraft:oak_fence":1,"minecraft:crafting_table":11,"minecraft:cornflower":15,"born_in_chaos_v1:black_argillite_brick_n":1,"minecraft:campfire":12,"bloomingnature:foxglove_white":6,"minecraft:tall_grass":317,"minecraft:deepslate_gold_ore":12,"mcwbridges:oak_log_bridge_middle":3,"farmersdelight:wild_beetroots":4,"minecraft:spruce_stairs":2,"minecraft:birch_planks":18,"ars_nouveau:blue_archwood_log":2,"graveyard:vase_block":2,"minecraft:ice":2,"minecraft:birch_leaves":4,"minecraft:spruce_log":3,"minecraft:coal_ore":3,"minecraft:gravel":7,"minecraft:cobweb":31,"minecraft:stone_bricks":11,"minecraft:fern":10},"minecraft:killed_by":{"born_in_chaos_v1:nightmare_stalker":1,"minecraft:creeper":1,"irons_spellbooks:summoned_zombie":1,"realmrpg_demons:chort":1,"graveyard:ghoul":1,"minecraft:spider":1,"alexsmobs:bison":1,"born_in_chaos_v1:corpse_fish":1},"minecraft:crafted":{"minecraft:smooth_stone":3,"minecraft:oak_planks":844,"travelersbackpack:crafting_upgrade":1,"ars_nouveau:archwood_planks":20,"born_in_chaos_v1:dark_charge":4,"minecraft:birch_slab":6,"mcwbridges:oak_log_bridge_stair":6,"minecraft:stone":3,"travelersbackpack:diamond":1,"born_in_chaos_v1:dark_metal_ingot":12,"minecraft:glass":32,"born_in_chaos_v1:nightmare_mantleofthe_night_chestplate":1,"born_in_chaos_v1:dark_ritual_dagger":1,"minecraft:diamond_helmet":1,"minecraft:diamond_leggings":1,"minecraft:iron_boots":2,"tombstone:grave_key":5,"minecraft:chest":13,"minecraft:birch_door":3,"minecraft:stone_hoe":1,"minecraft:oak_fence":6,"born_in_chaos_v1:pileof_dark_metal":9,"minecraft:oak_slab":12,"minecraft:deepslate":4,"minecraft:wooden_shovel":1,"travelersbackpack:iron_tier_upgrade":1,"minecraft:emerald":1,"minecraft:cooked_porkchop":3,"travelersbackpack:standard":5,"minecraft:crafting_table":12,"hmag:soul_powder":4,"minecraft:spruce_planks":284,"farmersdelight:iron_knife":1,"minecraft:iron_helmet":1,"minecraft:wooden_pickaxe":2,"minecraft:smithing_table":1,"minecraft:spruce_door":3,"bloomingnature:fan_palm_planks":104,"waystones:warp_stone":1,"minecraft:birch_planks":1284,"mcwbridges:oak_log_bridge_middle":12,"minecraft:iron_chestplate":2,"minecraft:wooden_hoe":1,"minecraft:diamond_pickaxe":2,"minecraft:charcoal":1,"minecraft:shield":1,"minecraft:stick":84,"minecraft:iron_ingot":79,"minecraft:iron_pickaxe":5,"minecraft:stone_sword":1,"minecraft:gold_ingot":32,"ars_nouveau:scribes_table":1,"born_in_chaos_v1:sharpened_dark_metal_sword":1,"minecraft:birch_stairs":372,"minecraft:golden_carrot":109,"minecraft:oak_door":3,"bloomingnature:chestnut_planks":8,"minecraft:stone_shovel":1,"minecraft:coal":28,"born_in_chaos_v1:nightmare_mantleofthe_night_leggings":1,"born_in_chaos_v1:nightmare_mantleofthe_night_boots":1,"minecraft:furnace":9,"minecraft:blast_furnace":1,"mca:bouquet":1,"ironchest:gold_to_diamond_chest_upgrade":1,"minecraft:bone_meal":114,"ars_nouveau:archwood_slab":6,"travelersbackpack:gold_tier_upgrade":1,"travelersbackpack:blank_upgrade":4,"travelersbackpack:white_sleeping_bag":1,"ars_nouveau:novice_spell_book":1,"born_in_chaos_v1:bone_handle":2,"minecraft:polished_deepslate":4,"minecraft:iron_axe":4,"minecraft:stone_pickaxe":3,"minecraft:diamond_boots":1,"minecraft:spruce_boat":3,"bloomingnature:fan_palm_door":3,"minecraft:dark_oak_planks":8,"useless_sword:amethyst_sword":1,"travelersbackpack:diamond_tier_upgrade":1,"minecraft:cooked_beef":3,"paraglider:paraglider":1,"ironchest:wood_to_iron_chest_upgrade":2,"travelersbackpack:backpack_tank":4,"minecraft:iron_sword":2,"mcwbridges:bridge_torch":8,"minecraft:stone_axe":2,"minecraft:bread":3,"minecraft:air":0,"ironchest:iron_to_gold_chest_upgrade":1,"minecraft:golden_apple":1,"minecraft:gold_nugget":895,"hmag:soul_apple":1,"minecraft:oak_stairs":196,"minecraft:wooden_axe":1,"minecraft:iron_shovel":3,"minecraft:iron_leggings":3,"minecraft:torch":40,"minecraft:diamond_chestplate":1},"minecraft:killed":{"born_in_chaos_v1:lifestealer_true_form":1,"born_in_chaos_v1:zombie_clown":1,"minecraft:cave_spider":13,"born_in_chaos_v1:restless_spirit":6,"born_in_chaos_v1:door_knight_not_despawn":1,"born_in_chaos_v1:pumpkin_spirit":1,"minecraft:spider":30,"born_in_chaos_v1:baby_skeleton_minion":7,"born_in_chaos_v1:scarlet_persecutor":2,"minecraft:skeleton":24,"realmrpg_demons:chort":4,"born_in_chaos_v1:supreme_bonescaller_stage_2":2,"irons_spellbooks:summoned_skeleton":1,"hmag:catoblepas":1,"hmag:harpy":1,"minecraft:pig":2,"born_in_chaos_v1:diamond_termite":3,"irons_spellbooks:necromancer":3,"minecraft:sheep":6,"minecraft:zombie":36,"born_in_chaos_v1:corpse_fly":2,"hmag:melty_monster":1,"minecraft:stray":17,"alexsmobs:fly":1,"minecraft:cow":3,"minecraft:vex":3,"irons_spellbooks:summoned_zombie":6,"bloomingnature:deer":1,"hmag:skeleton_girl":3,"alexsmobs:seagull":1,"born_in_chaos_v1:skeleton_thrasher_not_despawn":2,"born_in_chaos_v1:zombie_bruiser":1,"born_in_chaos_v1:maggot":12,"hmag:zombie_girl":6,"iceandfire:siren":1,"born_in_chaos_v1:corpse_fish":7,"born_in_chaos_v1:barrel_zombie":1,"born_in_chaos_v1:fallen_chaos_knight":1,"hmag:ghost":4,"graveyard:ghoul":3,"born_in_chaos_v1:bone_imp_minion":20,"iceandfire:cyclops":1,"born_in_chaos_v1:decrepit_skeleton":4,"hmag:kobold":1,"born_in_chaos_v1:bloody_gadfly":2,"alexsmobs:cockroach":2,"iceandfire:ghost":15,"born_in_chaos_v1:bonescaller_not_despawn":7,"born_in_chaos_v1:controlled_baby_skeleton":2,"minecraft:enderman":3},"minecraft:broken":{"minecraft:golden_helmet":1,"minecraft:iron_shovel":2,"minecraft:golden_boots":1,"minecraft:iron_boots":1,"minecraft:iron_chestplate":1,"minecraft:iron_leggings":2,"minecraft:stone_pickaxe":1,"minecraft:stone_axe":1,"minecraft:iron_sword":1,"minecraft:golden_chestplate":1,"useless_sword:amethyst_sword":1,"minecraft:iron_axe":1,"minecraft:iron_pickaxe":3,"minecraft:iron_helmet":1},"minecraft:used":{"minecraft:beetroot":1,"minecraft:iron_shovel":792,"travelersbackpack:diamond":1,"minecraft:chest":16,"minecraft:iron_sword":1665,"minecraft:shield":122,"minecraft:iron_chestplate":1,"minecraft:carrot":412,"ironchest:iron_chest":4,"minecraft:glass":2,"minecraft:spruce_boat":3,"born_in_chaos_v1:corpse_maggot":4,"minecraft:birch_sapling":22,"minecraft:iron_helmet":2,"minecraft:dark_oak_slab":3,"minecraft:stone_bricks":6,"minecraft:golden_sword":5,"minecraft:cooked_cod":3,"minecraft:furnace":10,"minecraft:egg":3,"bloomingnature:fan_palm_planks":5,"minecraft:spruce_door":7,"minecraft:oak_planks":449,"minecraft:stone_pickaxe":165,"minecraft:wooden_pickaxe":36,"irons_spellbooks:tarnished_helmet":2,"minecraft:sugar_cane":19,"minecraft:cookie":1,"minecraft:white_wool":6,"minecraft:sand":17,"ars_nouveau:archwood_planks":3,"minecraft:mushroom_stew":1,"minecraft:blast_furnace":2,"hmag:randomberry":2,"minecraft:black_bed":4,"bloomingnature:fan_palm_door":2,"minecraft:birch_slab":6,"minecraft:bread":3,"tombstone:grave_key":12,"ironchest:iron_to_gold_chest_upgrade":1,"minecraft:deepslate":1,"minecraft:diamond_sword":60,"born_in_chaos_v1:rotten_fish":2,"minecraft:smithing_table":1,"minecraft:bone_meal":114,"minecraft:cobweb":3,"ironchest:wood_to_iron_chest_upgrade":2,"born_in_chaos_v1:dark_ritual_dagger":28,"graveyard:sarcophagus":2,"minecraft:stone_sword":11,"minecraft:stone_shovel":100,"minecraft:spruce_planks":65,"minecraft:wooden_shovel":10,"minecraft:cooked_salmon":3,"ironchest:diamond_chest":1,"minecraft:oak_door":2,"minecraft:torch":61,"minecraft:dirt":31,"ars_nouveau:bastion_pod":10,"minecraft:spruce_stairs":2,"minecraft:granite":13,"hmag:soul_apple":1,"paraglider:horned_statue":2,"minecraft:dark_oak_planks":4,"minecraft:wooden_axe":7,"alexsmobs:maggot":2,"mcwbridges:oak_log_bridge_middle":5,"minecraft:iron_axe":597,"minecraft:oak_stairs":100,"minecraft:golden_carrot":84,"tombstone:gift":4,"minecraft:cooked_beef":3,"minecraft:cobbled_deepslate":107,"minecraft:cooked_mutton":2,"minecraft:water_bucket":23,"tombstone:scroll_of_knowledge":1,"tombstone:scroll_of_reach":1,"bloomingnature:forest_moss":1,"ironchest:gold_to_diamond_chest_upgrade":1,"minecraft:birch_planks":885,"minecraft:crafting_table":19,"born_in_chaos_v1:skullbreaker_hammer":19,"minecraft:white_bed":2,"tombstone:tablet_of_home":6,"minecraft:spruce_log":1,"minecraft:oak_log":44,"useless_sword:amethyst_sword":380,"minecraft:wooden_hoe":52,"minecraft:diamond_pickaxe":52,"minecraft:apple":12,"cozy_home:white_lamp":2,"minecraft:iron_pickaxe":823,"mcwbridges:bridge_torch":6,"minecraft:spruce_sapling":1,"mcwbridges:oak_log_bridge_stair":3,"minecraft:stone_axe":155,"minecraft:cobblestone":64,"travelersbackpack:standard":6,"minecraft:cooked_porkchop":3,"minecraft:bucket":29,"alexsmobs:animal_dictionary":1,"vinery:apple_tree_sapling":5,"ars_nouveau:scribes_table":3,"minecraft:birch_stairs":305}},"DataVersion":3465}