{"stats":{"minecraft:crafted":{"minecraft:oak_planks":40,"minecraft:furnace":2,"minecraft:iron_boots":1,"minecraft:iron_axe":1,"minecraft:stone_pickaxe":1,"minecraft:chest":1,"packedup:basicbackpack":1,"minecraft:wheat":99,"minecraft:red_dye":1,"minecraft:cooked_porkchop":4,"minecraft:crafting_table":5,"minecraft:spruce_planks":32,"minecraft:wooden_pickaxe":1,"minecraft:iron_helmet":1,"minecraft:iron_sword":1,"minecraft:bucket":1,"minecraft:birch_planks":8,"minecraft:stone_axe":1,"minecraft:bread":33,"minecraft:air":0,"minecraft:iron_chestplate":1,"minecraft:shield":1,"minecraft:stick":68,"minecraft:iron_ingot":70,"minecraft:iron_pickaxe":3,"minecraft:stone_sword":1,"chococraft:chocobo_saddle":1,"minecraft:iron_leggings":1,"minecraft:torch":4},"minecraft:killed_by":{"iceandfire:cyclops":1},"minecraft:dropped":{"minecraft:crimson_planks":1,"minecraft:water_bucket":1,"minecraft:iron_ingot":117,"minecraft:bread":1,"minecraft:iron_sword":2,"minecraft:prismarine_shard":7,"minecraft:cobblestone":12,"relics:rune_of_love":2,"minecraft:rail":2,"minecraft:flint":8,"minecraft:stick":14,"relics:leather_belt":1,"minecraft:diorite":4,"minecraft:torch":15,"minecraft:dark_oak_trapdoor":6,"tombstone:grave_dust":9,"minecraft:iron_pickaxe":1,"useless_sword:alloy_sword":1,"minecraft:string":29,"iceandfire:dragonbone":8,"minecraft:redstone":4,"minecraft:bone":10,"minecraft:gravel":1,"alexsmobs:maggot":2,"chococraft:chocobo_feather":1,"minecraft:rotten_flesh":22,"minecraft:oak_planks":15,"minecraft:diamond_ore":2,"relics:slime_heart":1,"minecraft:tipped_arrow":2,"minecraft:shield":1,"minecraft:gunpowder":56,"minecraft:spruce_planks":8,"iceandfire:silver_ingot":7,"minecraft:leather_boots":2,"minecraft:chest":1,"minecraft:sandstone":1,"minecraft:iron_ore":69,"minecraft:arrow":6,"minecraft:bow":1,"minecraft:written_book":1},"minecraft:custom":{"minecraft:mob_kills":139,"minecraft:inspect_hopper":7,"minecraft:interact_with_crafting_table":40,"minecraft:open_barrel":67,"goblintraders:trade_with_goblin":18,"minecraft:damage_dealt_resisted":5007,"minecraft:leave_game":6,"minecraft:time_since_death":510,"minecraft:climb_one_cm":11092,"minecraft:sprint_one_cm":316787,"minecraft:walk_one_cm":564161,"minecraft:damage_blocked_by_shield":1175,"minecraft:drop":63,"minecraft:talked_to_villager":5,"minecraft:sneak_time":8695,"minecraft:deaths":4,"minecraft:walk_under_water_one_cm":130970,"minecraft:interact_with_brewingstand":1,"minecraft:boat_one_cm":90032,"minecraft:jump":4637,"minecraft:walk_on_water_one_cm":62762,"minecraft:interact_with_furnace":35,"tombstone:raider_killed":36,"minecraft:play_one_minute":246244,"minecraft:sleep_in_bed":5,"minecraft:time_since_rest":396,"minecraft:damage_taken":9888,"minecraft:damage_absorbed":37,"minecraft:damage_dealt":31185,"minecraft:swim_one_cm":117135,"minecraft:fly_one_cm":879964,"minecraft:open_chest":103,"minecraft:crouch_one_cm":23242,"tombstone:undead_killed":61,"tombstone:villager_killed":2,"minecraft:inspect_dispenser":1,"minecraft:fall_one_cm":121666,"minecraft:interact_with_smithing_table":1},"minecraft:mined":{"minecraft:dark_oak_planks":2,"create:zinc_ore":10,"minecraft:dark_prismarine":1,"minecraft:tube_coral":1,"minecraft:spruce_planks":1,"minecraft:mossy_cobblestone":2,"minecraft:dark_oak_leaves":1,"minecraft:granite":8,"minecraft:grass_block":5,"minecraft:spruce_fence":1,"minecraft:spruce_leaves":6,"minecraft:sandstone":1,"minecraft:spawner":9,"minecraft:large_fern":2,"minecraft:hay_block":7,"minecraft:smooth_stone":1,"minecraft:redstone_ore":2,"minecraft:furnace":2,"iceandfire:copper_ore":1,"minecraft:iron_ore":56,"minecraft:andesite":5,"create:copper_ore":20,"minecraft:stripped_dark_oak_wood":1,"minecraft:peony":1,"minecraft:rail":1,"graveyard:tg_cobbled_deepslate_slab":16,"minecraft:stripped_acacia_log":2,"minecraft:stone":163,"minecraft:blue_stained_glass":5,"minecraft:crafting_table":4,"graveyard:tg_deepslate_brick_stairs":10,"minecraft:torch":24,"minecraft:dropper":1,"minecraft:poppy":1,"minecraft:tall_grass":6,"minecraft:cobblestone":40,"jurassic_expansion:amber_ore":3,"graveyard:lying_skeleton":2,"minecraft:diorite":8,"minecraft:wall_torch":19,"minecraft:seagrass":1,"minecraft:birch_planks":5,"minecraft:bubble_coral":1,"minecraft:birch_log":2,"jurassic_expansion:fossil_ore":3,"minecraft:spruce_log":8,"graveyard:tg_deepslate_brick_slab":20,"graveyard:skull_pile":1,"minecraft:yellow_bed":1,"minecraft:grass":15,"minecraft:oak_log":10,"minecraft:coal_ore":23,"minecraft:gravel":4,"graveyard:leaning_skeleton":1,"minecraft:dirt":11,"minecraft:crimson_planks":1,"minecraft:tripwire_hook":1,"minecraft:dispenser":2,"minecraft:stone_bricks":1,"minecraft:redstone_lamp":1,"minecraft:piston":4,"graveyard:tg_cobbled_deepslate_stairs":10,"minecraft:oak_leaves":10,"minecraft:fern":5,"paraglider:goddess_statue":6},"minecraft:picked_up":{"minecraft:crafting_table":4,"relics:slime_heart":1,"iceandfire:witherbone":1,"minecraft:ladder":1,"minecraft:prismarine_shard":7,"minecraft:turtle_helmet":1,"minecraft:enchanted_book":2,"minecraft:crimson_planks":1,"iceandfire:sea_serpent_scales_blue":8,"relics:leather_belt":1,"paraglider:goddess_statue":6,"minecraft:string":14,"minecraft:dark_oak_trapdoor":6,"minecraft:smooth_stone":1,"minecraft:spruce_planks":8,"minecraft:beef":6,"create:zinc_ore":10,"minecraft:written_book":1,"minecraft:poppy":1,"minecraft:iron_pickaxe":1,"minecraft:chest":1,"minecraft:furnace":2,"minecraft:diamond_ore":1,"minecraft:tipped_arrow":2,"minecraft:sandstone":1,"minecraft:stick":3,"iceandfire:dragonbone":34,"iceandfire:deathworm_chitin_red":2,"minecraft:torch":57,"minecraft:porkchop":12,"tombstone:grave_dust":12,"minecraft:diorite":4,"minecraft:trident":1,"minecraft:redstone":4,"minecraft:dark_oak_planks":2,"useless_sword:alloy_sword":1,"graveyard:tg_cobbled_deepslate_slab":1,"minecraft:arrow":16,"minecraft:rotten_flesh":34,"minecraft:hay_block":12,"minecraft:totem_of_undying":1,"minecraft:gold_ingot":2,"tombstone:essence_of_undeath":1,"minecraft:obsidian":2,"minecraft:rail":2,"minecraft:cobblestone":201,"minecraft:birch_log":2,"minecraft:leather_chestplate":1,"iceandfire:sea_serpent_fang":6,"minecraft:water_bucket":1,"minecraft:leather":6,"minecraft:birch_planks":5,"alexsmobs:bear_fur":4,"paraglider:spirit_orb":16,"minecraft:flint":10,"relics:rune_of_love":2,"minecraft:oak_log":10,"minecraft:yellow_bed":1,"minecraft:gunpowder":41,"minecraft:dirt":3,"minecraft:leather_boots":1,"chococraft:chocobo_feather":2,"minecraft:bone":61,"create:copper_ore":20,"minecraft:bow":1,"minecraft:wheat_seeds":3,"minecraft:iron_ingot":177,"minecraft:iron_ore":124,"relics:infinity_ham":1,"minecraft:iron_sword":2,"minecraft:oak_planks":12,"minecraft:gravel":1,"iceandfire:dragon_skull_fire":2,"iceandfire:shiny_scales":5,"minecraft:stripped_spruce_log":14,"minecraft:spruce_sapling":1,"minecraft:spruce_log":8,"minecraft:spider_eye":5,"alexsmobs:rattlesnake_rattle":2,"graveyard:tg_deepslate_brick_slab":3,"minecraft:crossbow":1,"alexsmobs:tarantula_hawk_wing_fragment":2,"minecraft:bread":38,"minecraft:emerald":3,"alexsmobs:maggot":2,"minecraft:coal":23},"minecraft:used":{"minecraft:trident":50,"minecraft:stone_sword":12,"minecraft:shield":18,"minecraft:iron_sword":582,"minecraft:torch":57,"paraglider:goddess_statue":5,"minecraft:dirt":3,"useless_sword:molten_sword":40,"minecraft:dark_oak_planks":2,"minecraft:iron_axe":66,"minecraft:totem_of_undying":1,"minecraft:golden_carrot":22,"minecraft:bow":8,"minecraft:written_book":3,"minecraft:furnace":3,"tombstone:gift":1,"minecraft:potato":13,"create:copper_ore":4,"minecraft:water_bucket":14,"minecraft:iron_ore":3,"minecraft:birch_planks":5,"minecraft:oak_planks":3,"minecraft:stone_pickaxe":48,"useless_sword:magmatic_sword":1,"minecraft:wooden_pickaxe":16,"minecraft:crafting_table":9,"minecraft:bread":53,"minecraft:iron_pickaxe":413,"minecraft:stone_axe":7,"blue_skies:cooked_horizofin_tunid":1,"minecraft:cobblestone":151,"minecraft:cooked_porkchop":4,"minecraft:bucket":15},"minecraft:killed":{"mca:female_zombie_villager":1,"minecraft:evoker":1,"minecraft:cave_spider":3,"mca:male_zombie_villager":1,"minecraft:witch":6,"alexsmobs:tarantula_hawk":1,"minecraft:spider":7,"minecraft:vindicator":6,"alexsmobs:rattlesnake":2,"alexsmobs:gorilla":1,"minecraft:skeleton":25,"iceandfire:siren":1,"blue_skies:gatekeeper":1,"alexsmobs:centipede_head":1,"minecraft:drowned":10,"alexsmobs:frilled_shark":1,"minecraft:husk":5,"minecraft:pig":5,"graveyard:ghoul":1,"alexsmobs:grizzly_bear":2,"minecraft:creeper":2,"minecraft:sheep":1,"minecraft:pillager":23,"minecraft:zombie":16,"minecraft:stray":1,"alexsmobs:roadrunner":1,"alexsmobs:fly":1,"mca:female_villager":1,"minecraft:wither_skeleton":2,"iceandfire:sea_serpent":1,"minecraft:cow":5}},"DataVersion":2586}