{"stats":{"minecraft:picked_up":{"minecraft:crafting_table":9,"minecraft:wheat":2,"irons_spellbooks:tarnished_helmet":2,"minecraft:oak_stairs":10,"minecraft:chain":3,"bloomingnature:fan_palm_log":26,"minecraft:cornflower":2,"minecraft:string":5,"minecraft:iron_axe":1,"minecraft:iron_shovel":3,"minecraft:beetroot":1,"iceandfire:graveyard_soil":3,"irons_spellbooks:arcane_essence":1,"minecraft:gold_nugget":3,"minecraft:bucket":1,"minecraft:spruce_planks":9,"minecraft:beef":3,"minecraft:iron_nugget":2,"minecraft:sugar_cane":26,"minecraft:chest":4,"minecraft:birch_sapling":38,"bloomingnature:fan_palm_sprout":1,"minecraft:furnace":2,"minecraft:egg":3,"minecraft:stick":21,"minecraft:birch_trapdoor":1,"minecraft:torch":6,"minecraft:porkchop":3,"minecraft:cookie":1,"tombstone:grave_dust":4,"born_in_chaos_v1:pieceofdarkmetal":3,"minecraft:carrot":39,"minecraft:arrow":3,"minecraft:rotten_flesh":13,"minecraft:beetroot_seeds":4,"minecraft:jungle_stairs":1,"minecraft:iron_bars":1,"minecraft:cobblestone":34,"minecraft:birch_log":92,"born_in_chaos_v1:corpse_maggot":3,"minecraft:feather":4,"minecraft:birch_slab":1,"minecraft:leather":2,"minecraft:potato":1,"minecraft:birch_planks":3,"bloomingnature:genisteae":1,"iceandfire:ectoplasm":2,"minecraft:dirt":157,"artifacts:flippers":1,"hmag:evil_crystal_fragment":2,"minecraft:bone":24,"minecraft:apple":12,"minecraft:bow":1,"minecraft:wheat_seeds":15,"minecraft:iron_ingot":1,"minecraft:oak_planks":56,"minecraft:cooked_porkchop":3,"bloomingnature:fan_palm_planks":64,"hmag:soul_powder":4,"born_in_chaos_v1:ethereal_spirit":6,"minecraft:sand":95,"minecraft:birch_stairs":22,"minecraft:jungle_planks":1,"minecraft:spruce_sapling":42,"minecraft:spruce_log":102,"minecraft:white_bed":1,"minecraft:lily_of_the_valley":2,"minecraft:spider_eye":1,"minecraft:bone_meal":2,"alexsmobs:maggot":2,"born_in_chaos_v1:rotten_fish":5,"minecraft:coal":1,"bloomingnature:forest_moss":1},"minecraft:used":{"minecraft:beetroot":1,"minecraft:stone_sword":11,"minecraft:iron_shovel":792,"minecraft:stone_shovel":100,"minecraft:chest":8,"minecraft:spruce_planks":4,"minecraft:iron_sword":1110,"minecraft:wooden_shovel":10,"minecraft:cooked_salmon":3,"minecraft:iron_chestplate":1,"minecraft:torch":3,"minecraft:dirt":12,"minecraft:carrot":69,"minecraft:spruce_boat":2,"minecraft:wooden_axe":7,"minecraft:iron_axe":228,"minecraft:oak_stairs":100,"minecraft:birch_sapling":22,"minecraft:golden_carrot":4,"minecraft:furnace":4,"minecraft:cooked_cod":3,"tombstone:gift":2,"minecraft:egg":3,"minecraft:cooked_beef":3,"bloomingnature:fan_palm_planks":5,"minecraft:water_bucket":1,"bloomingnature:forest_moss":1,"minecraft:birch_planks":499,"minecraft:stone_pickaxe":2,"minecraft:oak_planks":337,"minecraft:wooden_pickaxe":17,"minecraft:sugar_cane":19,"minecraft:cookie":1,"minecraft:sand":17,"minecraft:crafting_table":12,"hmag:randomberry":2,"minecraft:white_bed":1,"minecraft:spruce_log":1,"minecraft:oak_log":43,"minecraft:wooden_hoe":52,"minecraft:apple":12,"bloomingnature:fan_palm_door":2,"minecraft:iron_pickaxe":30,"minecraft:birch_slab":6,"minecraft:spruce_sapling":1,"minecraft:stone_axe":138,"born_in_chaos_v1:rotten_fish":2,"minecraft:cooked_porkchop":3,"minecraft:bucket":2,"alexsmobs:animal_dictionary":1,"vinery:apple_tree_sapling":1,"minecraft:bone_meal":24,"minecraft:birch_stairs":305},"minecraft:killed_by":{"born_in_chaos_v1:nightmare_stalker":1,"realmrpg_demons:chort":1,"graveyard:ghoul":1,"minecraft:creeper":1,"minecraft:spider":1,"irons_spellbooks:summoned_zombie":1,"alexsmobs:bison":1,"born_in_chaos_v1:corpse_fish":1},"minecraft:dropped":{"minecraft:wheat_seeds":3,"bloomingnature:fan_palm_planks":64,"minecraft:cooked_porkchop":3,"minecraft:cobblestone":3,"minecraft:prismarine_crystals":3,"minecraft:jungle_planks":1,"artifacts:flippers":1,"irons_spellbooks:tarnished_helmet":1,"minecraft:stick":2,"minecraft:dirt":114,"minecraft:cornflower":2,"minecraft:chain":2,"minecraft:gold_nugget":64,"minecraft:bone_meal":2,"minecraft:iron_axe":1,"minecraft:iron_shovel":2,"minecraft:string":2,"minecraft:spruce_sapling":33,"minecraft:bone":16,"minecraft:wheat":2,"minecraft:rotten_flesh":2,"bloomingnature:genisteae":1,"minecraft:lily_of_the_valley":2,"minecraft:spruce_planks":8,"minecraft:jungle_stairs":1,"minecraft:beetroot_seeds":4,"minecraft:bow":1},"minecraft:crafted":{"minecraft:golden_carrot":4,"minecraft:oak_planks":576,"minecraft:stone_shovel":1,"minecraft:birch_slab":6,"minecraft:furnace":2,"minecraft:bone_meal":24,"minecraft:iron_axe":1,"minecraft:stone_pickaxe":1,"minecraft:chest":4,"minecraft:spruce_boat":2,"bloomingnature:fan_palm_door":3,"minecraft:stone_hoe":1,"minecraft:cooked_beef":3,"minecraft:wooden_shovel":1,"minecraft:cooked_porkchop":3,"minecraft:crafting_table":4,"minecraft:spruce_planks":284,"minecraft:wooden_pickaxe":1,"bloomingnature:fan_palm_planks":104,"minecraft:birch_planks":876,"minecraft:stone_axe":2,"minecraft:air":0,"minecraft:gold_nugget":99,"minecraft:iron_chestplate":1,"minecraft:wooden_hoe":1,"minecraft:charcoal":1,"minecraft:stick":32,"minecraft:iron_pickaxe":1,"minecraft:oak_stairs":196,"minecraft:wooden_axe":1,"minecraft:stone_sword":1,"minecraft:iron_shovel":2,"minecraft:torch":8,"minecraft:birch_stairs":372},"minecraft:custom":{"minecraft:mob_kills":58,"minecraft:interact_with_crafting_table":31,"minecraft:open_barrel":12,"minecraft:damage_dealt_resisted":110,"minecraft:leave_game":20,"minecraft:time_since_death":3955,"minecraft:climb_one_cm":527,"minecraft:sprint_one_cm":242393,"minecraft:walk_one_cm":699277,"minecraft:drop":51,"minecraft:play_time":244784,"minecraft:sneak_time":9517,"minecraft:deaths":14,"minecraft:walk_under_water_one_cm":17437,"minecraft:boat_one_cm":422231,"minecraft:jump":2944,"minecraft:walk_on_water_one_cm":40840,"minecraft:total_world_time":244784,"minecraft:interact_with_furnace":11,"minecraft:sleep_in_bed":8,"minecraft:time_since_rest":3808,"minecraft:damage_taken":5916,"minecraft:trigger_trapped_chest":3,"minecraft:damage_dealt":12736,"minecraft:swim_one_cm":65782,"minecraft:fly_one_cm":524839,"minecraft:open_chest":74,"minecraft:crouch_one_cm":43671,"tombstone:undead_killed":28,"minecraft:fall_one_cm":55132},"minecraft:mined":{"minecraft:white_bed":1,"iceandfire:graveyard_soil":3,"minecraft:grass_block":482,"minecraft:jungle_planks":1,"bloomingnature:genisteae":20,"minecraft:birch_slab":2,"minecraft:spruce_leaves":15,"minecraft:oxeye_daisy":1,"minecraft:spawner":2,"minecraft:large_fern":5,"minecraft:tall_seagrass":4,"bloomingnature:forest_moss":1,"minecraft:furnace":2,"minecraft:carrots":9,"treechop:chopped_log":27,"minecraft:iron_bars":1,"minecraft:vine":2,"minecraft:oak_stairs":10,"bloomingnature:bluebell":9,"minecraft:stone":31,"minecraft:spruce_slab":1,"minecraft:birch_stairs":25,"born_in_chaos_v1:marigolds":1,"minecraft:lily_of_the_valley":10,"minecraft:crafting_table":10,"minecraft:cornflower":9,"minecraft:torch":1,"minecraft:jungle_stairs":1,"minecraft:chest":4,"bloomingnature:foxglove_white":6,"minecraft:tall_grass":246,"minecraft:sugar_cane":13,"minecraft:oak_planks":56,"minecraft:wall_torch":2,"minecraft:seagrass":1,"farmersdelight:wild_beetroots":4,"minecraft:birch_planks":4,"farmersdelight:sandy_shrub":1,"minecraft:birch_log":1,"minecraft:birch_trapdoor":2,"minecraft:spruce_log":3,"minecraft:birch_leaves":1,"born_in_chaos_v1:river_mint":3,"minecraft:grass":979,"minecraft:coal_ore":1,"minecraft:sand":119,"minecraft:dirt":62,"vinery:apple_leaves":3,"minecraft:fern":6},"minecraft:broken":{"minecraft:iron_shovel":2,"minecraft:iron_axe":1},"minecraft:killed":{"irons_spellbooks:summoned_zombie":6,"born_in_chaos_v1:restless_spirit":5,"born_in_chaos_v1:door_knight_not_despawn":1,"minecraft:spider":4,"alexsmobs:seagull":1,"born_in_chaos_v1:maggot":6,"minecraft:skeleton":2,"hmag:zombie_girl":1,"realmrpg_demons:chort":1,"born_in_chaos_v1:corpse_fish":4,"irons_spellbooks:summoned_skeleton":1,"hmag:harpy":1,"born_in_chaos_v1:fallen_chaos_knight":1,"hmag:ghost":2,"minecraft:pig":2,"graveyard:ghoul":2,"irons_spellbooks:necromancer":2,"born_in_chaos_v1:decrepit_skeleton":2,"born_in_chaos_v1:bloody_gadfly":1,"minecraft:zombie":5,"iceandfire:ghost":5,"born_in_chaos_v1:corpse_fly":1,"alexsmobs:fly":1,"minecraft:cow":1}},"DataVersion":3465}