{"stats":{"minecraft:picked_up":{"minecraft:stick":6,"minecraft:crafting_table":3,"minecraft:birch_slab":1,"hmag:soul_powder":2,"minecraft:sand":5,"minecraft:spruce_sapling":8,"minecraft:spruce_log":35,"minecraft:dirt":7,"minecraft:beetroot":1,"minecraft:beetroot_seeds":4,"born_in_chaos_v1:rotten_fish":1,"minecraft:sugar_cane":7,"minecraft:coal":1,"minecraft:cobblestone":11},"minecraft:killed":{"hmag:ghost":1,"born_in_chaos_v1:corpse_fish":1},"minecraft:crafted":{"minecraft:crafting_table":1,"minecraft:spruce_planks":28,"minecraft:stick":12,"minecraft:wooden_pickaxe":1,"minecraft:stone_pickaxe":1,"minecraft:wooden_axe":1,"minecraft:stone_sword":1,"minecraft:spruce_boat":1,"minecraft:torch":4,"minecraft:stone_hoe":1,"minecraft:stone_axe":1},"minecraft:mined":{"farmersdelight:wild_beetroots":4,"minecraft:spruce_log":2,"treechop:chopped_log":7,"minecraft:crafting_table":3,"minecraft:grass":2,"minecraft:grass_block":3,"minecraft:coal_ore":1,"minecraft:sand":5,"minecraft:dirt":4,"minecraft:birch_slab":1,"minecraft:spruce_leaves":2,"minecraft:stone":11,"minecraft:sugar_cane":3,"minecraft:fern":1},"minecraft:dropped":{"minecraft:beetroot_seeds":4},"minecraft:custom":{"minecraft:time_since_rest":25514,"minecraft:sprint_one_cm":7909,"minecraft:damage_taken":120,"minecraft:walk_one_cm":28137,"minecraft:mob_kills":2,"minecraft:drop":4,"minecraft:damage_dealt":210,"minecraft:swim_one_cm":4024,"minecraft:interact_with_crafting_table":4,"minecraft:fly_one_cm":16800,"minecraft:open_chest":2,"minecraft:crouch_one_cm":2578,"minecraft:play_time":25514,"minecraft:sneak_time":627,"minecraft:walk_under_water_one_cm":3653,"minecraft:boat_one_cm":117495,"minecraft:jump":116,"minecraft:walk_on_water_one_cm":3260,"minecraft:leave_game":3,"minecraft:time_since_death":25514,"minecraft:total_world_time":25514,"minecraft:fall_one_cm":1999},"minecraft:used":{"minecraft:spruce_boat":1,"minecraft:wooden_axe":7,"minecraft:stone_sword":3,"minecraft:stone_pickaxe":2,"minecraft:wooden_pickaxe":17,"minecraft:stone_axe":28,"born_in_chaos_v1:rotten_fish":1,"minecraft:crafting_table":3,"alexsmobs:animal_dictionary":1}},"DataVersion":3465}