{"stats":{"minecraft:picked_up":{"minecraft:crafting_table":7,"minecraft:feather":2,"minecraft:birch_slab":1,"minecraft:leather":2,"minecraft:chain":3,"bloomingnature:fan_palm_log":26,"minecraft:string":3,"minecraft:dirt":15,"minecraft:bone":4,"minecraft:beetroot":1,"minecraft:bucket":1,"minecraft:spruce_planks":1,"minecraft:beef":3,"minecraft:sugar_cane":23,"bloomingnature:fan_palm_sprout":1,"minecraft:furnace":1,"minecraft:stick":12,"hmag:soul_powder":4,"born_in_chaos_v1:ethereal_spirit":6,"minecraft:jungle_planks":1,"minecraft:sand":95,"minecraft:porkchop":3,"minecraft:spruce_sapling":39,"born_in_chaos_v1:pieceofdarkmetal":3,"minecraft:spruce_log":102,"minecraft:spider_eye":1,"minecraft:rotten_flesh":7,"minecraft:beetroot_seeds":4,"minecraft:jungle_stairs":1,"minecraft:bone_meal":2,"born_in_chaos_v1:rotten_fish":4,"minecraft:coal":1,"minecraft:cobblestone":29},"minecraft:crafted":{"minecraft:cooked_beef":3,"minecraft:wooden_shovel":1,"minecraft:stone_shovel":1,"minecraft:cooked_porkchop":3,"minecraft:crafting_table":2,"minecraft:spruce_planks":56,"minecraft:wooden_pickaxe":1,"minecraft:furnace":1,"minecraft:stone_axe":1,"minecraft:air":0,"minecraft:iron_chestplate":1,"minecraft:iron_axe":1,"minecraft:stick":20,"minecraft:iron_pickaxe":1,"minecraft:stone_pickaxe":1,"minecraft:wooden_axe":1,"minecraft:stone_sword":1,"minecraft:iron_shovel":1,"minecraft:spruce_boat":2,"minecraft:torch":4,"minecraft:stone_hoe":1},"minecraft:custom":{"minecraft:interact_with_furnace":9,"minecraft:mob_kills":22,"minecraft:interact_with_crafting_table":14,"minecraft:open_barrel":12,"minecraft:leave_game":8,"minecraft:time_since_death":10390,"minecraft:time_since_rest":9433,"minecraft:sprint_one_cm":55918,"minecraft:damage_taken":1269,"minecraft:walk_one_cm":151414,"minecraft:drop":9,"minecraft:damage_dealt":4451,"minecraft:swim_one_cm":11876,"minecraft:fly_one_cm":94822,"minecraft:open_chest":14,"minecraft:crouch_one_cm":10201,"minecraft:play_time":87778,"tombstone:undead_killed":4,"minecraft:deaths":3,"minecraft:sneak_time":2478,"minecraft:walk_under_water_one_cm":5509,"minecraft:boat_one_cm":370877,"minecraft:jump":794,"minecraft:walk_on_water_one_cm":9176,"minecraft:total_world_time":87778,"minecraft:fall_one_cm":16513},"minecraft:used":{"minecraft:beetroot":1,"minecraft:stone_sword":11,"minecraft:stone_pickaxe":2,"minecraft:stone_shovel":100,"minecraft:wooden_pickaxe":17,"minecraft:iron_sword":49,"minecraft:wooden_shovel":10,"minecraft:cooked_salmon":3,"minecraft:iron_chestplate":1,"minecraft:sand":17,"minecraft:dirt":7,"minecraft:crafting_table":8,"minecraft:spruce_log":1,"minecraft:spruce_boat":2,"minecraft:wooden_axe":7,"minecraft:iron_axe":113,"minecraft:iron_pickaxe":21,"minecraft:stone_axe":31,"born_in_chaos_v1:rotten_fish":1,"minecraft:furnace":2,"minecraft:cooked_cod":3,"alexsmobs:animal_dictionary":1,"minecraft:cooked_beef":2},"minecraft:dropped":{"minecraft:jungle_planks":1,"minecraft:dirt":2,"minecraft:jungle_stairs":1,"minecraft:beetroot_seeds":4,"minecraft:chain":2,"minecraft:bone_meal":2},"minecraft:killed_by":{"graveyard:ghoul":1,"minecraft:spider":1,"born_in_chaos_v1:corpse_fish":1},"minecraft:mined":{"minecraft:crafting_table":7,"minecraft:jungle_stairs":1,"minecraft:grass_block":5,"minecraft:jungle_planks":1,"minecraft:tall_grass":2,"minecraft:birch_slab":1,"minecraft:spruce_leaves":14,"minecraft:sugar_cane":10,"minecraft:spawner":2,"farmersdelight:wild_beetroots":4,"farmersdelight:sandy_shrub":1,"minecraft:furnace":1,"minecraft:spruce_log":3,"treechop:chopped_log":20,"minecraft:grass":2,"minecraft:coal_ore":1,"minecraft:dirt":10,"minecraft:sand":119,"minecraft:stone":29,"minecraft:spruce_slab":1,"minecraft:fern":3},"minecraft:killed":{"born_in_chaos_v1:fallen_chaos_knight":1,"hmag:ghost":2,"minecraft:pig":2,"born_in_chaos_v1:restless_spirit":5,"born_in_chaos_v1:door_knight_not_despawn":1,"minecraft:spider":3,"alexsmobs:seagull":1,"born_in_chaos_v1:decrepit_skeleton":2,"born_in_chaos_v1:corpse_fish":4,"minecraft:cow":1}},"DataVersion":3465}