{"stats":{"minecraft:killed":{"minecraft:cave_spider":3,"minecraft:pig":5,"minecraft:vindicator":5,"minecraft:spider":3,"minecraft:creeper":1,"minecraft:skeleton":10,"minecraft:pillager":10,"minecraft:zombie":2,"iceandfire:siren":1,"mca:female_villager":1,"minecraft:drowned":2,"alexsmobs:centipede_head":1,"minecraft:wither_skeleton":1,"alexsmobs:frilled_shark":1,"minecraft:cow":1},"minecraft:mined":{"create:zinc_ore":10,"minecraft:spruce_planks":1,"minecraft:crafting_table":3,"minecraft:torch":4,"minecraft:granite":8,"minecraft:spruce_fence":1,"minecraft:grass_block":1,"minecraft:poppy":1,"minecraft:cobblestone":30,"minecraft:spruce_leaves":6,"jurassic_expansion:amber_ore":3,"graveyard:lying_skeleton":1,"minecraft:diorite":8,"minecraft:wall_torch":7,"minecraft:spawner":1,"minecraft:hay_block":7,"minecraft:redstone_ore":2,"minecraft:birch_log":2,"minecraft:furnace":2,"iceandfire:copper_ore":1,"jurassic_expansion:fossil_ore":3,"minecraft:iron_ore":56,"minecraft:andesite":5,"create:copper_ore":20,"minecraft:peony":1,"minecraft:yellow_bed":1,"minecraft:grass":6,"minecraft:oak_log":6,"minecraft:coal_ore":23,"minecraft:rail":1,"minecraft:crimson_planks":1,"minecraft:gravel":4,"graveyard:leaning_skeleton":1,"minecraft:dirt":1,"minecraft:stripped_acacia_log":2,"minecraft:tripwire_hook":1,"minecraft:stone":121,"paraglider:goddess_statue":1,"minecraft:oak_leaves":4},"minecraft:used":{"minecraft:trident":3,"minecraft:iron_ore":3,"minecraft:stone_sword":12,"minecraft:stone_pickaxe":48,"minecraft:oak_planks":3,"minecraft:shield":16,"minecraft:wooden_pickaxe":16,"minecraft:iron_sword":159,"minecraft:torch":13,"useless_sword:molten_sword":34,"minecraft:crafting_table":5,"minecraft:bread":24,"minecraft:iron_axe":45,"minecraft:iron_pickaxe":247,"blue_skies:cooked_horizofin_tunid":1,"minecraft:stone_axe":7,"minecraft:cobblestone":112,"minecraft:cooked_porkchop":4,"minecraft:furnace":3,"minecraft:potato":13,"create:copper_ore":4},"minecraft:dropped":{"minecraft:gravel":1,"minecraft:iron_ingot":53,"minecraft:bread":1,"minecraft:prismarine_shard":7,"minecraft:oak_planks":15,"minecraft:cobblestone":12,"minecraft:rail":2,"minecraft:stick":9,"relics:slime_heart":1,"minecraft:diorite":4,"iceandfire:silver_ingot":7,"minecraft:leather_boots":2,"tombstone:grave_dust":6,"minecraft:iron_ore":69,"useless_sword:alloy_sword":1,"minecraft:bone":10,"minecraft:crimson_planks":1},"minecraft:custom":{"minecraft:interact_with_smithing_table":1,"minecraft:interact_with_furnace":35,"minecraft:mob_kills":48,"tombstone:raider_killed":15,"minecraft:interact_with_crafting_table":30,"minecraft:open_barrel":21,"minecraft:play_one_minute":91647,"minecraft:damage_dealt_resisted":1945,"minecraft:leave_game":4,"minecraft:time_since_death":91647,"minecraft:climb_one_cm":450,"minecraft:time_since_rest":91647,"minecraft:sprint_one_cm":96020,"minecraft:damage_taken":2692,"minecraft:walk_one_cm":227695,"minecraft:damage_blocked_by_shield":1105,"minecraft:drop":26,"minecraft:damage_dealt":12022,"minecraft:swim_one_cm":52710,"minecraft:talked_to_villager":2,"minecraft:fly_one_cm":148522,"minecraft:open_chest":18,"minecraft:crouch_one_cm":11924,"tombstone:undead_killed":15,"minecraft:walk_under_water_one_cm":61549,"minecraft:sneak_time":3148,"tombstone:villager_killed":1,"minecraft:boat_one_cm":90032,"minecraft:jump":1658,"minecraft:walk_on_water_one_cm":24008,"minecraft:inspect_dispenser":1,"minecraft:fall_one_cm":23764},"minecraft:picked_up":{"minecraft:birch_log":2,"minecraft:crafting_table":3,"minecraft:leather_chestplate":1,"relics:slime_heart":1,"minecraft:prismarine_shard":7,"minecraft:turtle_helmet":1,"minecraft:flint":2,"minecraft:oak_log":7,"minecraft:crimson_planks":1,"minecraft:yellow_bed":1,"paraglider:goddess_statue":1,"minecraft:leather_boots":1,"minecraft:bone":26,"create:copper_ore":20,"minecraft:iron_ingot":113,"relics:infinity_ham":1,"minecraft:iron_ore":124,"create:zinc_ore":10,"minecraft:poppy":1,"minecraft:oak_planks":12,"minecraft:furnace":2,"minecraft:torch":11,"minecraft:gravel":1,"iceandfire:shiny_scales":5,"minecraft:porkchop":12,"minecraft:spruce_sapling":1,"tombstone:grave_dust":6,"minecraft:diorite":4,"minecraft:trident":1,"minecraft:spider_eye":2,"useless_sword:alloy_sword":1,"minecraft:arrow":2,"minecraft:rotten_flesh":2,"minecraft:hay_block":11,"minecraft:emerald":1,"minecraft:bread":38,"minecraft:coal":23,"minecraft:rail":2,"minecraft:cobblestone":159},"minecraft:crafted":{"minecraft:red_dye":1,"minecraft:oak_planks":28,"minecraft:cooked_porkchop":4,"minecraft:crafting_table":2,"minecraft:wooden_pickaxe":1,"minecraft:iron_helmet":1,"minecraft:iron_sword":1,"minecraft:furnace":2,"minecraft:birch_planks":8,"minecraft:stone_axe":1,"minecraft:bread":33,"minecraft:air":0,"minecraft:iron_boots":1,"minecraft:iron_chestplate":1,"minecraft:shield":1,"minecraft:iron_axe":1,"minecraft:stick":24,"minecraft:iron_ingot":34,"minecraft:iron_pickaxe":2,"minecraft:stone_pickaxe":1,"minecraft:stone_sword":1,"minecraft:iron_leggings":1,"minecraft:torch":4,"minecraft:wheat":99}},"DataVersion":2586}