{"stats":{"minecraft:killed":{"minecraft:cave_spider":3,"minecraft:pig":5,"minecraft:spider":2,"minecraft:creeper":1,"minecraft:skeleton":9,"minecraft:zombie":2,"alexsmobs:centipede_head":1,"minecraft:cow":1},"minecraft:mined":{"create:zinc_ore":10,"minecraft:crafting_table":3,"minecraft:torch":4,"minecraft:granite":8,"minecraft:grass_block":1,"minecraft:poppy":1,"minecraft:cobblestone":30,"minecraft:spruce_leaves":6,"jurassic_expansion:amber_ore":3,"graveyard:lying_skeleton":1,"minecraft:diorite":8,"minecraft:wall_torch":7,"minecraft:hay_block":7,"minecraft:redstone_ore":2,"minecraft:furnace":2,"iceandfire:copper_ore":1,"jurassic_expansion:fossil_ore":3,"minecraft:iron_ore":56,"minecraft:andesite":5,"create:copper_ore":20,"minecraft:yellow_bed":1,"minecraft:grass":6,"minecraft:oak_log":2,"minecraft:coal_ore":23,"minecraft:rail":1,"minecraft:gravel":4,"graveyard:leaning_skeleton":1,"minecraft:dirt":1,"minecraft:stone":119,"minecraft:oak_leaves":1},"minecraft:used":{"minecraft:iron_ore":3,"minecraft:stone_sword":12,"minecraft:stone_pickaxe":48,"minecraft:wooden_pickaxe":16,"minecraft:iron_sword":50,"minecraft:torch":13,"minecraft:crafting_table":3,"minecraft:bread":15,"minecraft:iron_axe":8,"minecraft:iron_pickaxe":241,"minecraft:stone_axe":7,"minecraft:cobblestone":112,"minecraft:furnace":3,"minecraft:potato":9,"create:copper_ore":3},"minecraft:custom":{"minecraft:interact_with_furnace":35,"minecraft:mob_kills":25,"minecraft:interact_with_crafting_table":28,"minecraft:play_one_minute":56191,"minecraft:leave_game":4,"minecraft:time_since_death":56191,"minecraft:time_since_rest":56191,"minecraft:sprint_one_cm":54242,"minecraft:damage_taken":1140,"minecraft:walk_one_cm":158774,"minecraft:drop":11,"minecraft:damage_dealt":4237,"minecraft:talked_to_villager":2,"minecraft:fly_one_cm":59220,"minecraft:open_chest":3,"minecraft:crouch_one_cm":8945,"tombstone:undead_killed":11,"minecraft:walk_under_water_one_cm":1526,"minecraft:sneak_time":2130,"minecraft:jump":689,"minecraft:walk_on_water_one_cm":3423,"minecraft:fall_one_cm":12357},"minecraft:dropped":{"minecraft:gravel":1,"minecraft:cobblestone":12,"minecraft:rail":2,"minecraft:stick":3,"relics:slime_heart":1,"minecraft:diorite":4,"minecraft:iron_ore":69},"minecraft:picked_up":{"minecraft:crafting_table":3,"relics:slime_heart":1,"minecraft:flint":2,"minecraft:oak_log":3,"minecraft:yellow_bed":1,"minecraft:bone":14,"create:copper_ore":20,"minecraft:iron_ingot":3,"minecraft:iron_ore":124,"create:zinc_ore":10,"minecraft:poppy":1,"minecraft:furnace":2,"minecraft:torch":11,"minecraft:gravel":1,"minecraft:porkchop":12,"minecraft:spruce_sapling":1,"tombstone:grave_dust":2,"minecraft:diorite":4,"minecraft:spider_eye":2,"minecraft:arrow":2,"minecraft:rotten_flesh":2,"minecraft:hay_block":11,"minecraft:bread":38,"minecraft:coal":23,"minecraft:rail":2,"minecraft:cobblestone":158},"minecraft:crafted":{"minecraft:red_dye":1,"minecraft:oak_planks":12,"minecraft:cooked_porkchop":4,"minecraft:wooden_pickaxe":1,"minecraft:iron_helmet":1,"minecraft:iron_sword":1,"minecraft:furnace":2,"minecraft:stone_axe":1,"minecraft:bread":33,"minecraft:air":0,"minecraft:iron_boots":1,"minecraft:iron_chestplate":1,"minecraft:iron_axe":1,"minecraft:stick":16,"minecraft:iron_ingot":34,"minecraft:iron_pickaxe":1,"minecraft:stone_pickaxe":1,"minecraft:stone_sword":1,"minecraft:iron_leggings":1,"minecraft:torch":4,"minecraft:wheat":99}},"DataVersion":2586}