{"stats":{"minecraft:picked_up":{"minecraft:wheat":2,"minecraft:flower_pot":2,"minecraft:oak_stairs":10,"minecraft:enchanted_book":1,"minecraft:potion":2,"bloomingnature:fan_palm_log":26,"born_in_chaos_v1:black_argillite":6,"iceandfire:manuscript":10,"minecraft:string":8,"minecraft:beetroot":1,"irons_spellbooks:arcane_essence":2,"minecraft:gold_nugget":11,"minecraft:cobbled_deepslate":92,"minecraft:bucket":1,"minecraft:spruce_planks":243,"born_in_chaos_v1:stimulating_decoction":1,"minecraft:furnace":3,"minecraft:tipped_arrow":2,"minecraft:stick":36,"born_in_chaos_v1:shattered_skull":1,"minecraft:birch_trapdoor":2,"minecraft:torch":40,"minecraft:porkchop":3,"tombstone:grave_dust":25,"minecraft:rotten_flesh":23,"ars_nouveau:worn_notebook":1,"minecraft:iron_block":1,"tombstone:scroll_of_aquatic_life":1,"minecraft:iron_bars":2,"minecraft:cobblestone":109,"minecraft:birch_log":93,"minecraft:feather":8,"born_in_chaos_v1:spiritual_dust":10,"minecraft:birch_slab":1,"minecraft:andesite":2,"minecraft:black_bed":1,"minecraft:potato":2,"paraglider:spirit_orb":14,"travelersbackpack:ocelot":1,"minecraft:tuff":13,"minecraft:lapis_lazuli":33,"artifacts:flippers":1,"minecraft:dirt":208,"minecraft:lantern":2,"hmag:evil_crystal_fragment":2,"minecraft:bone":48,"minecraft:bow":1,"minecraft:wheat_seeds":32,"minecraft:raw_gold":37,"tombstone:scroll_of_reach":1,"minecraft:oak_planks":60,"bloomingnature:fan_palm_door":1,"irons_spellbooks:frozen_bone":18,"minecraft:cooked_porkchop":3,"hmag:soul_powder":6,"patchouli:guide_book":1,"minecraft:jungle_planks":1,"minecraft:sand":95,"minecraft:lily_of_the_valley":2,"alexsmobs:animal_dictionary":1,"minecraft:bundle":1,"minecraft:diamond":8,"minecraft:granite":5,"minecraft:bone_meal":2,"minecraft:emerald":3,"alexsmobs:maggot":2,"born_in_chaos_v1:rotten_fish":5,"iceandfire:raw_silver":5,"born_in_chaos_v1:diamond_termite_shard":3,"minecraft:crafting_table":10,"irons_spellbooks:tarnished_helmet":2,"born_in_chaos_v1:seedof_chaos":2,"minecraft:chain":4,"minecraft:cornflower":2,"minecraft:iron_axe":1,"minecraft:iron_shovel":3,"iceandfire:graveyard_soil":6,"tombstone:scroll_of_unstable_intangibility":1,"graveyard:gravestone":1,"minecraft:beef":3,"minecraft:iron_nugget":4,"minecraft:sugar_cane":33,"minecraft:chest":6,"minecraft:birch_sapling":38,"bloomingnature:fan_palm_sprout":2,"minecraft:egg":3,"minecraft:raw_iron":34,"minecraft:cookie":1,"born_in_chaos_v1:pieceofdarkmetal":4,"minecraft:carrot":217,"minecraft:dark_oak_planks":2,"minecraft:arrow":18,"minecraft:beetroot_seeds":4,"minecraft:jungle_stairs":1,"minecraft:skeleton_skull":1,"born_in_chaos_v1:corpse_maggot":4,"minecraft:golden_carrot":1,"minecraft:leather":15,"minecraft:birch_planks":28,"minecraft:crimson_fungus":2,"bloomingnature:genisteae":1,"iceandfire:ectoplasm":6,"minecraft:wooden_hoe":1,"irons_spellbooks:common_ink":1,"minecraft:red_carpet":1,"minecraft:coast_armor_trim_smithing_template":2,"bloomingnature:foxglove_white":1,"minecraft:apple":16,"alexsmobs:cockroach_wing_fragment":2,"minecraft:heart_of_the_sea":1,"minecraft:iron_ingot":2,"born_in_chaos_v1:smoked_flesh":3,"minecraft:dark_oak_slab":6,"born_in_chaos_v1:death_totem":3,"bloomingnature:fan_palm_planks":64,"born_in_chaos_v1:orbofthe_summoner":1,"born_in_chaos_v1:ethereal_spirit":12,"minecraft:birch_stairs":26,"minecraft:blast_furnace":1,"minecraft:spruce_sapling":42,"minecraft:white_bed":1,"minecraft:spruce_log":102,"minecraft:spider_eye":3,"useless_sword:vex_ectoplasm":1,"bloomingnature:forest_moss":1,"minecraft:coal":5},"minecraft:used":{"minecraft:beetroot":1,"minecraft:iron_shovel":792,"minecraft:chest":13,"minecraft:iron_sword":1286,"minecraft:iron_chestplate":1,"minecraft:carrot":135,"minecraft:spruce_boat":3,"born_in_chaos_v1:corpse_maggot":4,"minecraft:birch_sapling":22,"minecraft:iron_helmet":2,"minecraft:furnace":5,"minecraft:cooked_cod":3,"minecraft:egg":3,"bloomingnature:fan_palm_planks":5,"minecraft:stone_pickaxe":2,"minecraft:oak_planks":337,"minecraft:wooden_pickaxe":17,"irons_spellbooks:tarnished_helmet":2,"minecraft:sugar_cane":19,"minecraft:cookie":1,"minecraft:sand":17,"minecraft:blast_furnace":1,"hmag:randomberry":2,"minecraft:black_bed":1,"bloomingnature:fan_palm_door":2,"minecraft:birch_slab":6,"minecraft:bread":3,"born_in_chaos_v1:rotten_fish":2,"minecraft:bone_meal":88,"born_in_chaos_v1:dark_ritual_dagger":28,"minecraft:stone_sword":11,"minecraft:stone_shovel":100,"minecraft:spruce_planks":4,"minecraft:wooden_shovel":10,"minecraft:cooked_salmon":3,"minecraft:torch":22,"minecraft:dirt":21,"ars_nouveau:bastion_pod":10,"minecraft:granite":5,"hmag:soul_apple":1,"minecraft:wooden_axe":7,"minecraft:dark_oak_planks":2,"alexsmobs:maggot":2,"minecraft:iron_axe":237,"minecraft:oak_stairs":100,"minecraft:golden_carrot":13,"tombstone:gift":3,"minecraft:cooked_beef":3,"minecraft:water_bucket":9,"tombstone:scroll_of_knowledge":1,"tombstone:scroll_of_reach":1,"bloomingnature:forest_moss":1,"minecraft:birch_planks":533,"minecraft:crafting_table":16,"minecraft:white_bed":1,"minecraft:spruce_log":1,"minecraft:oak_log":43,"minecraft:wooden_hoe":52,"minecraft:apple":12,"minecraft:iron_pickaxe":314,"minecraft:spruce_sapling":1,"minecraft:stone_axe":155,"minecraft:cobblestone":1,"minecraft:cooked_porkchop":3,"minecraft:bucket":13,"alexsmobs:animal_dictionary":1,"vinery:apple_tree_sapling":1,"minecraft:birch_stairs":305},"minecraft:killed_by":{"born_in_chaos_v1:nightmare_stalker":1,"minecraft:creeper":1,"irons_spellbooks:summoned_zombie":1,"realmrpg_demons:chort":1,"graveyard:ghoul":1,"minecraft:spider":1,"alexsmobs:bison":1,"born_in_chaos_v1:corpse_fish":1},"minecraft:crafted":{"minecraft:smooth_stone":3,"minecraft:oak_planks":576,"minecraft:birch_slab":6,"minecraft:stone":3,"born_in_chaos_v1:dark_metal_ingot":3,"born_in_chaos_v1:dark_ritual_dagger":1,"minecraft:iron_boots":1,"tombstone:grave_key":1,"minecraft:chest":9,"minecraft:stone_hoe":1,"born_in_chaos_v1:pileof_dark_metal":2,"minecraft:wooden_shovel":1,"minecraft:cooked_porkchop":3,"minecraft:crafting_table":8,"minecraft:spruce_planks":284,"farmersdelight:iron_knife":1,"hmag:soul_powder":4,"minecraft:wooden_pickaxe":1,"bloomingnature:fan_palm_planks":104,"minecraft:birch_planks":876,"minecraft:wooden_hoe":1,"minecraft:iron_chestplate":1,"minecraft:charcoal":1,"minecraft:stick":44,"minecraft:iron_ingot":43,"minecraft:iron_pickaxe":2,"minecraft:stone_sword":1,"minecraft:gold_ingot":18,"minecraft:birch_stairs":372,"minecraft:golden_carrot":55,"minecraft:stone_shovel":1,"born_in_chaos_v1:nightmare_mantleofthe_night_boots":1,"minecraft:furnace":3,"minecraft:blast_furnace":1,"minecraft:bone_meal":96,"ars_nouveau:novice_spell_book":1,"born_in_chaos_v1:bone_handle":2,"minecraft:iron_axe":3,"minecraft:stone_pickaxe":1,"minecraft:spruce_boat":3,"bloomingnature:fan_palm_door":3,"minecraft:cooked_beef":3,"minecraft:iron_sword":2,"minecraft:stone_axe":2,"minecraft:bread":3,"minecraft:air":0,"minecraft:golden_apple":1,"minecraft:gold_nugget":445,"hmag:soul_apple":1,"minecraft:wooden_axe":1,"minecraft:oak_stairs":196,"minecraft:iron_shovel":3,"minecraft:iron_leggings":1,"minecraft:torch":16},"minecraft:dropped":{"iceandfire:raw_silver":5,"minecraft:birch_planks":7,"bloomingnature:fan_palm_planks":64,"minecraft:cooked_porkchop":3,"minecraft:dark_oak_slab":6,"minecraft:jungle_planks":1,"artifacts:flippers":1,"irons_spellbooks:tarnished_helmet":1,"minecraft:red_carpet":1,"minecraft:dirt":138,"minecraft:cornflower":2,"minecraft:chain":2,"minecraft:gold_nugget":64,"minecraft:bone_meal":2,"minecraft:bone":18,"minecraft:wheat":3,"minecraft:rotten_flesh":2,"minecraft:oak_planks":2,"bloomingnature:genisteae":1,"minecraft:tipped_arrow":2,"minecraft:jungle_stairs":1,"minecraft:beetroot_seeds":4,"minecraft:arrow":4,"born_in_chaos_v1:shattered_skull":1,"minecraft:wheat_seeds":3,"minecraft:cobblestone":6,"minecraft:prismarine_crystals":3,"minecraft:coal":1,"minecraft:stick":14,"born_in_chaos_v1:black_argillite":6,"minecraft:golden_carrot":2,"tombstone:grave_dust":4,"minecraft:iron_axe":1,"minecraft:iron_shovel":2,"minecraft:string":2,"irons_spellbooks:frozen_bone":10,"minecraft:spruce_sapling":33,"minecraft:tuff":13,"minecraft:lily_of_the_valley":2,"alexsmobs:cockroach_wing_fragment":1,"minecraft:spruce_planks":8,"minecraft:andesite":2,"minecraft:spider_eye":2,"minecraft:bow":1},"minecraft:custom":{"minecraft:interact_with_crafting_table":60,"minecraft:open_barrel":18,"goblintraders:trade_with_goblin":6,"minecraft:leave_game":21,"minecraft:time_since_death":30803,"minecraft:sprint_one_cm":338364,"minecraft:drop":89,"minecraft:play_time":376470,"minecraft:deaths":22,"minecraft:jump":4328,"minecraft:interact_with_brewingstand":1,"minecraft:walk_on_water_one_cm":78498,"minecraft:interact_with_furnace":26,"minecraft:sleep_in_bed":11,"minecraft:damage_dealt":23879,"minecraft:crouch_one_cm":52213,"tombstone:undead_killed":73,"minecraft:mob_kills":115,"minecraft:damage_dealt_resisted":1331,"minecraft:climb_one_cm":527,"minecraft:walk_one_cm":980720,"minecraft:sneak_time":13974,"minecraft:walk_under_water_one_cm":77752,"minecraft:boat_one_cm":429238,"minecraft:interact_with_blast_furnace":3,"minecraft:total_world_time":376470,"minecraft:time_since_rest":30657,"minecraft:damage_taken":9681,"minecraft:trigger_trapped_chest":3,"tombstone:cast_on_ally":0,"minecraft:swim_one_cm":220320,"minecraft:fly_one_cm":772646,"minecraft:open_chest":160,"minecraft:fall_one_cm":74818},"minecraft:mined":{"minecraft:white_bed":1,"iceandfire:graveyard_soil":3,"minecraft:potted_crimson_fungus":1,"minecraft:granite":5,"minecraft:grass_block":482,"bloomingnature:genisteae":20,"minecraft:oxeye_daisy":1,"minecraft:spawner":9,"minecraft:tall_seagrass":4,"minecraft:iron_ore":15,"minecraft:deepslate_lapis_ore":6,"minecraft:oak_stairs":10,"minecraft:iron_bars":1,"minecraft:iron_block":1,"minecraft:spruce_slab":1,"minecraft:torch":3,"minecraft:jungle_stairs":1,"minecraft:blast_furnace":1,"minecraft:chest":4,"minecraft:cobblestone":1,"minecraft:sugar_cane":17,"minecraft:oak_planks":58,"minecraft:wall_torch":10,"minecraft:skeleton_skull":1,"minecraft:seagrass":1,"minecraft:chain":1,"farmersdelight:sandy_shrub":1,"minecraft:birch_log":1,"minecraft:birch_trapdoor":2,"born_in_chaos_v1:river_mint":3,"minecraft:grass":985,"minecraft:sand":119,"minecraft:dirt":75,"vinery:apple_leaves":3,"minecraft:deepslate":91,"minecraft:tuff":12,"iceandfire:silver_ore":5,"minecraft:deepslate_diamond_ore":8,"born_in_chaos_v1:infected_diamond_ore":2,"minecraft:jungle_planks":1,"born_in_chaos_v1:black_argillite":3,"minecraft:birch_slab":2,"minecraft:spruce_leaves":15,"minecraft:large_fern":8,"bloomingnature:forest_moss":1,"minecraft:furnace":3,"minecraft:carrots":57,"minecraft:andesite":2,"treechop:chopped_log":27,"minecraft:deepslate_iron_ore":19,"minecraft:vine":2,"minecraft:lantern":1,"bloomingnature:bluebell":9,"minecraft:stone":98,"minecraft:birch_stairs":29,"born_in_chaos_v1:marigolds":1,"minecraft:lily_of_the_valley":10,"minecraft:crafting_table":10,"minecraft:cornflower":9,"bloomingnature:foxglove_white":6,"minecraft:tall_grass":251,"minecraft:deepslate_gold_ore":12,"farmersdelight:wild_beetroots":4,"minecraft:birch_planks":13,"minecraft:spruce_log":3,"minecraft:birch_leaves":1,"minecraft:coal_ore":3,"minecraft:cobweb":1,"minecraft:fern":8},"minecraft:broken":{"minecraft:iron_shovel":2,"minecraft:iron_chestplate":1,"minecraft:stone_axe":1,"minecraft:iron_sword":1,"minecraft:iron_axe":1},"minecraft:killed":{"born_in_chaos_v1:zombie_clown":1,"minecraft:cave_spider":3,"born_in_chaos_v1:restless_spirit":5,"born_in_chaos_v1:door_knight_not_despawn":1,"minecraft:spider":5,"born_in_chaos_v1:baby_skeleton_minion":6,"minecraft:skeleton":9,"realmrpg_demons:chort":2,"born_in_chaos_v1:supreme_bonescaller_stage_2":1,"irons_spellbooks:summoned_skeleton":1,"hmag:harpy":1,"minecraft:pig":2,"born_in_chaos_v1:diamond_termite":3,"irons_spellbooks:necromancer":2,"minecraft:zombie":11,"born_in_chaos_v1:corpse_fly":1,"minecraft:stray":4,"alexsmobs:fly":1,"minecraft:cow":1,"minecraft:vex":1,"irons_spellbooks:summoned_zombie":6,"bloomingnature:deer":1,"alexsmobs:seagull":1,"born_in_chaos_v1:maggot":7,"hmag:zombie_girl":2,"born_in_chaos_v1:corpse_fish":4,"born_in_chaos_v1:fallen_chaos_knight":1,"hmag:ghost":2,"graveyard:ghoul":2,"born_in_chaos_v1:bone_imp_minion":13,"born_in_chaos_v1:decrepit_skeleton":2,"born_in_chaos_v1:bloody_gadfly":1,"alexsmobs:cockroach":1,"iceandfire:ghost":9,"born_in_chaos_v1:bonescaller_not_despawn":2}},"DataVersion":3465}