{"stats":{"minecraft:picked_up":{"minecraft:crafting_table":10,"minecraft:wheat":2,"minecraft:flower_pot":2,"born_in_chaos_v1:seedof_chaos":2,"irons_spellbooks:tarnished_helmet":2,"minecraft:oak_stairs":10,"minecraft:potion":2,"minecraft:enchanted_book":1,"minecraft:chain":4,"bloomingnature:fan_palm_log":26,"iceandfire:manuscript":10,"minecraft:cornflower":2,"minecraft:string":8,"minecraft:iron_axe":1,"minecraft:iron_shovel":3,"graveyard:gravestone":1,"minecraft:beetroot":1,"iceandfire:graveyard_soil":6,"irons_spellbooks:arcane_essence":2,"tombstone:scroll_of_unstable_intangibility":1,"minecraft:gold_nugget":6,"minecraft:bucket":1,"minecraft:spruce_planks":206,"minecraft:beef":3,"minecraft:iron_nugget":4,"born_in_chaos_v1:stimulating_decoction":1,"minecraft:sugar_cane":33,"minecraft:chest":6,"minecraft:birch_sapling":38,"bloomingnature:fan_palm_sprout":2,"minecraft:furnace":2,"minecraft:egg":3,"minecraft:tipped_arrow":2,"minecraft:stick":36,"born_in_chaos_v1:shattered_skull":1,"minecraft:birch_trapdoor":2,"minecraft:torch":18,"minecraft:porkchop":3,"minecraft:cookie":1,"tombstone:grave_dust":19,"born_in_chaos_v1:pieceofdarkmetal":3,"minecraft:carrot":39,"minecraft:arrow":11,"minecraft:rotten_flesh":19,"minecraft:beetroot_seeds":4,"minecraft:jungle_stairs":1,"ars_nouveau:worn_notebook":1,"minecraft:iron_block":1,"tombstone:scroll_of_aquatic_life":1,"minecraft:iron_bars":2,"minecraft:skeleton_skull":1,"minecraft:cobblestone":41,"minecraft:birch_log":92,"born_in_chaos_v1:corpse_maggot":4,"minecraft:feather":8,"born_in_chaos_v1:spiritual_dust":10,"minecraft:birch_slab":1,"minecraft:leather":15,"minecraft:potato":2,"minecraft:birch_planks":14,"paraglider:spirit_orb":14,"minecraft:crimson_fungus":2,"bloomingnature:genisteae":1,"iceandfire:ectoplasm":4,"minecraft:wooden_hoe":1,"minecraft:lantern":2,"minecraft:dirt":176,"artifacts:flippers":1,"hmag:evil_crystal_fragment":2,"irons_spellbooks:common_ink":1,"minecraft:coast_armor_trim_smithing_template":2,"minecraft:red_carpet":1,"minecraft:bone":46,"bloomingnature:foxglove_white":1,"minecraft:apple":16,"minecraft:bow":1,"minecraft:raw_gold":13,"minecraft:wheat_seeds":27,"alexsmobs:cockroach_wing_fragment":2,"minecraft:heart_of_the_sea":1,"born_in_chaos_v1:smoked_flesh":3,"minecraft:iron_ingot":2,"tombstone:scroll_of_reach":1,"minecraft:oak_planks":57,"bloomingnature:fan_palm_door":1,"patchouli:guide_book":1,"born_in_chaos_v1:orbofthe_summoner":1,"born_in_chaos_v1:death_totem":3,"minecraft:dark_oak_slab":6,"minecraft:cooked_porkchop":3,"irons_spellbooks:frozen_bone":18,"bloomingnature:fan_palm_planks":64,"hmag:soul_powder":6,"born_in_chaos_v1:ethereal_spirit":12,"minecraft:birch_stairs":26,"minecraft:sand":95,"minecraft:jungle_planks":1,"minecraft:spruce_sapling":42,"minecraft:white_bed":1,"minecraft:spruce_log":102,"minecraft:lily_of_the_valley":2,"alexsmobs:animal_dictionary":1,"minecraft:spider_eye":3,"useless_sword:vex_ectoplasm":1,"minecraft:bone_meal":2,"minecraft:emerald":3,"alexsmobs:maggot":2,"born_in_chaos_v1:rotten_fish":5,"minecraft:coal":4,"bloomingnature:forest_moss":1,"iceandfire:raw_silver":5},"minecraft:used":{"minecraft:beetroot":1,"minecraft:iron_shovel":792,"minecraft:stone_sword":11,"minecraft:stone_shovel":100,"minecraft:chest":13,"minecraft:spruce_planks":4,"minecraft:iron_sword":1231,"minecraft:wooden_shovel":10,"minecraft:cooked_salmon":3,"minecraft:iron_chestplate":1,"minecraft:torch":7,"minecraft:dirt":12,"ars_nouveau:bastion_pod":10,"minecraft:carrot":69,"alexsmobs:maggot":2,"minecraft:wooden_axe":7,"minecraft:spruce_boat":2,"born_in_chaos_v1:corpse_maggot":4,"minecraft:iron_axe":229,"minecraft:oak_stairs":100,"minecraft:birch_sapling":22,"minecraft:golden_carrot":4,"minecraft:cooked_cod":3,"minecraft:furnace":4,"tombstone:gift":3,"minecraft:egg":3,"minecraft:cooked_beef":3,"bloomingnature:fan_palm_planks":5,"minecraft:water_bucket":1,"bloomingnature:forest_moss":1,"minecraft:birch_planks":528,"minecraft:stone_pickaxe":2,"minecraft:oak_planks":337,"minecraft:wooden_pickaxe":17,"minecraft:sugar_cane":19,"minecraft:cookie":1,"minecraft:sand":17,"minecraft:crafting_table":15,"hmag:randomberry":2,"minecraft:white_bed":1,"minecraft:spruce_log":1,"minecraft:oak_log":43,"minecraft:apple":12,"minecraft:wooden_hoe":52,"bloomingnature:fan_palm_door":2,"minecraft:iron_pickaxe":65,"minecraft:birch_slab":6,"minecraft:bread":3,"minecraft:spruce_sapling":1,"minecraft:stone_axe":155,"born_in_chaos_v1:rotten_fish":2,"minecraft:cooked_porkchop":3,"minecraft:bucket":2,"alexsmobs:animal_dictionary":1,"vinery:apple_tree_sapling":1,"minecraft:birch_stairs":305,"minecraft:bone_meal":24},"minecraft:killed_by":{"born_in_chaos_v1:nightmare_stalker":1,"realmrpg_demons:chort":1,"graveyard:ghoul":1,"minecraft:creeper":1,"minecraft:spider":1,"irons_spellbooks:summoned_zombie":1,"alexsmobs:bison":1,"born_in_chaos_v1:corpse_fish":1},"minecraft:dropped":{"minecraft:birch_planks":3,"born_in_chaos_v1:shattered_skull":1,"minecraft:wheat_seeds":3,"bloomingnature:fan_palm_planks":64,"minecraft:cooked_porkchop":3,"minecraft:dark_oak_slab":6,"minecraft:cobblestone":3,"minecraft:prismarine_crystals":3,"minecraft:jungle_planks":1,"artifacts:flippers":1,"irons_spellbooks:tarnished_helmet":1,"minecraft:coal":1,"minecraft:red_carpet":1,"minecraft:stick":14,"minecraft:dirt":116,"minecraft:cornflower":2,"tombstone:grave_dust":4,"minecraft:chain":2,"minecraft:gold_nugget":64,"minecraft:bone_meal":2,"minecraft:iron_axe":1,"minecraft:iron_shovel":2,"minecraft:string":2,"irons_spellbooks:frozen_bone":10,"minecraft:spruce_sapling":33,"minecraft:bone":18,"minecraft:wheat":2,"minecraft:rotten_flesh":2,"bloomingnature:genisteae":1,"minecraft:lily_of_the_valley":2,"minecraft:tipped_arrow":2,"alexsmobs:cockroach_wing_fragment":1,"minecraft:spruce_planks":8,"minecraft:jungle_stairs":1,"minecraft:beetroot_seeds":4,"minecraft:arrow":1,"minecraft:bow":1},"minecraft:crafted":{"minecraft:golden_carrot":4,"minecraft:oak_planks":576,"minecraft:stone_shovel":1,"minecraft:birch_slab":6,"minecraft:furnace":2,"minecraft:bone_meal":24,"minecraft:iron_boots":1,"minecraft:iron_axe":2,"minecraft:stone_pickaxe":1,"minecraft:chest":9,"minecraft:spruce_boat":2,"bloomingnature:fan_palm_door":3,"minecraft:stone_hoe":1,"minecraft:cooked_beef":3,"minecraft:wooden_shovel":1,"minecraft:cooked_porkchop":3,"minecraft:crafting_table":7,"minecraft:spruce_planks":284,"hmag:soul_powder":4,"minecraft:wooden_pickaxe":1,"minecraft:iron_sword":1,"bloomingnature:fan_palm_planks":104,"minecraft:birch_planks":876,"minecraft:stone_axe":2,"minecraft:bread":3,"minecraft:air":0,"minecraft:golden_apple":1,"minecraft:iron_chestplate":1,"minecraft:wooden_hoe":1,"minecraft:charcoal":1,"minecraft:gold_nugget":99,"minecraft:stick":44,"minecraft:iron_ingot":9,"minecraft:iron_pickaxe":1,"minecraft:oak_stairs":196,"minecraft:wooden_axe":1,"minecraft:stone_sword":1,"minecraft:iron_shovel":2,"minecraft:iron_leggings":1,"minecraft:torch":16,"minecraft:birch_stairs":372},"minecraft:custom":{"minecraft:mob_kills":96,"minecraft:interact_with_crafting_table":41,"minecraft:open_barrel":18,"minecraft:damage_dealt_resisted":1331,"minecraft:leave_game":21,"minecraft:time_since_death":3023,"minecraft:climb_one_cm":527,"minecraft:sprint_one_cm":309130,"minecraft:walk_one_cm":838841,"minecraft:drop":69,"minecraft:play_time":292470,"minecraft:sneak_time":10961,"minecraft:deaths":18,"minecraft:walk_under_water_one_cm":29724,"minecraft:boat_one_cm":422231,"minecraft:interact_with_brewingstand":1,"minecraft:jump":3752,"minecraft:walk_on_water_one_cm":55111,"minecraft:total_world_time":292470,"minecraft:interact_with_furnace":11,"minecraft:sleep_in_bed":10,"minecraft:time_since_rest":2993,"minecraft:damage_taken":7253,"minecraft:trigger_trapped_chest":3,"minecraft:damage_dealt":19509,"minecraft:swim_one_cm":129177,"minecraft:fly_one_cm":712375,"minecraft:open_chest":123,"minecraft:crouch_one_cm":48401,"tombstone:undead_killed":58,"minecraft:fall_one_cm":62266},"minecraft:mined":{"minecraft:white_bed":1,"iceandfire:silver_ore":5,"iceandfire:graveyard_soil":3,"minecraft:potted_crimson_fungus":1,"minecraft:grass_block":482,"minecraft:jungle_planks":1,"bloomingnature:genisteae":20,"minecraft:birch_slab":2,"minecraft:spruce_leaves":15,"minecraft:oxeye_daisy":1,"minecraft:spawner":9,"minecraft:large_fern":8,"minecraft:tall_seagrass":4,"bloomingnature:forest_moss":1,"minecraft:furnace":2,"minecraft:carrots":9,"treechop:chopped_log":27,"minecraft:vine":2,"minecraft:iron_bars":1,"minecraft:oak_stairs":10,"minecraft:lantern":1,"minecraft:stone":31,"bloomingnature:bluebell":9,"minecraft:iron_block":1,"minecraft:spruce_slab":1,"minecraft:birch_stairs":29,"born_in_chaos_v1:marigolds":1,"minecraft:lily_of_the_valley":10,"minecraft:crafting_table":10,"minecraft:cornflower":9,"minecraft:torch":1,"minecraft:jungle_stairs":1,"minecraft:chest":4,"bloomingnature:foxglove_white":6,"minecraft:tall_grass":246,"minecraft:oak_planks":56,"minecraft:sugar_cane":17,"minecraft:wall_torch":4,"minecraft:skeleton_skull":1,"minecraft:seagrass":1,"farmersdelight:wild_beetroots":4,"minecraft:chain":1,"minecraft:birch_planks":7,"farmersdelight:sandy_shrub":1,"minecraft:birch_log":1,"minecraft:birch_trapdoor":2,"minecraft:spruce_log":3,"minecraft:birch_leaves":1,"born_in_chaos_v1:river_mint":3,"minecraft:grass":983,"minecraft:coal_ore":3,"minecraft:sand":119,"minecraft:dirt":62,"minecraft:cobweb":1,"vinery:apple_leaves":3,"minecraft:fern":8},"minecraft:broken":{"minecraft:iron_shovel":2,"minecraft:iron_axe":1,"minecraft:stone_axe":1,"minecraft:iron_sword":1},"minecraft:killed":{"born_in_chaos_v1:zombie_clown":1,"minecraft:vex":1,"minecraft:cave_spider":3,"irons_spellbooks:summoned_zombie":6,"bloomingnature:deer":1,"born_in_chaos_v1:restless_spirit":5,"born_in_chaos_v1:door_knight_not_despawn":1,"minecraft:spider":5,"alexsmobs:seagull":1,"born_in_chaos_v1:baby_skeleton_minion":6,"born_in_chaos_v1:maggot":7,"minecraft:skeleton":3,"hmag:zombie_girl":1,"realmrpg_demons:chort":1,"born_in_chaos_v1:corpse_fish":4,"born_in_chaos_v1:supreme_bonescaller_stage_2":1,"irons_spellbooks:summoned_skeleton":1,"hmag:harpy":1,"born_in_chaos_v1:fallen_chaos_knight":1,"hmag:ghost":2,"minecraft:pig":2,"graveyard:ghoul":2,"born_in_chaos_v1:bone_imp_minion":13,"irons_spellbooks:necromancer":2,"born_in_chaos_v1:decrepit_skeleton":2,"born_in_chaos_v1:bloody_gadfly":1,"alexsmobs:cockroach":1,"minecraft:zombie":6,"iceandfire:ghost":6,"born_in_chaos_v1:corpse_fly":1,"born_in_chaos_v1:bonescaller_not_despawn":2,"minecraft:stray":4,"alexsmobs:fly":1,"minecraft:cow":1}},"DataVersion":3465}