{"stats":{"minecraft:used":{"minecraft:spruce_boat":2,"minecraft:beetroot":1,"minecraft:wooden_axe":7,"minecraft:stone_sword":11,"minecraft:iron_axe":3,"minecraft:stone_shovel":100,"minecraft:stone_pickaxe":2,"minecraft:iron_pickaxe":18,"minecraft:wooden_pickaxe":17,"minecraft:wooden_shovel":10,"minecraft:stone_axe":31,"minecraft:sand":17,"minecraft:dirt":2,"born_in_chaos_v1:rotten_fish":1,"minecraft:crafting_table":6,"minecraft:furnace":1,"minecraft:cooked_cod":1,"alexsmobs:animal_dictionary":1},"minecraft:custom":{"minecraft:time_since_rest":12638,"minecraft:interact_with_furnace":2,"minecraft:sprint_one_cm":14789,"minecraft:damage_taken":310,"minecraft:walk_one_cm":49264,"minecraft:mob_kills":7,"minecraft:drop":4,"minecraft:damage_dealt":1005,"minecraft:swim_one_cm":6945,"minecraft:interact_with_crafting_table":10,"minecraft:fly_one_cm":26386,"minecraft:open_chest":3,"minecraft:crouch_one_cm":7945,"minecraft:play_time":47351,"minecraft:deaths":1,"minecraft:walk_under_water_one_cm":4069,"minecraft:sneak_time":2053,"minecraft:boat_one_cm":370877,"minecraft:jump":285,"minecraft:leave_game":6,"minecraft:time_since_death":12607,"minecraft:walk_on_water_one_cm":7414,"minecraft:total_world_time":47351,"minecraft:fall_one_cm":6382},"minecraft:dropped":{"minecraft:beetroot_seeds":4},"minecraft:killed":{"hmag:ghost":2,"born_in_chaos_v1:restless_spirit":1,"born_in_chaos_v1:corpse_fish":4},"minecraft:killed_by":{"born_in_chaos_v1:corpse_fish":1},"minecraft:mined":{"farmersdelight:wild_beetroots":4,"minecraft:spruce_log":2,"treechop:chopped_log":8,"minecraft:crafting_table":4,"minecraft:grass":2,"minecraft:grass_block":5,"minecraft:coal_ore":1,"minecraft:sand":119,"minecraft:dirt":10,"minecraft:birch_slab":1,"minecraft:spruce_leaves":3,"minecraft:stone":29,"minecraft:sugar_cane":3,"minecraft:fern":1},"minecraft:crafted":{"minecraft:wooden_shovel":1,"minecraft:stone_shovel":1,"minecraft:iron_axe":1,"minecraft:crafting_table":2,"minecraft:spruce_planks":56,"minecraft:stick":20,"minecraft:wooden_pickaxe":1,"minecraft:iron_pickaxe":1,"minecraft:stone_pickaxe":1,"minecraft:wooden_axe":1,"minecraft:stone_sword":1,"minecraft:furnace":1,"minecraft:spruce_boat":2,"minecraft:torch":4,"minecraft:stone_hoe":1,"minecraft:stone_axe":1},"minecraft:picked_up":{"minecraft:stick":7,"minecraft:crafting_table":4,"minecraft:birch_slab":1,"hmag:soul_powder":4,"born_in_chaos_v1:ethereal_spirit":1,"minecraft:sand":95,"minecraft:spruce_sapling":14,"minecraft:chain":1,"minecraft:spruce_log":42,"minecraft:dirt":15,"minecraft:beetroot":1,"minecraft:beetroot_seeds":4,"minecraft:bone_meal":2,"born_in_chaos_v1:rotten_fish":4,"minecraft:sugar_cane":7,"minecraft:coal":1,"minecraft:cobblestone":29}},"DataVersion":3465}