{"stats":{"minecraft:picked_up":{"minecraft:stick":6,"minecraft:crafting_table":2,"minecraft:spruce_sapling":7,"minecraft:spruce_log":35,"minecraft:coal":1,"minecraft:dirt":7,"minecraft:cobblestone":11},"minecraft:crafted":{"minecraft:stone_sword":1,"minecraft:torch":4,"minecraft:stone_axe":1,"minecraft:stone_hoe":1,"minecraft:crafting_table":1,"minecraft:spruce_planks":28,"minecraft:stick":12,"minecraft:stone_pickaxe":1,"minecraft:wooden_pickaxe":1,"minecraft:wooden_axe":1},"minecraft:mined":{"minecraft:grass":1,"minecraft:grass_block":3,"minecraft:coal_ore":1,"minecraft:dirt":4,"minecraft:spruce_leaves":1,"minecraft:spruce_log":2,"minecraft:stone":11,"treechop:chopped_log":7,"minecraft:fern":1,"minecraft:crafting_table":2},"minecraft:custom":{"minecraft:sprint_one_cm":495,"minecraft:time_since_rest":14660,"minecraft:crouch_one_cm":2578,"minecraft:play_time":14660,"minecraft:walk_one_cm":19793,"minecraft:sneak_time":595,"minecraft:jump":19,"minecraft:leave_game":3,"minecraft:time_since_death":14660,"minecraft:total_world_time":14660,"minecraft:interact_with_crafting_table":3,"minecraft:fly_one_cm":619},"minecraft:used":{"minecraft:stone_axe":25,"minecraft:wooden_axe":6,"minecraft:crafting_table":2,"minecraft:stone_pickaxe":2,"alexsmobs:animal_dictionary":1,"minecraft:wooden_pickaxe":17}},"DataVersion":3465}