{"stats":{"minecraft:dropped":{"iceandfire:raw_silver":5,"minecraft:birch_planks":9,"bloomingnature:fan_palm_planks":64,"minecraft:oak_log":1,"minecraft:cooked_porkchop":3,"minecraft:dark_oak_slab":6,"mca:bouquet":2,"minecraft:lantern":7,"minecraft:jungle_planks":1,"artifacts:flippers":1,"irons_spellbooks:tarnished_helmet":1,"paraglider:spirit_orb":4,"minecraft:red_carpet":1,"minecraft:dirt":146,"minecraft:cornflower":3,"minecraft:chain":3,"minecraft:gold_nugget":64,"minecraft:bone_meal":2,"iceandfire:ash":1,"minecraft:dark_oak_planks":8,"minecraft:bone":28,"minecraft:gravel":12,"minecraft:golden_chestplate":1,"minecraft:wheat":4,"paraglider:horned_statue":2,"minecraft:rotten_flesh":4,"minecraft:oak_planks":2,"bloomingnature:genisteae":1,"minecraft:tipped_arrow":2,"minecraft:jungle_stairs":1,"minecraft:beetroot_seeds":4,"minecraft:stone_brick_wall":2,"iceandfire:bestiary":1,"minecraft:arrow":17,"minecraft:enchanted_book":2,"minecraft:iron_ingot":14,"minecraft:bread":1,"minecraft:oak_slab":3,"born_in_chaos_v1:shattered_skull":2,"minecraft:wheat_seeds":25,"minecraft:oak_fence":1,"minecraft:cobblestone":8,"minecraft:prismarine_crystals":8,"minecraft:apple":1,"chococraft:gysahl_green_seeds":7,"minecraft:coal":1,"minecraft:stick":14,"minecraft:cobweb":6,"born_in_chaos_v1:black_argillite":6,"minecraft:golden_carrot":2,"minecraft:smooth_quartz":3,"tombstone:grave_dust":6,"minecraft:white_banner":2,"minecraft:iron_axe":1,"minecraft:iron_shovel":2,"minecraft:string":27,"irons_spellbooks:frozen_bone":10,"minecraft:spruce_sapling":33,"minecraft:smooth_basalt":1,"minecraft:tuff":13,"minecraft:lily_of_the_valley":2,"minecraft:shield":2,"alexsmobs:cockroach_wing_fragment":1,"minecraft:spruce_planks":8,"minecraft:andesite":2,"iceandfire:lectern":1,"minecraft:spider_eye":4,"minecraft:stone_bricks":7,"minecraft:bow":1,"minecraft:wooden_pickaxe":1},"minecraft:custom":{"minecraft:interact_with_crafting_table":133,"minecraft:open_barrel":89,"goblintraders:trade_with_goblin":8,"minecraft:eat_cake_slice":2,"minecraft:leave_game":25,"minecraft:time_since_death":77227,"minecraft:sprint_one_cm":833409,"minecraft:damage_blocked_by_shield":1570,"minecraft:drop":173,"minecraft:talked_to_villager":2,"minecraft:play_time":702279,"minecraft:deaths":36,"minecraft:jump":9530,"minecraft:interact_with_brewingstand":3,"minecraft:walk_on_water_one_cm":124752,"minecraft:interact_with_furnace":44,"minecraft:sleep_in_bed":19,"minecraft:waystone_activated":2,"minecraft:damage_dealt":57614,"minecraft:crouch_one_cm":80108,"tombstone:undead_killed":160,"minecraft:interact_with_smithing_table":3,"minecraft:mob_kills":270,"minecraft:damage_dealt_resisted":7884,"minecraft:climb_one_cm":22103,"minecraft:walk_one_cm":1859208,"minecraft:sneak_time":22936,"minecraft:walk_under_water_one_cm":109065,"minecraft:boat_one_cm":431443,"minecraft:interact_with_blast_furnace":22,"minecraft:total_world_time":702279,"minecraft:time_since_rest":77227,"minecraft:damage_taken":21742,"minecraft:trigger_trapped_chest":3,"tombstone:cast_on_ally":0,"minecraft:swim_one_cm":278384,"minecraft:fly_one_cm":1746082,"minecraft:open_chest":388,"minecraft:fall_one_cm":205710},"minecraft:picked_up":{"minecraft:wheat":3,"minecraft:flower_pot":2,"minecraft:prismarine_shard":2,"minecraft:oak_stairs":10,"minecraft:potion":2,"minecraft:enchanted_book":3,"bloomingnature:fan_palm_log":26,"minecraft:amethyst_block":6,"born_in_chaos_v1:black_argillite":6,"iceandfire:manuscript":11,"minecraft:string":53,"graveyard:sarcophagus":2,"minecraft:beetroot":1,"irons_spellbooks:arcane_essence":2,"minecraft:cobbled_deepslate":203,"minecraft:gold_nugget":11,"mcwbridges:oak_log_bridge_middle":3,"minecraft:bucket":1,"minecraft:spruce_planks":244,"mcwbridges:bridge_torch":4,"minecraft:calcite":3,"mcwbridges:oak_log_bridge_stair":3,"minecraft:smooth_quartz":3,"born_in_chaos_v1:stimulating_decoction":1,"minecraft:coal_block":3,"minecraft:furnace":3,"minecraft:tipped_arrow":4,"minecraft:stick":46,"born_in_chaos_v1:shattered_skull":6,"minecraft:birch_trapdoor":2,"minecraft:oak_fence":1,"minecraft:torch":59,"minecraft:spruce_stairs":2,"minecraft:porkchop":3,"tombstone:grave_dust":33,"minecraft:golden_chestplate":1,"bloomingnature:chestnut_log":4,"minecraft:rotten_flesh":50,"ars_nouveau:worn_notebook":1,"minecraft:iron_block":1,"tombstone:scroll_of_aquatic_life":1,"minecraft:iron_bars":2,"vinery:apple_log":12,"minecraft:cobblestone":189,"minecraft:birch_log":103,"minecraft:feather":8,"born_in_chaos_v1:spiritual_dust":13,"minecraft:birch_slab":1,"minecraft:andesite":2,"minecraft:black_bed":3,"minecraft:potato":3,"minecraft:flint":1,"paraglider:spirit_orb":74,"travelersbackpack:ocelot":1,"minecraft:tuff":13,"minecraft:wither_skeleton_skull":1,"ars_nouveau:scribes_table":2,"minecraft:lapis_lazuli":33,"minecraft:dirt":223,"minecraft:lantern":9,"artifacts:flippers":1,"hmag:evil_crystal_fragment":4,"minecraft:bone":81,"minecraft:bow":3,"minecraft:wheat_seeds":58,"minecraft:raw_gold":37,"tombstone:scroll_of_reach":1,"minecraft:oak_planks":67,"bloomingnature:fan_palm_door":1,"irons_spellbooks:frozen_bone":51,"minecraft:cooked_porkchop":3,"iceandfire:podium_spruce":1,"patchouli:guide_book":1,"hmag:soul_powder":6,"minecraft:sand":154,"minecraft:jungle_planks":1,"minecraft:lily_of_the_valley":2,"minecraft:dark_oak_log":2,"alexsmobs:animal_dictionary":1,"minecraft:bundle":4,"minecraft:white_candle":2,"minecraft:diamond":18,"iceandfire:lectern":2,"minecraft:granite":5,"minecraft:bone_meal":2,"minecraft:emerald":3,"minecraft:bread":1,"alexsmobs:maggot":2,"born_in_chaos_v1:rotten_fish":6,"minecraft:dark_oak_fence":1,"iceandfire:raw_silver":5,"mca:bouquet":1,"minecraft:crafting_table":11,"born_in_chaos_v1:diamond_termite_shard":3,"born_in_chaos_v1:seedof_chaos":12,"irons_spellbooks:tarnished_helmet":2,"minecraft:stone_brick_wall":2,"minecraft:chain":8,"minecraft:shield":3,"minecraft:cornflower":8,"minecraft:iron_axe":1,"minecraft:iron_shovel":3,"graveyard:corruption":1,"iceandfire:graveyard_soil":6,"iceandfire:bestiary":2,"vinery:apple_tree_sapling":2,"tombstone:scroll_of_unstable_intangibility":1,"graveyard:gravestone":1,"minecraft:beef":3,"minecraft:iron_nugget":4,"minecraft:sugar_cane":33,"minecraft:chest":7,"minecraft:birch_sapling":41,"bloomingnature:fan_palm_sprout":2,"minecraft:egg":3,"minecraft:raw_iron":34,"minecraft:fire_charge":2,"ars_nouveau:blue_archwood_log":2,"minecraft:stone_button":2,"minecraft:cookie":1,"born_in_chaos_v1:pieceofdarkmetal":28,"minecraft:carrot":791,"minecraft:prismarine_crystals":5,"minecraft:dark_oak_planks":8,"ars_nouveau:green_archwood_log":1,"minecraft:tnt":1,"minecraft:arrow":43,"minecraft:weeping_vines":1,"iceandfire:cyclops_eye":1,"minecraft:beetroot_seeds":4,"minecraft:jungle_stairs":1,"tombstone:essence_of_undeath":1,"paraglider:horned_statue":4,"minecraft:mutton":23,"minecraft:skeleton_skull":1,"minecraft:white_wool":8,"born_in_chaos_v1:corpse_maggot":12,"minecraft:golden_carrot":1,"minecraft:leather":25,"minecraft:birch_planks":29,"minecraft:crimson_fungus":3,"bloomingnature:genisteae":1,"minecraft:oak_log":2,"iceandfire:ectoplasm":12,"minecraft:gunpowder":4,"minecraft:wooden_hoe":1,"minecraft:white_banner":2,"minecraft:cooked_mutton":1,"irons_spellbooks:common_ink":1,"minecraft:coast_armor_trim_smithing_template":2,"minecraft:red_carpet":1,"chococraft:gysahl_green":16,"bloomingnature:foxglove_white":1,"minecraft:apple":16,"minecraft:stone_bricks":16,"chococraft:gold_gysahl":1,"alexsmobs:cockroach_wing_fragment":2,"minecraft:heart_of_the_sea":1,"born_in_chaos_v1:smoked_flesh":3,"minecraft:iron_ingot":28,"cozy_home:white_lamp":2,"minecraft:cobweb":6,"bloomingnature:chestnut_sapling":7,"minecraft:iron_sword":3,"minecraft:oak_slab":3,"minecraft:smooth_basalt":2,"minecraft:dark_oak_slab":9,"born_in_chaos_v1:death_totem":3,"bloomingnature:fan_palm_planks":64,"born_in_chaos_v1:orbofthe_summoner":2,"iceandfire:ash":1,"born_in_chaos_v1:ethereal_spirit":13,"minecraft:gravel":12,"minecraft:birch_stairs":27,"minecraft:amethyst_shard":110,"chococraft:gysahl_green_seeds":7,"minecraft:spruce_sapling":42,"minecraft:blast_furnace":1,"minecraft:white_bed":2,"minecraft:spruce_log":102,"minecraft:spruce_door":5,"minecraft:spider_eye":11,"useless_sword:vex_ectoplasm":1,"tombstone:magic_scroll":3,"minecraft:black_wool":1,"minecraft:coal":8,"bloomingnature:forest_moss":1},"minecraft:mined":{"minecraft:dark_oak_planks":2,"minecraft:large_amethyst_bud":1,"minecraft:spruce_planks":1,"minecraft:white_bed":2,"iceandfire:graveyard_soil":3,"mcwbridges:oak_log_bridge_stair":3,"minecraft:potted_crimson_fungus":2,"minecraft:granite":5,"minecraft:budding_amethyst":2,"minecraft:stone_brick_wall":2,"minecraft:grass_block":487,"born_in_chaos_v1:dark_metal_deposit":14,"iceandfire:lectern":1,"bloomingnature:genisteae":20,"minecraft:coal_block":3,"minecraft:oxeye_daisy":1,"minecraft:spawner":34,"minecraft:tall_seagrass":4,"minecraft:iron_ore":15,"minecraft:fire":8,"minecraft:deepslate_lapis_ore":6,"chococraft:gysahl_green":6,"mcwbridges:bridge_torch":4,"minecraft:polished_deepslate_slab":9,"minecraft:oak_stairs":10,"minecraft:iron_bars":1,"born_in_chaos_v1:black_argillite_n":1,"graveyard:wither_skull_pile":1,"minecraft:iron_block":1,"minecraft:spruce_slab":1,"minecraft:tripwire":1,"ars_nouveau:light_block":3,"minecraft:amethyst_cluster":29,"minecraft:powder_snow":1,"minecraft:torch":9,"minecraft:jungle_stairs":1,"minecraft:blast_furnace":1,"minecraft:calcite":3,"minecraft:poppy":1,"minecraft:chest":5,"minecraft:cobblestone":3,"minecraft:oak_planks":69,"minecraft:sugar_cane":17,"ars_nouveau:scribes_table":2,"minecraft:wall_torch":17,"minecraft:amethyst_block":7,"minecraft:skeleton_skull":1,"minecraft:seagrass":1,"minecraft:chain":6,"farmersdelight:sandy_shrub":1,"minecraft:dark_oak_slab":2,"minecraft:birch_log":1,"paraglider:horned_statue":2,"minecraft:birch_trapdoor":2,"born_in_chaos_v1:river_mint":3,"minecraft:tnt":1,"minecraft:black_bed":2,"minecraft:grass":1028,"minecraft:oak_log":1,"minecraft:sand":178,"minecraft:dirt":81,"minecraft:smooth_basalt":2,"minecraft:wither_skeleton_skull":1,"vinery:apple_leaves":3,"born_in_chaos_v1:infernal_evil_pumpkin_s":1,"minecraft:deepslate":198,"minecraft:tuff":12,"iceandfire:silver_ore":5,"minecraft:potted_wither_rose":1,"minecraft:deepslate_diamond_ore":18,"minecraft:dark_oak_log":3,"born_in_chaos_v1:infected_diamond_ore":2,"minecraft:cobbled_deepslate_slab":10,"minecraft:dark_oak_fence":1,"minecraft:jungle_planks":1,"born_in_chaos_v1:black_argillite":3,"minecraft:birch_slab":2,"minecraft:spruce_leaves":16,"minecraft:large_fern":17,"bloomingnature:forest_moss":1,"minecraft:furnace":3,"minecraft:carrots":216,"minecraft:andesite":2,"treechop:chopped_log":32,"minecraft:polished_deepslate":1,"bloomingnature:chestnut_planks":4,"graveyard:sarcophagus":2,"minecraft:deepslate_iron_ore":19,"minecraft:vine":3,"minecraft:lantern":1,"minecraft:stone":182,"bloomingnature:bluebell":9,"iceandfire:podium_spruce":1,"minecraft:white_wool":1,"minecraft:birch_stairs":30,"born_in_chaos_v1:marigolds":1,"minecraft:lily_of_the_valley":10,"minecraft:spruce_door":5,"minecraft:oak_fence":1,"minecraft:crafting_table":11,"minecraft:cornflower":15,"born_in_chaos_v1:black_argillite_brick_n":1,"minecraft:campfire":12,"bloomingnature:foxglove_white":6,"minecraft:tall_grass":313,"minecraft:deepslate_gold_ore":12,"mcwbridges:oak_log_bridge_middle":3,"farmersdelight:wild_beetroots":4,"minecraft:spruce_stairs":2,"minecraft:birch_planks":15,"ars_nouveau:blue_archwood_log":2,"graveyard:vase_block":2,"minecraft:ice":2,"minecraft:birch_leaves":1,"minecraft:spruce_log":3,"minecraft:coal_ore":3,"minecraft:gravel":7,"minecraft:cobweb":31,"minecraft:stone_bricks":11,"minecraft:fern":9},"minecraft:killed_by":{"born_in_chaos_v1:nightmare_stalker":1,"minecraft:creeper":1,"irons_spellbooks:summoned_zombie":1,"realmrpg_demons:chort":1,"graveyard:ghoul":1,"minecraft:spider":1,"alexsmobs:bison":1,"born_in_chaos_v1:corpse_fish":1},"minecraft:crafted":{"minecraft:smooth_stone":3,"minecraft:oak_planks":624,"ars_nouveau:archwood_planks":20,"born_in_chaos_v1:dark_charge":4,"minecraft:birch_slab":6,"mcwbridges:oak_log_bridge_stair":6,"minecraft:stone":3,"born_in_chaos_v1:dark_metal_ingot":12,"minecraft:glass":25,"born_in_chaos_v1:nightmare_mantleofthe_night_chestplate":1,"born_in_chaos_v1:dark_ritual_dagger":1,"minecraft:diamond_leggings":1,"minecraft:iron_boots":2,"tombstone:grave_key":5,"minecraft:chest":13,"minecraft:stone_hoe":1,"minecraft:oak_fence":6,"born_in_chaos_v1:pileof_dark_metal":9,"minecraft:oak_slab":12,"minecraft:deepslate":4,"minecraft:wooden_shovel":1,"travelersbackpack:iron_tier_upgrade":1,"minecraft:emerald":1,"minecraft:cooked_porkchop":3,"travelersbackpack:standard":1,"minecraft:crafting_table":11,"hmag:soul_powder":4,"minecraft:spruce_planks":284,"farmersdelight:iron_knife":1,"minecraft:iron_helmet":1,"minecraft:wooden_pickaxe":2,"minecraft:smithing_table":1,"minecraft:spruce_door":3,"bloomingnature:fan_palm_planks":104,"waystones:warp_stone":1,"minecraft:birch_planks":920,"mcwbridges:oak_log_bridge_middle":12,"minecraft:iron_chestplate":2,"minecraft:wooden_hoe":1,"minecraft:diamond_pickaxe":1,"minecraft:charcoal":1,"minecraft:shield":1,"minecraft:stick":76,"minecraft:iron_ingot":43,"minecraft:iron_pickaxe":3,"minecraft:stone_sword":1,"minecraft:gold_ingot":19,"ars_nouveau:scribes_table":1,"born_in_chaos_v1:sharpened_dark_metal_sword":1,"minecraft:birch_stairs":372,"minecraft:golden_carrot":109,"bloomingnature:chestnut_planks":8,"minecraft:stone_shovel":1,"minecraft:coal":28,"born_in_chaos_v1:nightmare_mantleofthe_night_leggings":1,"born_in_chaos_v1:nightmare_mantleofthe_night_boots":1,"minecraft:furnace":7,"minecraft:blast_furnace":1,"mca:bouquet":1,"minecraft:bone_meal":114,"ars_nouveau:archwood_slab":6,"travelersbackpack:gold_tier_upgrade":1,"travelersbackpack:blank_upgrade":4,"travelersbackpack:white_sleeping_bag":1,"ars_nouveau:novice_spell_book":1,"born_in_chaos_v1:bone_handle":2,"minecraft:polished_deepslate":4,"minecraft:iron_axe":3,"minecraft:stone_pickaxe":2,"minecraft:spruce_boat":3,"bloomingnature:fan_palm_door":3,"minecraft:dark_oak_planks":8,"useless_sword:amethyst_sword":1,"minecraft:cooked_beef":3,"paraglider:paraglider":1,"travelersbackpack:backpack_tank":4,"minecraft:iron_sword":2,"mcwbridges:bridge_torch":8,"minecraft:stone_axe":2,"minecraft:bread":3,"minecraft:air":0,"minecraft:golden_apple":1,"minecraft:gold_nugget":895,"hmag:soul_apple":1,"minecraft:oak_stairs":196,"minecraft:wooden_axe":1,"minecraft:iron_shovel":3,"minecraft:iron_leggings":3,"minecraft:torch":36,"minecraft:diamond_chestplate":1},"minecraft:killed":{"born_in_chaos_v1:zombie_clown":1,"minecraft:cave_spider":13,"born_in_chaos_v1:restless_spirit":6,"born_in_chaos_v1:door_knight_not_despawn":1,"born_in_chaos_v1:pumpkin_spirit":1,"minecraft:spider":28,"born_in_chaos_v1:baby_skeleton_minion":7,"born_in_chaos_v1:scarlet_persecutor":2,"minecraft:skeleton":22,"realmrpg_demons:chort":4,"born_in_chaos_v1:supreme_bonescaller_stage_2":2,"irons_spellbooks:summoned_skeleton":1,"hmag:catoblepas":1,"hmag:harpy":1,"minecraft:pig":2,"born_in_chaos_v1:diamond_termite":3,"irons_spellbooks:necromancer":3,"minecraft:sheep":6,"minecraft:zombie":35,"born_in_chaos_v1:corpse_fly":2,"hmag:melty_monster":1,"minecraft:stray":17,"alexsmobs:fly":1,"minecraft:cow":3,"minecraft:vex":3,"irons_spellbooks:summoned_zombie":6,"bloomingnature:deer":1,"hmag:skeleton_girl":1,"alexsmobs:seagull":1,"born_in_chaos_v1:skeleton_thrasher_not_despawn":2,"born_in_chaos_v1:zombie_bruiser":1,"born_in_chaos_v1:maggot":12,"hmag:zombie_girl":6,"iceandfire:siren":1,"born_in_chaos_v1:corpse_fish":6,"born_in_chaos_v1:barrel_zombie":1,"born_in_chaos_v1:fallen_chaos_knight":1,"hmag:ghost":4,"graveyard:ghoul":3,"born_in_chaos_v1:bone_imp_minion":20,"iceandfire:cyclops":1,"born_in_chaos_v1:decrepit_skeleton":4,"born_in_chaos_v1:bloody_gadfly":2,"alexsmobs:cockroach":1,"iceandfire:ghost":15,"born_in_chaos_v1:bonescaller_not_despawn":7,"born_in_chaos_v1:controlled_baby_skeleton":2,"minecraft:enderman":2},"minecraft:broken":{"minecraft:golden_helmet":1,"minecraft:iron_shovel":2,"minecraft:golden_boots":1,"minecraft:iron_boots":1,"minecraft:iron_chestplate":1,"minecraft:iron_leggings":2,"minecraft:stone_axe":1,"minecraft:iron_sword":1,"minecraft:golden_chestplate":1,"useless_sword:amethyst_sword":1,"minecraft:iron_axe":1,"minecraft:iron_pickaxe":2,"minecraft:iron_helmet":1},"minecraft:used":{"minecraft:beetroot":1,"minecraft:iron_shovel":792,"minecraft:chest":16,"minecraft:iron_sword":1637,"minecraft:shield":102,"minecraft:iron_chestplate":1,"minecraft:carrot":380,"minecraft:spruce_boat":3,"born_in_chaos_v1:corpse_maggot":4,"minecraft:birch_sapling":22,"minecraft:iron_helmet":2,"minecraft:dark_oak_slab":3,"minecraft:stone_bricks":6,"minecraft:golden_sword":5,"minecraft:cooked_cod":3,"minecraft:furnace":9,"minecraft:egg":3,"bloomingnature:fan_palm_planks":5,"minecraft:spruce_door":7,"minecraft:oak_planks":353,"minecraft:stone_pickaxe":93,"minecraft:wooden_pickaxe":36,"irons_spellbooks:tarnished_helmet":2,"minecraft:sugar_cane":19,"minecraft:cookie":1,"minecraft:white_wool":6,"minecraft:sand":17,"ars_nouveau:archwood_planks":3,"minecraft:mushroom_stew":1,"minecraft:blast_furnace":2,"hmag:randomberry":2,"minecraft:black_bed":4,"bloomingnature:fan_palm_door":2,"minecraft:birch_slab":6,"minecraft:bread":3,"tombstone:grave_key":12,"minecraft:deepslate":1,"minecraft:diamond_sword":37,"born_in_chaos_v1:rotten_fish":2,"minecraft:smithing_table":1,"minecraft:bone_meal":114,"minecraft:cobweb":3,"born_in_chaos_v1:dark_ritual_dagger":28,"graveyard:sarcophagus":2,"minecraft:stone_sword":11,"minecraft:stone_shovel":100,"minecraft:spruce_planks":65,"minecraft:wooden_shovel":10,"minecraft:cooked_salmon":3,"minecraft:torch":58,"minecraft:dirt":28,"ars_nouveau:bastion_pod":10,"minecraft:spruce_stairs":2,"minecraft:granite":5,"hmag:soul_apple":1,"paraglider:horned_statue":2,"minecraft:dark_oak_planks":4,"minecraft:wooden_axe":7,"alexsmobs:maggot":2,"mcwbridges:oak_log_bridge_middle":5,"minecraft:iron_axe":352,"minecraft:oak_stairs":100,"minecraft:golden_carrot":81,"tombstone:gift":4,"minecraft:cooked_beef":3,"minecraft:cobbled_deepslate":36,"minecraft:cooked_mutton":2,"minecraft:water_bucket":23,"tombstone:scroll_of_knowledge":1,"tombstone:scroll_of_reach":1,"bloomingnature:forest_moss":1,"minecraft:birch_planks":533,"minecraft:crafting_table":19,"born_in_chaos_v1:skullbreaker_hammer":19,"minecraft:white_bed":2,"tombstone:tablet_of_home":6,"minecraft:spruce_log":1,"minecraft:oak_log":44,"useless_sword:amethyst_sword":380,"minecraft:wooden_hoe":52,"minecraft:apple":12,"cozy_home:white_lamp":2,"minecraft:iron_pickaxe":572,"mcwbridges:bridge_torch":6,"minecraft:spruce_sapling":1,"mcwbridges:oak_log_bridge_stair":3,"minecraft:stone_axe":155,"minecraft:cobblestone":64,"minecraft:cooked_porkchop":3,"minecraft:bucket":29,"alexsmobs:animal_dictionary":1,"vinery:apple_tree_sapling":5,"ars_nouveau:scribes_table":3,"minecraft:birch_stairs":305}},"DataVersion":3465}