{"stats":{"minecraft:dropped":{"iceandfire:raw_silver":5,"minecraft:birch_planks":9,"bloomingnature:fan_palm_planks":64,"minecraft:cooked_porkchop":3,"minecraft:dark_oak_slab":6,"minecraft:jungle_planks":1,"artifacts:flippers":1,"irons_spellbooks:tarnished_helmet":1,"minecraft:red_carpet":1,"minecraft:dirt":146,"minecraft:cornflower":2,"minecraft:chain":2,"minecraft:gold_nugget":64,"minecraft:bone_meal":2,"minecraft:bone":18,"minecraft:gravel":12,"minecraft:wheat":3,"minecraft:rotten_flesh":2,"minecraft:oak_planks":2,"bloomingnature:genisteae":1,"minecraft:tipped_arrow":2,"minecraft:jungle_stairs":1,"minecraft:beetroot_seeds":4,"minecraft:arrow":6,"minecraft:enchanted_book":2,"born_in_chaos_v1:shattered_skull":1,"minecraft:wheat_seeds":3,"minecraft:cobblestone":7,"minecraft:prismarine_crystals":3,"minecraft:coal":1,"minecraft:stick":14,"minecraft:cobweb":6,"born_in_chaos_v1:black_argillite":6,"minecraft:golden_carrot":2,"tombstone:grave_dust":4,"minecraft:iron_axe":1,"minecraft:iron_shovel":2,"minecraft:string":2,"irons_spellbooks:frozen_bone":10,"minecraft:spruce_sapling":33,"minecraft:smooth_basalt":1,"minecraft:tuff":13,"minecraft:lily_of_the_valley":2,"alexsmobs:cockroach_wing_fragment":1,"minecraft:spruce_planks":8,"minecraft:andesite":2,"minecraft:spider_eye":2,"minecraft:bow":1},"minecraft:custom":{"minecraft:interact_with_crafting_table":91,"minecraft:open_barrel":50,"goblintraders:trade_with_goblin":8,"minecraft:leave_game":22,"minecraft:time_since_death":104617,"minecraft:sprint_one_cm":451544,"minecraft:damage_blocked_by_shield":40,"minecraft:drop":102,"minecraft:play_time":486002,"minecraft:deaths":23,"minecraft:jump":5419,"minecraft:interact_with_brewingstand":2,"minecraft:walk_on_water_one_cm":96331,"minecraft:interact_with_furnace":32,"minecraft:sleep_in_bed":13,"minecraft:damage_dealt":32469,"minecraft:crouch_one_cm":59148,"tombstone:undead_killed":95,"minecraft:mob_kills":161,"minecraft:damage_dealt_resisted":3100,"minecraft:climb_one_cm":1716,"minecraft:walk_one_cm":1273812,"minecraft:sneak_time":16285,"minecraft:walk_under_water_one_cm":88337,"minecraft:boat_one_cm":431443,"minecraft:interact_with_blast_furnace":6,"minecraft:total_world_time":486002,"minecraft:time_since_rest":32676,"minecraft:damage_taken":11914,"minecraft:trigger_trapped_chest":3,"tombstone:cast_on_ally":0,"minecraft:swim_one_cm":243751,"minecraft:fly_one_cm":917367,"minecraft:open_chest":240,"minecraft:fall_one_cm":92141},"minecraft:mined":{"minecraft:large_amethyst_bud":1,"minecraft:white_bed":1,"minecraft:spruce_planks":1,"iceandfire:graveyard_soil":3,"mcwbridges:oak_log_bridge_stair":3,"minecraft:potted_crimson_fungus":2,"minecraft:granite":5,"minecraft:budding_amethyst":2,"born_in_chaos_v1:dark_metal_deposit":7,"minecraft:grass_block":483,"bloomingnature:genisteae":20,"minecraft:oxeye_daisy":1,"minecraft:spawner":16,"minecraft:tall_seagrass":4,"minecraft:iron_ore":15,"minecraft:deepslate_lapis_ore":6,"mcwbridges:bridge_torch":4,"minecraft:polished_deepslate_slab":9,"minecraft:oak_stairs":10,"minecraft:iron_bars":1,"born_in_chaos_v1:black_argillite_n":1,"graveyard:wither_skull_pile":1,"minecraft:iron_block":1,"minecraft:spruce_slab":1,"minecraft:amethyst_cluster":29,"minecraft:torch":7,"minecraft:jungle_stairs":1,"minecraft:blast_furnace":1,"minecraft:calcite":3,"minecraft:chest":4,"minecraft:cobblestone":3,"ars_nouveau:scribes_table":2,"minecraft:sugar_cane":17,"minecraft:oak_planks":66,"minecraft:wall_torch":12,"minecraft:amethyst_block":7,"minecraft:skeleton_skull":1,"minecraft:seagrass":1,"minecraft:chain":3,"farmersdelight:sandy_shrub":1,"minecraft:birch_log":1,"minecraft:birch_trapdoor":2,"born_in_chaos_v1:river_mint":3,"minecraft:black_bed":1,"minecraft:grass":987,"minecraft:sand":119,"minecraft:dirt":78,"minecraft:smooth_basalt":2,"minecraft:wither_skeleton_skull":1,"vinery:apple_leaves":3,"minecraft:deepslate":198,"minecraft:tuff":12,"iceandfire:silver_ore":5,"minecraft:potted_wither_rose":1,"minecraft:deepslate_diamond_ore":18,"born_in_chaos_v1:infected_diamond_ore":2,"minecraft:cobbled_deepslate_slab":10,"minecraft:jungle_planks":1,"born_in_chaos_v1:black_argillite":3,"minecraft:birch_slab":2,"minecraft:spruce_leaves":15,"minecraft:large_fern":9,"bloomingnature:forest_moss":1,"minecraft:furnace":3,"minecraft:carrots":216,"minecraft:andesite":2,"treechop:chopped_log":29,"minecraft:polished_deepslate":1,"graveyard:sarcophagus":2,"minecraft:deepslate_iron_ore":19,"minecraft:vine":2,"minecraft:lantern":1,"bloomingnature:bluebell":9,"minecraft:stone":124,"minecraft:birch_stairs":30,"born_in_chaos_v1:marigolds":1,"minecraft:lily_of_the_valley":10,"minecraft:crafting_table":10,"minecraft:cornflower":9,"born_in_chaos_v1:black_argillite_brick_n":1,"bloomingnature:foxglove_white":6,"minecraft:tall_grass":253,"minecraft:deepslate_gold_ore":12,"mcwbridges:oak_log_bridge_middle":3,"minecraft:spruce_stairs":2,"farmersdelight:wild_beetroots":4,"minecraft:birch_planks":13,"graveyard:vase_block":2,"minecraft:spruce_log":3,"minecraft:birch_leaves":1,"minecraft:coal_ore":3,"minecraft:gravel":7,"minecraft:cobweb":2,"minecraft:fern":8},"minecraft:picked_up":{"minecraft:wheat":2,"minecraft:flower_pot":2,"minecraft:oak_stairs":10,"minecraft:potion":2,"minecraft:enchanted_book":3,"bloomingnature:fan_palm_log":26,"minecraft:amethyst_block":6,"born_in_chaos_v1:black_argillite":6,"iceandfire:manuscript":10,"minecraft:string":22,"graveyard:sarcophagus":2,"minecraft:beetroot":1,"irons_spellbooks:arcane_essence":2,"mcwbridges:oak_log_bridge_middle":3,"minecraft:gold_nugget":11,"minecraft:cobbled_deepslate":203,"minecraft:bucket":1,"minecraft:spruce_planks":244,"mcwbridges:bridge_torch":4,"minecraft:calcite":3,"mcwbridges:oak_log_bridge_stair":3,"born_in_chaos_v1:stimulating_decoction":1,"minecraft:furnace":3,"minecraft:tipped_arrow":4,"minecraft:stick":42,"born_in_chaos_v1:shattered_skull":2,"minecraft:birch_trapdoor":2,"minecraft:torch":51,"minecraft:spruce_stairs":2,"minecraft:porkchop":3,"tombstone:grave_dust":26,"bloomingnature:chestnut_log":4,"minecraft:rotten_flesh":30,"ars_nouveau:worn_notebook":1,"minecraft:iron_block":1,"tombstone:scroll_of_aquatic_life":1,"minecraft:iron_bars":2,"vinery:apple_log":6,"minecraft:cobblestone":137,"minecraft:birch_log":93,"minecraft:feather":8,"born_in_chaos_v1:spiritual_dust":13,"minecraft:birch_slab":1,"minecraft:andesite":2,"minecraft:black_bed":2,"minecraft:potato":2,"paraglider:spirit_orb":28,"travelersbackpack:ocelot":1,"minecraft:flint":1,"minecraft:tuff":13,"minecraft:wither_skeleton_skull":1,"ars_nouveau:scribes_table":2,"minecraft:lapis_lazuli":33,"minecraft:lantern":2,"minecraft:dirt":216,"artifacts:flippers":1,"hmag:evil_crystal_fragment":2,"minecraft:bone":68,"minecraft:bow":3,"minecraft:wheat_seeds":32,"minecraft:raw_gold":37,"tombstone:scroll_of_reach":1,"minecraft:oak_planks":66,"bloomingnature:fan_palm_door":1,"irons_spellbooks:frozen_bone":38,"minecraft:cooked_porkchop":3,"patchouli:guide_book":1,"hmag:soul_powder":6,"minecraft:sand":95,"minecraft:jungle_planks":1,"minecraft:lily_of_the_valley":2,"alexsmobs:animal_dictionary":1,"minecraft:bundle":3,"minecraft:white_candle":2,"minecraft:diamond":18,"minecraft:granite":5,"minecraft:bone_meal":2,"minecraft:emerald":3,"alexsmobs:maggot":2,"born_in_chaos_v1:rotten_fish":5,"iceandfire:raw_silver":5,"minecraft:crafting_table":10,"born_in_chaos_v1:diamond_termite_shard":3,"born_in_chaos_v1:seedof_chaos":6,"irons_spellbooks:tarnished_helmet":2,"minecraft:chain":6,"minecraft:shield":1,"minecraft:cornflower":2,"minecraft:iron_axe":1,"minecraft:iron_shovel":3,"iceandfire:graveyard_soil":6,"vinery:apple_tree_sapling":1,"tombstone:scroll_of_unstable_intangibility":1,"graveyard:gravestone":1,"minecraft:beef":3,"minecraft:iron_nugget":4,"minecraft:sugar_cane":33,"minecraft:chest":6,"minecraft:birch_sapling":38,"bloomingnature:fan_palm_sprout":2,"minecraft:egg":3,"minecraft:raw_iron":34,"minecraft:fire_charge":2,"minecraft:cookie":1,"born_in_chaos_v1:pieceofdarkmetal":11,"minecraft:carrot":791,"minecraft:dark_oak_planks":2,"minecraft:weeping_vines":1,"minecraft:arrow":29,"minecraft:beetroot_seeds":4,"minecraft:jungle_stairs":1,"tombstone:essence_of_undeath":1,"minecraft:mutton":2,"minecraft:skeleton_skull":1,"born_in_chaos_v1:corpse_maggot":5,"minecraft:golden_carrot":1,"minecraft:leather":15,"minecraft:birch_planks":29,"minecraft:crimson_fungus":3,"bloomingnature:genisteae":1,"iceandfire:ectoplasm":6,"minecraft:gunpowder":4,"minecraft:wooden_hoe":1,"irons_spellbooks:common_ink":1,"minecraft:coast_armor_trim_smithing_template":2,"minecraft:red_carpet":1,"bloomingnature:foxglove_white":1,"minecraft:apple":16,"alexsmobs:cockroach_wing_fragment":2,"minecraft:heart_of_the_sea":1,"born_in_chaos_v1:smoked_flesh":3,"minecraft:iron_ingot":2,"minecraft:cobweb":6,"bloomingnature:chestnut_sapling":7,"minecraft:iron_sword":3,"minecraft:dark_oak_slab":6,"minecraft:smooth_basalt":2,"born_in_chaos_v1:death_totem":3,"bloomingnature:fan_palm_planks":64,"born_in_chaos_v1:orbofthe_summoner":2,"born_in_chaos_v1:ethereal_spirit":12,"minecraft:gravel":12,"minecraft:birch_stairs":27,"minecraft:amethyst_shard":110,"minecraft:spruce_sapling":42,"minecraft:blast_furnace":1,"minecraft:white_bed":1,"minecraft:spruce_log":102,"minecraft:spider_eye":7,"useless_sword:vex_ectoplasm":1,"tombstone:magic_scroll":1,"minecraft:black_wool":1,"minecraft:coal":5,"bloomingnature:forest_moss":1},"minecraft:killed_by":{"born_in_chaos_v1:nightmare_stalker":1,"minecraft:creeper":1,"irons_spellbooks:summoned_zombie":1,"realmrpg_demons:chort":1,"graveyard:ghoul":1,"minecraft:spider":1,"alexsmobs:bison":1,"born_in_chaos_v1:corpse_fish":1},"minecraft:crafted":{"minecraft:smooth_stone":3,"minecraft:oak_planks":600,"ars_nouveau:archwood_planks":8,"born_in_chaos_v1:dark_charge":4,"minecraft:birch_slab":6,"mcwbridges:oak_log_bridge_stair":6,"minecraft:stone":3,"born_in_chaos_v1:dark_metal_ingot":3,"born_in_chaos_v1:dark_ritual_dagger":1,"minecraft:iron_boots":1,"tombstone:grave_key":1,"minecraft:chest":9,"minecraft:stone_hoe":1,"minecraft:oak_fence":6,"born_in_chaos_v1:pileof_dark_metal":2,"minecraft:oak_slab":12,"minecraft:deepslate":4,"minecraft:wooden_shovel":1,"minecraft:emerald":1,"minecraft:cooked_porkchop":3,"minecraft:crafting_table":9,"hmag:soul_powder":4,"minecraft:spruce_planks":284,"farmersdelight:iron_knife":1,"minecraft:wooden_pickaxe":1,"minecraft:spruce_door":3,"bloomingnature:fan_palm_planks":104,"waystones:warp_stone":1,"minecraft:birch_planks":876,"mcwbridges:oak_log_bridge_middle":12,"minecraft:iron_chestplate":2,"minecraft:wooden_hoe":1,"minecraft:diamond_pickaxe":1,"minecraft:charcoal":1,"minecraft:shield":1,"minecraft:stick":56,"minecraft:iron_ingot":43,"minecraft:iron_pickaxe":3,"minecraft:stone_sword":1,"minecraft:gold_ingot":19,"ars_nouveau:scribes_table":1,"born_in_chaos_v1:sharpened_dark_metal_sword":1,"minecraft:birch_stairs":372,"minecraft:golden_carrot":86,"bloomingnature:chestnut_planks":8,"minecraft:coal":1,"minecraft:stone_shovel":1,"born_in_chaos_v1:nightmare_mantleofthe_night_boots":1,"minecraft:furnace":7,"minecraft:blast_furnace":1,"minecraft:bone_meal":114,"ars_nouveau:archwood_slab":6,"ars_nouveau:novice_spell_book":1,"born_in_chaos_v1:bone_handle":2,"minecraft:polished_deepslate":4,"minecraft:iron_axe":3,"minecraft:stone_pickaxe":1,"minecraft:spruce_boat":3,"bloomingnature:fan_palm_door":3,"useless_sword:amethyst_sword":1,"minecraft:cooked_beef":3,"minecraft:iron_sword":2,"mcwbridges:bridge_torch":8,"minecraft:stone_axe":2,"minecraft:bread":3,"minecraft:air":0,"minecraft:golden_apple":1,"minecraft:gold_nugget":706,"hmag:soul_apple":1,"minecraft:oak_stairs":196,"minecraft:wooden_axe":1,"minecraft:iron_shovel":3,"minecraft:iron_leggings":1,"minecraft:torch":36},"minecraft:killed":{"born_in_chaos_v1:zombie_clown":1,"minecraft:cave_spider":9,"born_in_chaos_v1:restless_spirit":5,"born_in_chaos_v1:door_knight_not_despawn":1,"minecraft:spider":16,"born_in_chaos_v1:baby_skeleton_minion":6,"minecraft:skeleton":10,"realmrpg_demons:chort":2,"born_in_chaos_v1:supreme_bonescaller_stage_2":2,"irons_spellbooks:summoned_skeleton":1,"hmag:harpy":1,"minecraft:pig":2,"born_in_chaos_v1:diamond_termite":3,"irons_spellbooks:necromancer":3,"minecraft:sheep":1,"minecraft:zombie":15,"born_in_chaos_v1:corpse_fly":2,"hmag:melty_monster":1,"minecraft:stray":12,"alexsmobs:fly":1,"minecraft:cow":2,"minecraft:vex":2,"irons_spellbooks:summoned_zombie":6,"bloomingnature:deer":1,"alexsmobs:seagull":1,"born_in_chaos_v1:skeleton_thrasher_not_despawn":1,"born_in_chaos_v1:maggot":7,"hmag:zombie_girl":2,"born_in_chaos_v1:corpse_fish":4,"born_in_chaos_v1:fallen_chaos_knight":1,"hmag:ghost":4,"graveyard:ghoul":2,"born_in_chaos_v1:bone_imp_minion":14,"born_in_chaos_v1:decrepit_skeleton":3,"born_in_chaos_v1:bloody_gadfly":1,"alexsmobs:cockroach":1,"iceandfire:ghost":9,"born_in_chaos_v1:bonescaller_not_despawn":4},"minecraft:broken":{"minecraft:iron_shovel":2,"minecraft:iron_boots":1,"minecraft:iron_chestplate":1,"minecraft:stone_axe":1,"minecraft:iron_sword":1,"minecraft:iron_axe":1,"minecraft:iron_pickaxe":1,"minecraft:iron_helmet":1},"minecraft:used":{"minecraft:beetroot":1,"minecraft:iron_shovel":792,"minecraft:chest":13,"minecraft:shield":2,"minecraft:iron_sword":1319,"minecraft:iron_chestplate":1,"minecraft:carrot":323,"minecraft:spruce_boat":3,"born_in_chaos_v1:corpse_maggot":4,"minecraft:birch_sapling":22,"minecraft:iron_helmet":2,"minecraft:cooked_cod":3,"minecraft:furnace":9,"minecraft:egg":3,"bloomingnature:fan_palm_planks":5,"minecraft:spruce_door":2,"minecraft:oak_planks":351,"minecraft:stone_pickaxe":2,"minecraft:wooden_pickaxe":17,"irons_spellbooks:tarnished_helmet":2,"minecraft:sugar_cane":19,"minecraft:cookie":1,"minecraft:sand":17,"minecraft:mushroom_stew":1,"minecraft:blast_furnace":2,"hmag:randomberry":2,"minecraft:black_bed":3,"bloomingnature:fan_palm_door":2,"minecraft:birch_slab":6,"minecraft:bread":3,"minecraft:deepslate":1,"born_in_chaos_v1:rotten_fish":2,"minecraft:bone_meal":114,"born_in_chaos_v1:dark_ritual_dagger":28,"graveyard:sarcophagus":2,"minecraft:stone_sword":11,"minecraft:stone_shovel":100,"minecraft:spruce_planks":65,"minecraft:wooden_shovel":10,"minecraft:cooked_salmon":3,"minecraft:torch":44,"minecraft:dirt":21,"ars_nouveau:bastion_pod":10,"minecraft:spruce_stairs":2,"minecraft:granite":5,"hmag:soul_apple":1,"minecraft:dark_oak_planks":2,"minecraft:wooden_axe":7,"alexsmobs:maggot":2,"mcwbridges:oak_log_bridge_middle":5,"minecraft:iron_axe":274,"minecraft:oak_stairs":100,"minecraft:golden_carrot":30,"tombstone:gift":3,"minecraft:cooked_beef":3,"minecraft:cobbled_deepslate":28,"minecraft:water_bucket":18,"tombstone:scroll_of_knowledge":1,"tombstone:scroll_of_reach":1,"bloomingnature:forest_moss":1,"minecraft:birch_planks":533,"minecraft:crafting_table":17,"minecraft:white_bed":1,"minecraft:spruce_log":1,"useless_sword:amethyst_sword":120,"minecraft:oak_log":43,"minecraft:wooden_hoe":52,"minecraft:apple":12,"mcwbridges:bridge_torch":6,"minecraft:iron_pickaxe":559,"minecraft:spruce_sapling":1,"mcwbridges:oak_log_bridge_stair":3,"minecraft:stone_axe":155,"minecraft:cobblestone":23,"minecraft:cooked_porkchop":3,"minecraft:bucket":25,"alexsmobs:animal_dictionary":1,"vinery:apple_tree_sapling":4,"ars_nouveau:scribes_table":3,"minecraft:birch_stairs":305}},"DataVersion":3465}