{"stats":{"minecraft:dropped":{"iceandfire:raw_silver":5,"minecraft:cooked_porkchop":3,"minecraft:dark_oak_slab":6,"minecraft:weeping_vines":6,"irons_spellbooks:tarnished_helmet":1,"mynethersdelight:powder_cannon":4,"minecraft:red_mushroom":1,"minecraft:red_carpet":1,"minecraft:emerald":10,"minecraft:dirt":173,"irons_spellbooks:arcane_essence":2,"minecraft:chain":3,"minecraft:gold_nugget":64,"minecraft:wooden_sword":1,"minecraft:bone_meal":3,"minecraft:dark_oak_planks":8,"minecraft:birch_stairs":24,"minecraft:bone":65,"minecraft:iron_nugget":9,"minecraft:golden_chestplate":1,"minecraft:cobbled_deepslate":26,"minecraft:birch_sapling":35,"minecraft:wheat":5,"minecraft:obsidian":2,"minecraft:rotten_flesh":22,"minecraft:oak_planks":2,"bloomingnature:genisteae":1,"minecraft:tipped_arrow":2,"minecraft:jungle_stairs":1,"minecraft:quartz_block":1,"iceandfire:bestiary":1,"minecraft:enchanted_book":2,"minecraft:iron_ingot":14,"born_in_chaos_v1:shattered_skull":14,"minecraft:wheat_seeds":37,"minecraft:prismarine_crystals":8,"minecraft:cobblestone":237,"minecraft:iron_helmet":2,"minecraft:oak_fence":1,"minecraft:feather":18,"minecraft:book":64,"minecraft:apple":1,"minecraft:granite":11,"chococraft:gysahl_green_seeds":7,"minecraft:coal":14,"minecraft:golden_apple":4,"minecraft:oxeye_daisy":1,"minecraft:cobweb":6,"born_in_chaos_v1:black_argillite":6,"minecraft:golden_carrot":2,"bloomingnature:chestnut_log":9,"minecraft:white_banner":2,"minecraft:iron_shovel":2,"minecraft:paper":1,"minecraft:string":42,"hmag:evil_crystal_fragment":4,"minecraft:spruce_sapling":33,"minecraft:furnace":4,"minecraft:iron_boots":4,"minecraft:lily_of_the_valley":2,"alexsmobs:cockroach_wing_fragment":2,"minecraft:spruce_planks":8,"minecraft:bundle":3,"iceandfire:lectern":1,"minecraft:spider_eye":4,"minecraft:stone_bricks":7,"minecraft:bow":2,"minecraft:magma_block":2,"minecraft:birch_planks":40,"bloomingnature:fan_palm_planks":64,"minecraft:oak_log":1,"mca:bouquet":2,"minecraft:lantern":7,"minecraft:leather":2,"minecraft:jungle_planks":1,"artifacts:flippers":1,"paraglider:spirit_orb":4,"minecraft:cracked_polished_blackstone_bricks":2,"born_in_chaos_v1:monster_skin":40,"minecraft:cornflower":3,"minecraft:crimson_roots":2,"ironchest:iron_chest":1,"iceandfire:ash":1,"minecraft:gravel":12,"minecraft:blackstone":3,"bloomingnature:swamp_oak_planks":2,"paraglider:horned_statue":2,"born_in_chaos_v1:ethereal_spirit":2,"minecraft:carrot":2,"minecraft:poppy":1,"minecraft:stone_brick_wall":2,"minecraft:beetroot_seeds":4,"born_in_chaos_v1:corpse_maggot":3,"born_in_chaos_v1:dark_metal_ingot":14,"minecraft:birch_door":6,"minecraft:basalt":1,"minecraft:arrow":47,"minecraft:quartz":3,"minecraft:netherrack":120,"minecraft:bread":1,"minecraft:oak_slab":3,"born_in_chaos_v1:orbofthe_summoner":2,"minecraft:amethyst_block":2,"minecraft:copper_ingot":1,"iceandfire:cyclops_eye":2,"minecraft:stick":18,"minecraft:torch":14,"tombstone:grave_key":1,"minecraft:smooth_quartz":3,"bloomingnature:swamp_oak_sapling":2,"born_in_chaos_v1:stimulating_decoction":1,"tombstone:grave_dust":9,"minecraft:iron_axe":3,"irons_spellbooks:frozen_bone":10,"minecraft:smooth_basalt":2,"minecraft:tuff":14,"minecraft:stripped_oak_log":6,"minecraft:shield":2,"minecraft:andesite":2,"minecraft:oak_boat":1,"minecraft:stone_pickaxe":2,"minecraft:wooden_pickaxe":1,"minecraft:calcite":3,"tombstone:tablet_of_cupidity":2},"minecraft:custom":{"minecraft:interact_with_crafting_table":159,"minecraft:open_barrel":89,"goblintraders:trade_with_goblin":32,"minecraft:eat_cake_slice":2,"minecraft:leave_game":27,"minecraft:time_since_death":34016,"minecraft:damage_blocked_by_shield":3265,"minecraft:play_time":869769,"minecraft:deaths":39,"minecraft:jump":12323,"minecraft:enchant_item":3,"minecraft:interact_with_furnace":48,"minecraft:sleep_in_bed":21,"minecraft:waystone_activated":2,"tombstone:sneak_grave":1,"minecraft:damage_dealt":87172,"tombstone:undead_killed":214,"minecraft:interact_with_smithing_table":11,"minecraft:interact_with_anvil":1,"minecraft:sneak_time":51616,"minecraft:interact_with_blast_furnace":35,"minecraft:total_world_time":869769,"tombstone:raider_killed":12,"minecraft:time_since_rest":33020,"tombstone:cast_on_ally":0,"minecraft:swim_one_cm":334372,"minecraft:fly_one_cm":2301213,"minecraft:open_chest":521,"minecraft:fall_one_cm":288535,"minecraft:sprint_one_cm":1080158,"minecraft:drop":327,"minecraft:talked_to_villager":2,"minecraft:interact_with_brewingstand":3,"minecraft:walk_on_water_one_cm":191046,"minecraft:crouch_one_cm":183832,"minecraft:mob_kills":385,"minecraft:damage_dealt_resisted":10217,"minecraft:climb_one_cm":22486,"minecraft:walk_one_cm":2311939,"minecraft:walk_under_water_one_cm":177680,"minecraft:boat_one_cm":431443,"minecraft:damage_taken":27192,"minecraft:trigger_trapped_chest":3},"minecraft:picked_up":{"minecraft:birch_door":12,"minecraft:flower_pot":2,"minecraft:prismarine_shard":2,"minecraft:oak_stairs":23,"minecraft:enchanted_book":3,"bloomingnature:fan_palm_log":26,"minecraft:amethyst_block":8,"iceandfire:manuscript":14,"minecraft:string":70,"graveyard:sarcophagus":2,"minecraft:beetroot":1,"minecraft:gold_nugget":1525,"minecraft:cobbled_deepslate":345,"mcwbridges:oak_log_bridge_middle":3,"minecraft:spruce_planks":249,"mcwbridges:bridge_torch":4,"minecraft:coal_block":3,"born_in_chaos_v1:shattered_skull":24,"ironchest:diamond_chest":1,"tombstone:tablet_of_cupidity":3,"minecraft:golden_chestplate":1,"bloomingnature:chestnut_log":13,"ars_nouveau:worn_notebook":1,"iceandfire:fire_dragon_heart":1,"minecraft:iron_block":1,"tombstone:scroll_of_aquatic_life":1,"minecraft:iron_bars":2,"minecraft:birch_log":194,"minecraft:magma_block":22,"minecraft:feather":29,"born_in_chaos_v1:spiritual_dust":15,"minecraft:birch_slab":1,"travelersbackpack:ocelot":1,"minecraft:flint":1,"ars_nouveau:scribes_table":2,"minecraft:lantern":9,"artifacts:flippers":1,"patchouli:guide_book":1,"iceandfire:dragon_skull_fire":1,"minecraft:dark_oak_log":2,"alexsmobs:animal_dictionary":1,"minecraft:bundle":8,"minecraft:white_candle":2,"iceandfire:lectern":3,"minecraft:granite":24,"minecraft:bread":1,"alexsmobs:maggot":4,"born_in_chaos_v1:rotten_fish":6,"minecraft:dark_oak_fence":1,"minecraft:crimson_roots":2,"iceandfire:raw_silver":5,"minecraft:crafting_table":11,"irons_spellbooks:tarnished_helmet":2,"born_in_chaos_v1:seedof_chaos":30,"minecraft:cornflower":8,"minecraft:iron_shovel":3,"iceandfire:graveyard_soil":6,"iceandfire:bestiary":2,"minecraft:beef":6,"minecraft:iron_nugget":17,"minecraft:poppy":1,"minecraft:chest":7,"minecraft:birch_sapling":106,"minecraft:egg":5,"ironchest:iron_chest":5,"minecraft:fire_charge":2,"born_in_chaos_v1:pieceofdarkmetal":58,"minecraft:carrot":794,"minecraft:prismarine_crystals":5,"minecraft:tnt":2,"ars_nouveau:green_archwood_log":1,"minecraft:beetroot_seeds":4,"mynethersdelight:bullet_pepper":3,"tombstone:essence_of_undeath":1,"minecraft:gold_ingot":2,"minecraft:mutton":51,"minecraft:white_wool":25,"minecraft:oxeye_daisy":1,"minecraft:stripped_oak_log":12,"minecraft:red_mushroom":1,"minecraft:oak_log":71,"minecraft:paper":1,"minecraft:white_banner":2,"mynethersdelight:powder_cannon":9,"chococraft:gysahl_green":16,"minecraft:apple":21,"minecraft:stone_bricks":16,"alexsmobs:cockroach_wing_fragment":3,"born_in_chaos_v1:smoked_flesh":3,"minecraft:stone_pickaxe":3,"minecraft:cobweb":6,"minecraft:iron_sword":3,"minecraft:smooth_basalt":3,"minecraft:dark_oak_slab":9,"bloomingnature:fan_palm_planks":64,"born_in_chaos_v1:ethereal_spirit":19,"born_in_chaos_v1:orbofthe_summoner":5,"minecraft:gravel":12,"minecraft:birch_stairs":79,"minecraft:spruce_sapling":42,"minecraft:spruce_log":102,"hmag:randomberry":1,"minecraft:crimson_nylium":32,"bloomingnature:forest_moss":1,"minecraft:ender_pearl":2,"minecraft:wheat":30,"minecraft:potion":2,"born_in_chaos_v1:black_argillite":6,"irons_spellbooks:arcane_essence":4,"born_in_chaos_v1:dark_metal_ingot":21,"minecraft:bucket":1,"minecraft:calcite":6,"mcwbridges:oak_log_bridge_stair":3,"minecraft:smooth_quartz":3,"born_in_chaos_v1:stimulating_decoction":3,"minecraft:iron_boots":6,"minecraft:furnace":12,"minecraft:tipped_arrow":4,"minecraft:stick":150,"minecraft:birch_trapdoor":2,"minecraft:oak_fence":1,"minecraft:torch":86,"minecraft:spruce_stairs":2,"minecraft:porkchop":3,"tombstone:grave_dust":44,"born_in_chaos_v1:nightmare_claw":3,"minecraft:andesite_wall":1,"minecraft:quartz_block":1,"minecraft:nether_gold_ore":5,"minecraft:rotten_flesh":97,"minecraft:obsidian":3,"vinery:apple_log":12,"minecraft:cobblestone":688,"minecraft:andesite":2,"minecraft:black_bed":3,"minecraft:potato":3,"useless_sword:enderman_scale":1,"paraglider:spirit_orb":74,"minecraft:tuff":14,"minecraft:wither_skeleton_skull":1,"minecraft:lapis_lazuli":33,"minecraft:dirt":364,"hmag:evil_crystal_fragment":10,"born_in_chaos_v1:monster_skin":65,"minecraft:bone":136,"minecraft:bow":4,"minecraft:wheat_seeds":134,"minecraft:raw_gold":37,"tombstone:scroll_of_reach":1,"minecraft:oak_planks":154,"bloomingnature:fan_palm_door":1,"irons_spellbooks:frozen_bone":51,"minecraft:cooked_porkchop":3,"iceandfire:podium_spruce":1,"hmag:soul_powder":6,"minecraft:sand":154,"minecraft:jungle_planks":1,"minecraft:lily_of_the_valley":2,"minecraft:diamond":49,"minecraft:cracked_polished_blackstone_bricks":4,"minecraft:crossbow":1,"minecraft:bone_meal":3,"minecraft:golden_apple":6,"minecraft:emerald":18,"minecraft:oak_sapling":47,"minecraft:netherrack":969,"mca:bouquet":1,"born_in_chaos_v1:diamond_termite_shard":3,"minecraft:chicken":2,"minecraft:stone_brick_wall":2,"minecraft:chain":8,"minecraft:shield":3,"minecraft:iron_axe":4,"minecraft:wooden_sword":1,"minecraft:blackstone":4,"graveyard:corruption":4,"vinery:apple_tree_sapling":3,"tombstone:scroll_of_unstable_intangibility":1,"graveyard:gravestone":1,"minecraft:sugar_cane":33,"bloomingnature:fan_palm_sprout":2,"iceandfire:dragonscales_gray":33,"minecraft:raw_iron":70,"iceandfire:dragonbone":10,"minecraft:copper_ingot":1,"ars_nouveau:purple_archwood_sapling":1,"ars_nouveau:blue_archwood_log":2,"minecraft:stone_button":2,"minecraft:cookie":1,"minecraft:dark_oak_planks":8,"iceandfire:cyclops_eye":5,"minecraft:arrow":97,"minecraft:weeping_vines":7,"minecraft:jungle_stairs":1,"paraglider:horned_statue":4,"minecraft:skeleton_skull":1,"born_in_chaos_v1:fused_bone":2,"born_in_chaos_v1:corpse_maggot":18,"minecraft:basalt":1,"minecraft:golden_carrot":1,"minecraft:leather":41,"bloomingnature:swamp_oak_planks":4,"minecraft:birch_planks":77,"minecraft:crimson_fungus":3,"bloomingnature:genisteae":1,"iceandfire:ectoplasm":22,"minecraft:gunpowder":4,"minecraft:wooden_hoe":1,"minecraft:cooked_mutton":1,"irons_spellbooks:common_ink":1,"minecraft:red_carpet":1,"minecraft:coast_armor_trim_smithing_template":2,"bloomingnature:swamp_oak_sapling":4,"bloomingnature:foxglove_white":1,"chococraft:gold_gysahl":1,"minecraft:heart_of_the_sea":1,"minecraft:iron_ingot":39,"cozy_home:white_lamp":2,"bloomingnature:chestnut_sapling":19,"iceandfire:fire_dragon_flesh":3,"minecraft:oak_slab":3,"minecraft:nether_quartz_ore":53,"born_in_chaos_v1:death_totem":3,"born_in_chaos_v1:lifestealer_bone":9,"iceandfire:ash":1,"minecraft:quartz":7,"born_in_chaos_v1:dark_rod":2,"minecraft:amethyst_shard":110,"chococraft:gysahl_green_seeds":7,"minecraft:blast_furnace":1,"minecraft:white_bed":2,"minecraft:spruce_door":5,"minecraft:spider_eye":18,"useless_sword:vex_ectoplasm":1,"minecraft:iron_helmet":3,"tombstone:magic_scroll":4,"minecraft:black_wool":1,"minecraft:coal":42},"minecraft:mined":{"minecraft:dark_oak_planks":2,"minecraft:white_bed":2,"minecraft:potted_crimson_fungus":2,"minecraft:obsidian":1,"minecraft:granite":24,"born_in_chaos_v1:dark_metal_deposit":14,"minecraft:stone_brick_wall":2,"minecraft:coal_block":3,"minecraft:oxeye_daisy":2,"minecraft:spawner":34,"minecraft:weeping_vines_plant":3,"minecraft:tall_seagrass":4,"minecraft:magma_block":35,"minecraft:fire":18,"minecraft:deepslate_lapis_ore":6,"minecraft:polished_deepslate_slab":9,"iceandfire:gold_pile":152,"minecraft:oak_stairs":17,"born_in_chaos_v1:black_argillite_n":1,"minecraft:iron_block":1,"minecraft:tripwire":1,"minecraft:crimson_nylium":51,"ars_nouveau:light_block":3,"minecraft:amethyst_cluster":29,"minecraft:powder_snow":1,"minecraft:torch":11,"minecraft:blast_furnace":1,"minecraft:sugar_cane":17,"minecraft:amethyst_block":9,"minecraft:skeleton_skull":1,"minecraft:chain":6,"paraglider:horned_statue":2,"minecraft:wheat":2,"minecraft:black_bed":2,"minecraft:grass":1058,"minecraft:smooth_basalt":3,"born_in_chaos_v1:infernal_evil_pumpkin_s":1,"minecraft:deepslate":299,"iceandfire:silver_ore":5,"minecraft:dark_oak_log":3,"minecraft:dark_oak_fence":1,"minecraft:cobbled_deepslate_slab":10,"minecraft:jungle_planks":1,"born_in_chaos_v1:black_argillite":3,"minecraft:crimson_roots":2,"minecraft:andesite":2,"bloomingnature:chestnut_planks":4,"graveyard:sarcophagus":2,"minecraft:vine":3,"ironchest:iron_chest":4,"iceandfire:podium_spruce":1,"minecraft:white_wool":1,"minecraft:birch_stairs":43,"minecraft:lily_of_the_valley":10,"minecraft:cornflower":15,"minecraft:campfire":12,"minecraft:tall_grass":349,"minecraft:deepslate_gold_ore":12,"mcwbridges:oak_log_bridge_middle":3,"graveyard:vase_block":2,"minecraft:spruce_log":3,"minecraft:birch_leaves":4,"minecraft:gravel":7,"minecraft:cobweb":31,"minecraft:stone_bricks":11,"minecraft:fern":11,"minecraft:large_amethyst_bud":1,"minecraft:spruce_planks":1,"iceandfire:graveyard_soil":3,"vinery:apple_tree_sapling":1,"mcwbridges:oak_log_bridge_stair":3,"minecraft:budding_amethyst":2,"minecraft:grass_block":531,"minecraft:cracked_polished_blackstone_bricks":4,"iceandfire:lectern":1,"bloomingnature:genisteae":20,"minecraft:iron_ore":47,"chococraft:gysahl_green":6,"mcwbridges:bridge_torch":4,"minecraft:iron_bars":1,"graveyard:wither_skull_pile":1,"minecraft:spruce_slab":1,"mynethersdelight:powdery_cane":5,"minecraft:quartz_block":7,"minecraft:blackstone":3,"minecraft:jungle_stairs":1,"minecraft:calcite":6,"minecraft:poppy":1,"minecraft:chest":5,"minecraft:nether_quartz_ore":60,"minecraft:cobblestone":3,"ars_nouveau:scribes_table":2,"minecraft:oak_planks":146,"minecraft:wall_torch":18,"minecraft:seagrass":1,"farmersdelight:sandy_shrub":1,"minecraft:dark_oak_slab":5,"minecraft:birch_log":1,"minecraft:birch_trapdoor":2,"born_in_chaos_v1:river_mint":3,"minecraft:tnt":1,"ironchest:diamond_chest":1,"minecraft:oak_log":1,"minecraft:sand":178,"minecraft:dirt":91,"vinery:apple_leaves":3,"minecraft:wither_skeleton_skull":1,"minecraft:netherrack":1922,"minecraft:nether_gold_ore":5,"minecraft:tuff":13,"minecraft:potted_wither_rose":1,"minecraft:deepslate_diamond_ore":49,"born_in_chaos_v1:infected_diamond_ore":2,"minecraft:weeping_vines":1,"minecraft:birch_slab":2,"minecraft:spruce_leaves":16,"minecraft:large_fern":35,"bloomingnature:forest_moss":1,"minecraft:furnace":4,"minecraft:carrots":216,"treechop:chopped_log":44,"minecraft:polished_deepslate":1,"minecraft:deepslate_iron_ore":23,"minecraft:lantern":1,"bloomingnature:bluebell":9,"minecraft:stone":298,"mynethersdelight:powdery_cannon":1,"born_in_chaos_v1:marigolds":1,"minecraft:basalt":1,"minecraft:spruce_door":5,"minecraft:oak_fence":1,"minecraft:crafting_table":11,"born_in_chaos_v1:black_argillite_brick_n":1,"bloomingnature:foxglove_white":6,"minecraft:spruce_stairs":2,"farmersdelight:wild_beetroots":4,"minecraft:birch_planks":18,"ars_nouveau:blue_archwood_log":2,"minecraft:ice":2,"minecraft:coal_ore":3},"minecraft:killed_by":{"born_in_chaos_v1:nightmare_stalker":1,"irons_spellbooks:summoned_zombie":1,"hmag:melty_monster":1,"alexsmobs:bison":1,"minecraft:creeper":1,"realmrpg_demons:chort":1,"graveyard:ghoul":1,"minecraft:spider":1,"born_in_chaos_v1:corpse_fish":1},"minecraft:crafted":{"minecraft:smooth_stone":3,"travelersbackpack:crafting_upgrade":1,"born_in_chaos_v1:dark_charge":4,"minecraft:birch_slab":6,"mcwbridges:oak_log_bridge_stair":6,"travelersbackpack:diamond":1,"minecraft:glass":32,"born_in_chaos_v1:nightmare_mantleofthe_night_chestplate":1,"minecraft:quartz_block":1,"minecraft:diamond_helmet":1,"minecraft:diamond_leggings":1,"minecraft:birch_door":3,"minecraft:deepslate":4,"minecraft:wooden_shovel":1,"minecraft:emerald":25,"minecraft:cooked_porkchop":3,"hmag:soul_powder":4,"farmersdelight:iron_knife":1,"travelersbackpack:standard":5,"minecraft:spruce_door":3,"minecraft:smithing_table":1,"waystones:warp_stone":1,"minecraft:wooden_hoe":1,"minecraft:iron_pickaxe":5,"minecraft:gold_ingot":32,"minecraft:birch_stairs":372,"minecraft:golden_carrot":109,"minecraft:stone_shovel":1,"mca:bouquet":1,"minecraft:bone_meal":114,"ironchest:gold_to_diamond_chest_upgrade":1,"travelersbackpack:blank_upgrade":4,"travelersbackpack:gold_tier_upgrade":1,"travelersbackpack:white_sleeping_bag":1,"ars_nouveau:novice_spell_book":1,"minecraft:stone_pickaxe":3,"minecraft:diamond_boots":1,"minecraft:spruce_boat":3,"minecraft:dark_oak_planks":8,"ironchest:wood_to_iron_chest_upgrade":2,"mcwbridges:bridge_torch":8,"ironchest:iron_to_gold_chest_upgrade":1,"minecraft:golden_apple":1,"hmag:soul_apple":1,"minecraft:oak_stairs":196,"minecraft:wooden_axe":1,"minecraft:iron_shovel":3,"minecraft:iron_leggings":3,"minecraft:oak_planks":900,"ars_nouveau:archwood_planks":20,"minecraft:stone":3,"born_in_chaos_v1:dark_metal_ingot":12,"born_in_chaos_v1:dark_ritual_dagger":1,"minecraft:iron_boots":2,"tombstone:grave_key":5,"minecraft:chest":13,"minecraft:stone_hoe":1,"minecraft:oak_fence":6,"born_in_chaos_v1:pileof_dark_metal":9,"minecraft:oak_slab":12,"travelersbackpack:iron_tier_upgrade":1,"minecraft:crafting_table":12,"minecraft:spruce_planks":284,"minecraft:wooden_pickaxe":2,"minecraft:iron_helmet":1,"bloomingnature:fan_palm_planks":104,"minecraft:birch_planks":1284,"mcwbridges:oak_log_bridge_middle":12,"minecraft:iron_chestplate":2,"minecraft:diamond_pickaxe":2,"minecraft:charcoal":1,"minecraft:shield":1,"minecraft:stick":84,"minecraft:iron_ingot":79,"minecraft:stone_sword":1,"ars_nouveau:scribes_table":1,"born_in_chaos_v1:sharpened_dark_metal_sword":1,"minecraft:oak_door":3,"bloomingnature:chestnut_planks":8,"minecraft:coal":28,"born_in_chaos_v1:nightmare_mantleofthe_night_leggings":1,"born_in_chaos_v1:nightmare_mantleofthe_night_boots":1,"minecraft:furnace":9,"minecraft:blast_furnace":1,"ars_nouveau:archwood_slab":6,"born_in_chaos_v1:bone_handle":2,"minecraft:polished_deepslate":4,"minecraft:iron_axe":4,"bloomingnature:fan_palm_door":3,"useless_sword:amethyst_sword":1,"travelersbackpack:diamond_tier_upgrade":1,"minecraft:cooked_beef":3,"paraglider:paraglider":1,"minecraft:diamond_sword":1,"travelersbackpack:backpack_tank":4,"minecraft:iron_sword":2,"minecraft:stone_axe":2,"minecraft:bread":3,"minecraft:air":0,"minecraft:oak_boat":1,"minecraft:gold_nugget":895,"minecraft:torch":40,"minecraft:diamond_chestplate":1},"minecraft:killed":{"minecraft:cave_spider":13,"born_in_chaos_v1:restless_spirit":6,"born_in_chaos_v1:door_knight_not_despawn":1,"born_in_chaos_v1:pumpkin_spirit":1,"realmrpg_demons:imp":2,"realmrpg_demons:imp_guard":1,"born_in_chaos_v1:siamese_skeletonsright":1,"born_in_chaos_v1:baby_skeleton_minion":9,"minecraft:skeleton":29,"minecraft:chicken":1,"born_in_chaos_v1:supreme_bonescaller_stage_2":2,"hmag:catoblepas":2,"born_in_chaos_v1:bone_imp":1,"minecraft:pillager":12,"minecraft:zombie":44,"born_in_chaos_v1:corpse_fly":2,"hmag:melty_monster":2,"born_in_chaos_v1:door_knight":2,"minecraft:cow":3,"bloomingnature:deer":1,"hmag:skeleton_girl":4,"alexsmobs:seagull":1,"born_in_chaos_v1:skeleton_thrasher_not_despawn":2,"hmag:zombie_girl":7,"iceandfire:siren":1,"born_in_chaos_v1:barrel_zombie":1,"graveyard:ghoul":4,"born_in_chaos_v1:bone_imp_minion":20,"iceandfire:cyclops":2,"born_in_chaos_v1:decrepit_skeleton":9,"hmag:kobold":1,"born_in_chaos_v1:bloody_gadfly":3,"iceandfire:ghost":21,"born_in_chaos_v1:dark_vortex":1,"born_in_chaos_v1:controlled_baby_skeleton":2,"minecraft:enderman":3,"born_in_chaos_v1:lifestealer_true_form":2,"born_in_chaos_v1:zombie_clown":2,"minecraft:spider":37,"born_in_chaos_v1:scarlet_persecutor":2,"realmrpg_demons:chort":7,"realmrpg_demons:demon":1,"irons_spellbooks:summoned_skeleton":3,"hmag:harpy":3,"minecraft:piglin":6,"born_in_chaos_v1:bonescaller":1,"minecraft:pig":2,"born_in_chaos_v1:diamond_termite":3,"hmag:wither_ghost":2,"irons_spellbooks:necromancer":4,"minecraft:creeper":2,"alexsmobs:crimson_mosquito":1,"minecraft:sheep":6,"minecraft:stray":17,"alexsmobs:fly":1,"born_in_chaos_v1:siamese_skeletonsleft":1,"minecraft:vex":3,"irons_spellbooks:summoned_zombie":8,"alexsmobs:tasmanian_devil":1,"born_in_chaos_v1:zombie_bruiser":2,"born_in_chaos_v1:maggot":15,"minecraft:drowned":1,"born_in_chaos_v1:corpse_fish":8,"born_in_chaos_v1:fallen_chaos_knight":1,"hmag:ghost":4,"born_in_chaos_v1:baby_skeleton":1,"born_in_chaos_v1:decaying_zombie":1,"alexsmobs:cockroach":2,"born_in_chaos_v1:bonescaller_not_despawn":7,"born_in_chaos_v1:nightmare_stalker":1,"hmag:cursed_doll":1},"minecraft:broken":{"minecraft:golden_boots":1,"minecraft:diamond_helmet":1,"minecraft:iron_boots":1,"minecraft:iron_chestplate":1,"minecraft:iron_leggings":2,"minecraft:iron_sword":1,"minecraft:iron_axe":1,"minecraft:iron_pickaxe":3,"minecraft:iron_helmet":1,"minecraft:golden_helmet":1,"minecraft:iron_shovel":2,"minecraft:stone_pickaxe":1,"minecraft:diamond_boots":1,"minecraft:stone_axe":1,"minecraft:golden_chestplate":1,"useless_sword:amethyst_sword":1},"minecraft:used":{"minecraft:beetroot":1,"minecraft:chest":16,"travelersbackpack:diamond":1,"ironchest:iron_chest":4,"minecraft:spruce_boat":3,"minecraft:lava_bucket":68,"minecraft:birch_sapling":22,"minecraft:quartz_block":1,"minecraft:dark_oak_slab":3,"minecraft:furnace":10,"minecraft:cooked_cod":3,"minecraft:egg":3,"minecraft:spruce_door":7,"minecraft:blackstone":1,"minecraft:wooden_pickaxe":36,"irons_spellbooks:tarnished_helmet":2,"mynethersdelight:powder_cannon":5,"minecraft:cookie":1,"minecraft:sand":17,"minecraft:blast_furnace":2,"bloomingnature:fan_palm_door":2,"minecraft:birch_slab":6,"minecraft:diamond_sword":569,"minecraft:smithing_table":1,"born_in_chaos_v1:dark_ritual_dagger":28,"ironchest:wood_to_iron_chest_upgrade":2,"minecraft:stone_sword":11,"minecraft:cooked_salmon":3,"minecraft:netherrack":794,"minecraft:torch":61,"minecraft:iron_axe":609,"tombstone:gift":6,"minecraft:cobbled_deepslate":107,"minecraft:water_bucket":23,"tombstone:scroll_of_reach":1,"bloomingnature:forest_moss":1,"minecraft:birch_planks":885,"ironchest:gold_to_diamond_chest_upgrade":1,"minecraft:crafting_table":19,"born_in_chaos_v1:skullbreaker_hammer":19,"minecraft:white_bed":2,"minecraft:spruce_log":1,"useless_sword:amethyst_sword":380,"minecraft:oak_log":44,"minecraft:diamond_pickaxe":2245,"minecraft:iron_pickaxe":823,"minecraft:spruce_sapling":1,"minecraft:crimson_nylium":18,"minecraft:cobblestone":64,"travelersbackpack:standard":6,"minecraft:cooked_porkchop":3,"vinery:apple_tree_sapling":5,"minecraft:iron_shovel":792,"minecraft:shield":143,"minecraft:iron_sword":1665,"minecraft:iron_chestplate":1,"minecraft:carrot":461,"minecraft:glass":2,"born_in_chaos_v1:corpse_maggot":4,"minecraft:iron_helmet":2,"minecraft:stone_bricks":6,"minecraft:golden_sword":5,"minecraft:magma_block":4,"bloomingnature:fan_palm_planks":5,"minecraft:stone_pickaxe":165,"minecraft:oak_planks":466,"minecraft:sugar_cane":19,"minecraft:white_wool":6,"mynethersdelight:bullet_pepper":2,"minecraft:mushroom_stew":1,"ars_nouveau:archwood_planks":3,"hmag:randomberry":2,"minecraft:crossbow":1,"minecraft:black_bed":4,"minecraft:bread":3,"tombstone:grave_key":12,"ironchest:iron_to_gold_chest_upgrade":1,"minecraft:deepslate":1,"born_in_chaos_v1:rotten_fish":2,"minecraft:bone_meal":114,"minecraft:cobweb":3,"graveyard:sarcophagus":2,"minecraft:stone_shovel":100,"minecraft:spruce_planks":65,"minecraft:wooden_shovel":10,"minecraft:oak_door":2,"minecraft:dirt":31,"ironchest:diamond_chest":1,"ars_nouveau:bastion_pod":10,"minecraft:spruce_stairs":2,"minecraft:granite":13,"minecraft:dark_oak_planks":4,"hmag:soul_apple":1,"minecraft:wooden_axe":7,"paraglider:horned_statue":2,"alexsmobs:maggot":2,"mcwbridges:oak_log_bridge_middle":5,"minecraft:oak_stairs":100,"minecraft:golden_carrot":106,"minecraft:cooked_beef":3,"minecraft:cooked_mutton":2,"tombstone:scroll_of_knowledge":1,"tombstone:tablet_of_home":6,"minecraft:wooden_hoe":52,"minecraft:apple":12,"cozy_home:white_lamp":2,"minecraft:cracked_polished_blackstone_bricks":2,"mcwbridges:bridge_torch":6,"mcwbridges:oak_log_bridge_stair":3,"minecraft:stone_axe":155,"minecraft:bucket":97,"alexsmobs:animal_dictionary":1,"ars_nouveau:scribes_table":3,"minecraft:birch_stairs":305}},"DataVersion":3465}