{"stats":{"minecraft:used":{"minecraft:beetroot":1,"minecraft:iron_shovel":16,"minecraft:stone_sword":11,"bloomingnature:forest_moss":1,"minecraft:stone_pickaxe":2,"minecraft:stone_shovel":100,"minecraft:spruce_planks":4,"minecraft:wooden_pickaxe":17,"minecraft:iron_sword":59,"minecraft:wooden_shovel":10,"minecraft:cooked_salmon":3,"minecraft:iron_chestplate":1,"minecraft:torch":1,"minecraft:sand":17,"minecraft:dirt":7,"minecraft:crafting_table":9,"minecraft:spruce_log":1,"minecraft:spruce_boat":2,"minecraft:wooden_axe":7,"minecraft:iron_pickaxe":21,"minecraft:iron_axe":124,"minecraft:spruce_sapling":1,"minecraft:stone_axe":31,"born_in_chaos_v1:rotten_fish":1,"minecraft:cooked_cod":3,"minecraft:furnace":3,"minecraft:cooked_porkchop":2,"tombstone:gift":1,"alexsmobs:animal_dictionary":1,"minecraft:cooked_beef":3},"minecraft:custom":{"minecraft:interact_with_furnace":11,"minecraft:mob_kills":26,"minecraft:interact_with_crafting_table":15,"minecraft:open_barrel":12,"minecraft:leave_game":9,"minecraft:time_since_death":4359,"minecraft:climb_one_cm":527,"minecraft:time_since_rest":2449,"minecraft:damage_taken":2332,"minecraft:sprint_one_cm":98683,"minecraft:walk_one_cm":190478,"minecraft:trigger_trapped_chest":1,"minecraft:drop":13,"minecraft:damage_dealt":5434,"minecraft:swim_one_cm":60885,"minecraft:fly_one_cm":180763,"minecraft:open_chest":14,"minecraft:crouch_one_cm":11586,"minecraft:play_time":104054,"minecraft:sneak_time":2834,"tombstone:undead_killed":7,"minecraft:deaths":6,"minecraft:walk_under_water_one_cm":9487,"minecraft:boat_one_cm":370877,"minecraft:jump":1200,"minecraft:walk_on_water_one_cm":14399,"minecraft:total_world_time":104054,"minecraft:fall_one_cm":23712},"minecraft:crafted":{"minecraft:cooked_beef":3,"minecraft:wooden_shovel":1,"minecraft:stone_shovel":1,"minecraft:cooked_porkchop":3,"minecraft:crafting_table":2,"minecraft:spruce_planks":68,"minecraft:wooden_pickaxe":1,"minecraft:furnace":2,"minecraft:stone_axe":1,"minecraft:air":0,"minecraft:iron_chestplate":1,"minecraft:charcoal":1,"minecraft:iron_axe":1,"minecraft:stick":24,"minecraft:iron_pickaxe":1,"minecraft:stone_pickaxe":1,"minecraft:wooden_axe":1,"minecraft:stone_sword":1,"minecraft:iron_shovel":1,"minecraft:spruce_boat":2,"minecraft:torch":8,"minecraft:stone_hoe":1},"minecraft:dropped":{"minecraft:cooked_porkchop":3,"minecraft:prismarine_crystals":3,"minecraft:jungle_planks":1,"minecraft:dirt":2,"minecraft:spruce_planks":8,"minecraft:jungle_stairs":1,"minecraft:beetroot_seeds":4,"minecraft:chain":2,"minecraft:bone_meal":2,"minecraft:string":2},"minecraft:killed":{"born_in_chaos_v1:fallen_chaos_knight":1,"hmag:ghost":2,"minecraft:pig":2,"graveyard:ghoul":2,"born_in_chaos_v1:restless_spirit":5,"born_in_chaos_v1:door_knight_not_despawn":1,"minecraft:spider":3,"alexsmobs:seagull":1,"born_in_chaos_v1:decrepit_skeleton":2,"born_in_chaos_v1:bloody_gadfly":1,"iceandfire:ghost":1,"born_in_chaos_v1:corpse_fish":4,"minecraft:cow":1},"minecraft:picked_up":{"minecraft:crafting_table":7,"minecraft:feather":2,"minecraft:birch_slab":1,"minecraft:leather":2,"minecraft:chain":3,"bloomingnature:fan_palm_log":26,"minecraft:dirt":15,"minecraft:string":3,"minecraft:bone":4,"minecraft:beetroot":1,"iceandfire:graveyard_soil":3,"minecraft:bucket":1,"minecraft:spruce_planks":9,"minecraft:beef":3,"minecraft:sugar_cane":23,"bloomingnature:fan_palm_sprout":1,"minecraft:furnace":1,"minecraft:stick":12,"minecraft:cooked_porkchop":3,"hmag:soul_powder":4,"born_in_chaos_v1:ethereal_spirit":6,"minecraft:porkchop":3,"minecraft:sand":95,"minecraft:jungle_planks":1,"minecraft:spruce_sapling":42,"minecraft:spruce_log":102,"born_in_chaos_v1:pieceofdarkmetal":3,"minecraft:spider_eye":1,"minecraft:rotten_flesh":9,"minecraft:beetroot_seeds":4,"minecraft:jungle_stairs":1,"minecraft:bone_meal":2,"born_in_chaos_v1:rotten_fish":4,"bloomingnature:forest_moss":1,"minecraft:coal":1,"minecraft:cobblestone":29},"minecraft:killed_by":{"born_in_chaos_v1:nightmare_stalker":1,"realmrpg_demons:chort":1,"graveyard:ghoul":1,"minecraft:creeper":1,"minecraft:spider":1,"born_in_chaos_v1:corpse_fish":1},"minecraft:mined":{"iceandfire:graveyard_soil":3,"minecraft:crafting_table":7,"minecraft:jungle_stairs":1,"minecraft:grass_block":9,"minecraft:jungle_planks":1,"minecraft:tall_grass":8,"minecraft:birch_slab":1,"minecraft:spruce_leaves":15,"minecraft:sugar_cane":10,"minecraft:spawner":2,"minecraft:large_fern":2,"farmersdelight:wild_beetroots":4,"bloomingnature:forest_moss":1,"farmersdelight:sandy_shrub":1,"minecraft:furnace":1,"minecraft:spruce_log":3,"treechop:chopped_log":20,"minecraft:grass":4,"minecraft:coal_ore":1,"minecraft:vine":1,"minecraft:sand":119,"minecraft:dirt":15,"minecraft:stone":29,"minecraft:spruce_slab":1,"minecraft:fern":5}},"DataVersion":3465}