{"stats":{"minecraft:used":{"minecraft:beetroot":1,"minecraft:ladder":119,"minecraft:chest":19,"travelersbackpack:diamond":1,"ironchest:iron_chest":4,"minecraft:spruce_boat":3,"minecraft:lava_bucket":69,"born_in_chaos_v1:sharpened_dark_metal_sword":312,"minecraft:birch_sapling":31,"minecraft:quartz_block":1,"minecraft:dark_oak_slab":3,"born_in_chaos_v1:nightmare_stalker_skull":2,"minecraft:bow":3,"minecraft:cooked_cod":3,"minecraft:furnace":17,"minecraft:egg":3,"minecraft:potato":6,"minecraft:leather_leggings":1,"minecraft:spruce_door":7,"minecraft:blackstone":3,"minecraft:leather_chestplate":1,"minecraft:wooden_pickaxe":36,"irons_spellbooks:tarnished_helmet":2,"mynethersdelight:powder_cannon":5,"minecraft:cookie":1,"minecraft:golden_apple":1,"minecraft:sand":17,"minecraft:blast_furnace":2,"minecraft:enderman_spawn_egg":1,"born_in_chaos_v1:infernal_evil_pumpkin":3,"bloomingnature:fan_palm_door":2,"minecraft:birch_slab":24,"minecraft:soul_lantern":1,"minecraft:diamond_sword":708,"minecraft:smithing_table":1,"minecraft:birch_log":9,"born_in_chaos_v1:dark_ritual_dagger":28,"ironchest:wood_to_iron_chest_upgrade":5,"minecraft:stone_sword":11,"minecraft:cooked_salmon":3,"minecraft:netherrack":1284,"minecraft:torch":63,"minecraft:anvil":2,"minecraft:nether_quartz_ore":53,"minecraft:chainmail_chestplate":2,"minecraft:iron_axe":707,"minecraft:beef":31,"minecraft:iron_trapdoor":1,"enchantmentmachine:enchantment_block":2,"tombstone:gift":7,"torchmaster:megatorch":3,"minecraft:cobbled_deepslate":415,"minecraft:water_bucket":33,"tombstone:scroll_of_reach":1,"bloomingnature:forest_moss":1,"minecraft:birch_planks":1169,"ironchest:gold_to_diamond_chest_upgrade":1,"minecraft:crafting_table":21,"born_in_chaos_v1:skullbreaker_hammer":81,"minecraft:white_bed":2,"minecraft:spruce_log":1,"useless_sword:amethyst_sword":380,"minecraft:oak_log":44,"minecraft:diamond_pickaxe":6106,"minecraft:diamond_shovel":853,"minecraft:iron_pickaxe":823,"minecraft:spruce_sapling":1,"minecraft:crimson_nylium":37,"enchantinginfuser:enchanting_infuser":4,"minecraft:cobblestone":92,"travelersbackpack:standard":6,"minecraft:cooked_porkchop":3,"vinery:apple_tree_sapling":5,"irons_spellbooks:arcane_anvil":2,"mcwwindows:stone_brick_gothic":6,"iceandfire:ghost_sword":3,"minecraft:iron_shovel":792,"minecraft:shield":168,"minecraft:iron_sword":1668,"minecraft:iron_chestplate":1,"enchantmentmachine:enchanter_block":2,"minecraft:carrot":475,"minecraft:obsidian":5,"minecraft:glass":2,"born_in_chaos_v1:corpse_maggot":4,"minecraft:iron_helmet":2,"easy_npc:easy_npc_spawner":1,"minecraft:stone_bricks":6,"minecraft:bedrock":3,"minecraft:golden_sword":5,"minecraft:magma_block":13,"bloomingnature:fan_palm_planks":5,"mcwwindows:oak_plank_window":21,"minecraft:stone_pickaxe":165,"minecraft:oak_planks":889,"minecraft:sugar_cane":19,"minecraft:diamond_axe":180,"mcwwindows:oak_blinds":21,"minecraft:white_wool":6,"mynethersdelight:bullet_pepper":2,"ars_nouveau:archwood_planks":3,"minecraft:mushroom_stew":1,"hmag:randomberry":2,"minecraft:crossbow":1,"minecraft:black_bed":4,"minecraft:shears":1,"minecraft:creeper_spawn_egg":1,"waystones:waystone":2,"minecraft:bread":3,"tombstone:grave_key":14,"enchantmentmachine:disenchanter_block":3,"minecraft:deepslate":1,"ironchest:iron_to_gold_chest_upgrade":5,"minecraft:gravel":24,"easy_npc:zombie_spawn_egg":1,"born_in_chaos_v1:rotten_fish":2,"minecraft:chainmail_boots":1,"minecraft:grindstone":5,"minecraft:bone_meal":114,"minecraft:cobweb":3,"minecraft:experience_bottle":2,"graveyard:sarcophagus":2,"minecraft:flint_and_steel":1,"minecraft:stone_shovel":100,"minecraft:spruce_planks":71,"securitycraft:keypad_door_item":4,"minecraft:wooden_shovel":10,"minecraft:oak_door":2,"minecraft:dirt":144,"ironchest:diamond_chest":2,"minecraft:spruce_stairs":2,"ars_nouveau:bastion_pod":10,"minecraft:diamond_helmet":1,"minecraft:granite":13,"minecraft:dark_oak_planks":4,"paraglider:horned_statue":2,"hmag:soul_apple":1,"minecraft:wooden_axe":7,"alexsmobs:maggot":3,"mcwbridges:oak_log_bridge_middle":5,"minecraft:oak_stairs":108,"torchmaster:feral_flare_lantern":5,"minecraft:golden_carrot":156,"ironchest:diamond_to_crystal_chest_upgrade":1,"ironchest:gold_chest":4,"minecraft:cooked_beef":11,"minecraft:cooked_mutton":2,"tombstone:scroll_of_knowledge":1,"tombstone:tablet_of_home":6,"tombstone:bag_of_seeds":2,"minecraft:wooden_hoe":52,"minecraft:apple":12,"cozy_home:white_lamp":2,"minecraft:cracked_polished_blackstone_bricks":2,"mcwbridges:bridge_torch":6,"mcwbridges:oak_log_bridge_stair":3,"minecraft:stone_axe":155,"minecraft:bucket":113,"alexsmobs:animal_dictionary":1,"ars_nouveau:scribes_table":3,"minecraft:birch_stairs":305},"minecraft:dropped":{"iceandfire:raw_silver":5,"iceandfire:armor_gray_boots":1,"minecraft:cooked_porkchop":3,"minecraft:dark_oak_slab":6,"minecraft:weeping_vines":6,"irons_spellbooks:tarnished_helmet":2,"mynethersdelight:powder_cannon":4,"minecraft:red_mushroom":1,"minecraft:red_carpet":1,"minecraft:emerald":10,"minecraft:dirt":761,"irons_spellbooks:arcane_essence":2,"minecraft:chain":5,"minecraft:gold_nugget":64,"minecraft:wooden_sword":1,"minecraft:bone_meal":3,"minecraft:dark_oak_planks":8,"minecraft:white_wool":21,"minecraft:birch_stairs":24,"minecraft:bone":65,"irons_spellbooks:blank_rune":1,"minecraft:iron_nugget":9,"minecraft:golden_chestplate":1,"minecraft:cobbled_deepslate":159,"minecraft:birch_sapling":35,"minecraft:wheat":5,"minecraft:obsidian":2,"minecraft:rotten_flesh":64,"minecraft:oak_planks":2,"bloomingnature:genisteae":1,"iceandfire:armor_gray_leggings":1,"minecraft:tipped_arrow":2,"minecraft:jungle_stairs":1,"minecraft:quartz_block":1,"iceandfire:bestiary":1,"minecraft:stone_brick_stairs":1,"minecraft:enchanted_book":2,"iceandfire:dragonbone_sword":1,"minecraft:iron_ingot":14,"born_in_chaos_v1:shattered_skull":14,"minecraft:wheat_seeds":41,"ironchest:gold_chest":1,"minecraft:iron_helmet":2,"minecraft:oak_fence":1,"minecraft:feather":18,"minecraft:cobblestone":500,"minecraft:prismarine_crystals":8,"minecraft:book":64,"minecraft:apple":1,"minecraft:granite":42,"chococraft:gysahl_green_seeds":7,"minecraft:coal":16,"minecraft:golden_apple":4,"minecraft:polished_andesite":1,"minecraft:oxeye_daisy":1,"minecraft:cobweb":6,"born_in_chaos_v1:black_argillite":6,"minecraft:golden_carrot":2,"bloomingnature:chestnut_log":9,"minecraft:diamond_helmet":1,"minecraft:white_banner":2,"minecraft:iron_shovel":2,"minecraft:paper":1,"minecraft:string":42,"hmag:evil_crystal_fragment":4,"minecraft:spruce_sapling":34,"minecraft:furnace":8,"minecraft:iron_boots":5,"minecraft:spruce_fence":1,"portablemobs:basic_capture_cell":1,"minecraft:lily_of_the_valley":2,"alexsmobs:cockroach_wing_fragment":2,"minecraft:spruce_planks":23,"minecraft:bundle":3,"iceandfire:lectern":1,"minecraft:spider_eye":15,"minecraft:stone_bricks":8,"minecraft:bow":5,"minecraft:magma_block":10,"minecraft:soul_sand":1,"minecraft:birch_planks":42,"bloomingnature:fan_palm_planks":64,"minecraft:oak_log":1,"mca:bouquet":2,"minecraft:lantern":7,"minecraft:leather":6,"minecraft:jungle_planks":1,"artifacts:flippers":1,"minecraft:birch_slab":18,"paraglider:spirit_orb":4,"minecraft:cracked_polished_blackstone_bricks":10,"born_in_chaos_v1:monster_skin":40,"minecraft:cornflower":3,"minecraft:crimson_roots":2,"ironchest:iron_chest":1,"iceandfire:ash":2,"minecraft:polished_blackstone_bricks":8,"iceandfire:armor_gray_helmet":1,"minecraft:gravel":26,"minecraft:blackstone":4,"bloomingnature:swamp_oak_planks":2,"paraglider:horned_statue":2,"born_in_chaos_v1:ethereal_spirit":2,"minecraft:carrot":2,"minecraft:chainmail_chestplate":1,"minecraft:poppy":1,"minecraft:mangrove_log":2,"minecraft:beetroot_seeds":4,"born_in_chaos_v1:corpse_maggot":3,"minecraft:stone_brick_wall":2,"born_in_chaos_v1:dark_metal_ingot":14,"minecraft:birch_door":6,"minecraft:chainmail_boots":1,"minecraft:basalt":1,"minecraft:arrow":47,"minecraft:quartz":3,"minecraft:netherrack":454,"minecraft:bread":1,"minecraft:oak_slab":3,"bloomingnature:foxglove_white":1,"born_in_chaos_v1:orbofthe_summoner":2,"minecraft:amethyst_block":2,"minecraft:copper_ingot":1,"iceandfire:cyclops_eye":2,"minecraft:stick":21,"minecraft:diorite":2,"minecraft:nether_gold_ore":10,"minecraft:torch":14,"tombstone:grave_key":1,"minecraft:smooth_quartz":3,"bloomingnature:swamp_oak_sapling":11,"born_in_chaos_v1:stimulating_decoction":1,"tombstone:grave_dust":9,"minecraft:iron_leggings":1,"minecraft:polished_andesite_stairs":1,"minecraft:iron_axe":3,"irons_spellbooks:frozen_bone":10,"minecraft:bucket":1,"minecraft:smooth_basalt":2,"minecraft:tuff":33,"minecraft:stripped_oak_log":6,"minecraft:shield":2,"iceandfire:armor_gray_chestplate":1,"minecraft:iron_chestplate":1,"minecraft:andesite":10,"minecraft:oak_boat":1,"minecraft:stone_pickaxe":2,"minecraft:wooden_pickaxe":1,"minecraft:calcite":9,"tombstone:tablet_of_cupidity":2},"minecraft:crafted":{"minecraft:smooth_stone":3,"travelersbackpack:crafting_upgrade":1,"born_in_chaos_v1:dark_charge":4,"minecraft:birch_slab":36,"waystones:waystone":1,"mcwbridges:oak_log_bridge_stair":6,"minecraft:diamond_shovel":1,"travelersbackpack:diamond":2,"paraglider:deku_leaf":1,"minecraft:quartz_block":1,"born_in_chaos_v1:nightmare_mantleofthe_night_chestplate":1,"minecraft:glass":49,"minecraft:diamond_helmet":1,"minecraft:diamond_leggings":1,"minecraft:birch_door":3,"iceandfire:armor_gray_boots":2,"minecraft:deepslate":4,"minecraft:wooden_shovel":1,"minecraft:emerald":33,"minecraft:cooked_porkchop":3,"minecraft:diamond_axe":1,"farmersdelight:iron_knife":1,"hmag:soul_powder":4,"travelersbackpack:standard":5,"minecraft:spruce_door":3,"minecraft:smithing_table":1,"waystones:warp_stone":2,"iceandfire:armor_gray_chestplate":2,"born_in_chaos_v1:armor_plate_from_dark_metal":4,"minecraft:wooden_hoe":1,"minecraft:iron_pickaxe":5,"minecraft:gold_ingot":330,"minecraft:netherite_ingot":3,"minecraft:birch_stairs":372,"minecraft:golden_carrot":124,"minecraft:stone_shovel":1,"ironchest:diamond_to_crystal_chest_upgrade":1,"mca:bouquet":1,"minecraft:bone_meal":114,"ironchest:gold_to_diamond_chest_upgrade":1,"travelersbackpack:blank_upgrade":4,"travelersbackpack:gold_tier_upgrade":1,"travelersbackpack:white_sleeping_bag":1,"ars_nouveau:novice_spell_book":1,"minecraft:ladder":120,"minecraft:stone_pickaxe":3,"minecraft:diamond_boots":1,"minecraft:spruce_boat":3,"minecraft:dark_oak_planks":8,"iceandfire:dragonbone_sword":2,"ironchest:wood_to_iron_chest_upgrade":5,"mcwbridges:bridge_torch":8,"ironchest:iron_to_gold_chest_upgrade":5,"minecraft:golden_apple":2,"hmag:soul_apple":1,"minecraft:wooden_axe":1,"minecraft:oak_stairs":204,"minecraft:iron_shovel":3,"minecraft:iron_leggings":4,"minecraft:oak_planks":1112,"ars_nouveau:archwood_planks":24,"iceandfire:ghost_sword":1,"minecraft:stone":3,"born_in_chaos_v1:dark_metal_ingot":12,"born_in_chaos_v1:dark_ritual_dagger":1,"minecraft:iron_boots":2,"tombstone:grave_key":6,"iceandfire:armor_gray_helmet":2,"minecraft:chest":16,"born_in_chaos_v1:dark_upgrade":4,"minecraft:stone_hoe":1,"minecraft:oak_fence":6,"born_in_chaos_v1:pileof_dark_metal":9,"minecraft:oak_slab":12,"travelersbackpack:iron_tier_upgrade":1,"minecraft:crafting_table":14,"minecraft:spruce_planks":284,"minecraft:wooden_pickaxe":2,"minecraft:iron_helmet":1,"bloomingnature:fan_palm_planks":104,"minecraft:birch_planks":1604,"mcwbridges:oak_log_bridge_middle":12,"minecraft:iron_chestplate":3,"minecraft:diamond_pickaxe":2,"minecraft:charcoal":1,"minecraft:shield":2,"minecraft:stick":376,"minecraft:iron_ingot":97,"minecraft:stone_sword":1,"ars_nouveau:scribes_table":1,"born_in_chaos_v1:sharpened_dark_metal_sword":1,"minecraft:shears":1,"minecraft:oak_door":3,"bloomingnature:chestnut_planks":8,"minecraft:coal":28,"iceandfire:armor_gray_leggings":2,"born_in_chaos_v1:nightmare_mantleofthe_night_leggings":1,"born_in_chaos_v1:nightmare_mantleofthe_night_boots":1,"minecraft:furnace":16,"minecraft:blast_furnace":1,"born_in_chaos_v1:nightmare_mantleofthe_night_helmet":1,"ars_nouveau:archwood_slab":6,"minecraft:glass_pane":16,"minecraft:flint_and_steel":1,"born_in_chaos_v1:bone_handle":2,"minecraft:polished_deepslate":4,"minecraft:iron_axe":4,"bloomingnature:fan_palm_door":3,"minecraft:netherite_scrap":14,"useless_sword:amethyst_sword":1,"travelersbackpack:diamond_tier_upgrade":1,"minecraft:cooked_beef":29,"paraglider:paraglider":2,"minecraft:diamond_sword":1,"travelersbackpack:backpack_tank":4,"minecraft:iron_sword":2,"minecraft:stone_axe":2,"minecraft:bread":3,"minecraft:air":0,"minecraft:oak_boat":1,"minecraft:gold_nugget":895,"minecraft:torch":40,"minecraft:diamond_chestplate":1},"minecraft:broken":{"minecraft:golden_boots":1,"minecraft:diamond_helmet":1,"minecraft:iron_boots":1,"minecraft:iron_chestplate":1,"minecraft:iron_leggings":2,"minecraft:iron_sword":1,"minecraft:diamond_leggings":1,"minecraft:iron_axe":2,"minecraft:iron_pickaxe":3,"minecraft:iron_helmet":1,"minecraft:golden_helmet":1,"minecraft:iron_shovel":2,"minecraft:leather_leggings":1,"minecraft:stone_pickaxe":1,"minecraft:diamond_boots":1,"minecraft:stone_axe":1,"minecraft:golden_chestplate":1,"useless_sword:amethyst_sword":1},"minecraft:killed":{"minecraft:cave_spider":20,"born_in_chaos_v1:restless_spirit":6,"born_in_chaos_v1:zombie_lumberjack":1,"born_in_chaos_v1:door_knight_not_despawn":1,"born_in_chaos_v1:pumpkin_spirit":1,"realmrpg_demons:imp":3,"realmrpg_demons:imp_guard":1,"born_in_chaos_v1:siamese_skeletonsright":1,"born_in_chaos_v1:baby_skeleton_minion":11,"minecraft:skeleton":54,"minecraft:chicken":1,"bloomingnature:squirrel":1,"alexsmobs:straddler":1,"alexsmobs:laviathan":1,"born_in_chaos_v1:supreme_bonescaller_stage_2":3,"hmag:catoblepas":2,"minecraft:magma_cube":1,"born_in_chaos_v1:bone_imp":2,"minecraft:pillager":12,"minecraft:zombie":51,"born_in_chaos_v1:corpse_fly":4,"hmag:melty_monster":3,"born_in_chaos_v1:door_knight":2,"minecraft:cow":13,"bloomingnature:deer":1,"hmag:skeleton_girl":5,"alexsmobs:seagull":1,"born_in_chaos_v1:skeleton_thrasher_not_despawn":3,"hmag:zombie_girl":7,"iceandfire:siren":1,"born_in_chaos_v1:barrel_zombie":1,"minecraft:husk":8,"graveyard:ghoul":5,"born_in_chaos_v1:bone_imp_minion":23,"iceandfire:cyclops":2,"born_in_chaos_v1:decrepit_skeleton":9,"hmag:kobold":1,"born_in_chaos_v1:bloody_gadfly":3,"iceandfire:ghost":27,"born_in_chaos_v1:dark_vortex":1,"iceandfire:ice_dragon":1,"hmag:dodomeki":1,"born_in_chaos_v1:controlled_baby_skeleton":2,"minecraft:enderman":4,"born_in_chaos_v1:lifestealer_true_form":2,"born_in_chaos_v1:zombie_clown":2,"minecraft:zombified_piglin":1,"minecraft:spider":43,"born_in_chaos_v1:scarlet_persecutor":2,"realmrpg_demons:chort":9,"realmrpg_demons:demon":4,"irons_spellbooks:summoned_skeleton":3,"minecraft:piglin_brute":6,"born_in_chaos_v1:firelight_not_despawn":1,"hmag:harpy":3,"minecraft:piglin":16,"born_in_chaos_v1:bonescaller":2,"minecraft:pig":2,"born_in_chaos_v1:diamond_termite":3,"hmag:kasha":1,"hmag:wither_ghost":3,"irons_spellbooks:necromancer":4,"minecraft:creeper":4,"alexsmobs:crimson_mosquito":3,"minecraft:sheep":6,"minecraft:trader_llama":2,"born_in_chaos_v1:dread_hound":2,"minecraft:stray":29,"alexsmobs:fly":3,"born_in_chaos_v1:siamese_skeletonsleft":1,"minecraft:vex":4,"irons_spellbooks:summoned_zombie":8,"alexsmobs:tasmanian_devil":1,"bloomingnature:turkey":1,"born_in_chaos_v1:zombie_bruiser":2,"born_in_chaos_v1:maggot":15,"iceandfire:fire_dragon":1,"minecraft:drowned":1,"born_in_chaos_v1:corpse_fish":8,"realmrpg_wyrms:red_wyrm":1,"born_in_chaos_v1:fallen_chaos_knight":1,"hmag:ghost":4,"born_in_chaos_v1:baby_skeleton":3,"born_in_chaos_v1:decaying_zombie":1,"alexsmobs:cockroach":2,"born_in_chaos_v1:bonescaller_not_despawn":9,"born_in_chaos_v1:nightmare_stalker":1,"hmag:cursed_doll":1,"minecraft:wither_skeleton":7,"born_in_chaos_v1:decaying_zombie_not_despawn":2},"minecraft:mined":{"minecraft:dark_oak_planks":2,"minecraft:white_bed":2,"minecraft:potted_crimson_fungus":2,"minecraft:obsidian":5,"minecraft:granite":51,"minecraft:stone_brick_wall":2,"born_in_chaos_v1:dark_metal_deposit":14,"minecraft:coal_block":5,"minecraft:oxeye_daisy":2,"minecraft:spawner":53,"minecraft:weeping_vines_plant":5,"minecraft:polished_blackstone_bricks":11,"minecraft:tall_seagrass":5,"minecraft:magma_block":73,"minecraft:fire":20,"ironchest:gold_chest":4,"minecraft:deepslate_lapis_ore":6,"minecraft:enchanting_table":1,"iceandfire:gold_pile":242,"minecraft:polished_deepslate_slab":9,"minecraft:dirt_path":1,"minecraft:oak_stairs":25,"mcwwindows:oak_blinds":2,"born_in_chaos_v1:black_argillite_n":1,"minecraft:iron_block":3,"minecraft:tripwire":1,"minecraft:crimson_nylium":59,"ars_nouveau:light_block":4,"minecraft:amethyst_cluster":29,"minecraft:powder_snow":1,"minecraft:torch":11,"minecraft:blast_furnace":1,"minecraft:polished_andesite_stairs":1,"minecraft:nether_brick_slab":1,"minecraft:sugar_cane":17,"minecraft:amethyst_block":9,"minecraft:skeleton_skull":1,"minecraft:chain":8,"paraglider:horned_statue":2,"minecraft:wheat":2,"minecraft:black_bed":2,"minecraft:stone_brick_stairs":1,"minecraft:grass":1077,"minecraft:smooth_basalt":3,"born_in_chaos_v1:infernal_evil_pumpkin_s":1,"minecraft:deepslate":554,"iceandfire:silver_ore":5,"minecraft:dark_oak_log":3,"minecraft:cobbled_deepslate_slab":10,"minecraft:dark_oak_fence":1,"minecraft:spruce_fence":1,"born_in_chaos_v1:black_argillite":3,"minecraft:jungle_planks":1,"mcwwindows:oak_plank_window":2,"minecraft:crimson_roots":2,"minecraft:andesite":10,"bloomingnature:chestnut_planks":4,"graveyard:sarcophagus":2,"minecraft:vine":3,"ironchest:iron_chest":4,"iceandfire:podium_spruce":1,"minecraft:white_wool":1,"minecraft:birch_stairs":43,"minecraft:soul_sand":8,"minecraft:lily_of_the_valley":10,"minecraft:cornflower":15,"minecraft:campfire":12,"enchantmentmachine:disenchanter_block":1,"minecraft:tall_grass":377,"minecraft:deepslate_gold_ore":18,"mcwbridges:oak_log_bridge_middle":3,"minecraft:diorite":2,"graveyard:vase_block":2,"minecraft:spruce_log":3,"minecraft:birch_leaves":7,"iceandfire:silver_pile":6,"minecraft:gravel":54,"minecraft:cobweb":32,"minecraft:stone_bricks":15,"minecraft:iron_trapdoor":1,"minecraft:fern":17,"minecraft:large_amethyst_bud":1,"minecraft:spruce_planks":7,"iceandfire:graveyard_soil":3,"vinery:apple_tree_sapling":1,"mcwbridges:oak_log_bridge_stair":3,"irons_spellbooks:arcane_anvil":1,"minecraft:budding_amethyst":2,"minecraft:grass_block":653,"minecraft:cracked_polished_blackstone_bricks":17,"iceandfire:lectern":1,"bloomingnature:genisteae":20,"minecraft:iron_ore":53,"minecraft:anvil":1,"enchantmentmachine:enchanter_block":1,"chococraft:gysahl_green":6,"mcwbridges:bridge_torch":4,"minecraft:iron_bars":1,"graveyard:wither_skull_pile":1,"minecraft:spruce_slab":1,"mynethersdelight:powdery_cane":5,"minecraft:deepslate_redstone_ore":6,"minecraft:quartz_block":7,"minecraft:blackstone":15,"minecraft:soul_lantern":1,"minecraft:jungle_stairs":1,"minecraft:calcite":12,"minecraft:poppy":1,"minecraft:chest":5,"minecraft:nether_quartz_ore":315,"minecraft:cobblestone":9,"minecraft:oak_planks":226,"ars_nouveau:scribes_table":2,"minecraft:wall_torch":18,"minecraft:seagrass":1,"farmersdelight:sandy_shrub":1,"minecraft:dark_oak_slab":5,"minecraft:birch_log":21,"minecraft:birch_trapdoor":2,"ironchest:diamond_chest":2,"born_in_chaos_v1:river_mint":3,"minecraft:tnt":1,"minecraft:oak_log":1,"minecraft:dirt":818,"minecraft:sand":196,"minecraft:wither_skeleton_skull":1,"vinery:apple_leaves":3,"minecraft:netherrack":4598,"minecraft:ancient_debris":12,"minecraft:oak_leaves":1,"bloomingnature:beach_bush_tall":1,"minecraft:nether_gold_ore":15,"minecraft:tuff":32,"minecraft:potted_wither_rose":1,"minecraft:deepslate_diamond_ore":56,"enchantinginfuser:enchanting_infuser":1,"born_in_chaos_v1:nightmare_stalker_skull":2,"born_in_chaos_v1:infected_diamond_ore":2,"minecraft:weeping_vines":1,"born_in_chaos_v1:infernal_evil_pumpkin":2,"minecraft:birch_slab":4,"minecraft:spruce_leaves":29,"minecraft:large_fern":60,"bloomingnature:forest_moss":1,"minecraft:furnace":4,"minecraft:carrots":216,"treechop:chopped_log":55,"minecraft:gold_block":5,"minecraft:polished_deepslate":1,"minecraft:deepslate_iron_ore":26,"minecraft:lantern":1,"bloomingnature:bluebell":9,"minecraft:stone":574,"mynethersdelight:powdery_cannon":1,"born_in_chaos_v1:marigolds":1,"minecraft:basalt":38,"minecraft:spruce_door":5,"minecraft:oak_fence":1,"minecraft:crafting_table":11,"born_in_chaos_v1:black_argillite_brick_n":1,"bloomingnature:foxglove_white":6,"minecraft:spruce_stairs":2,"farmersdelight:wild_beetroots":4,"minecraft:birch_planks":54,"ars_nouveau:blue_archwood_log":2,"minecraft:sweet_berry_bush":1,"minecraft:ice":2,"minecraft:coal_ore":3,"bloomingnature:beach_grass":1,"minecraft:polished_andesite":1},"minecraft:picked_up":{"irons_spellbooks:arcane_anvil":1,"minecraft:birch_door":15,"minecraft:flower_pot":2,"minecraft:anvil":1,"minecraft:prismarine_shard":2,"minecraft:oak_stairs":45,"minecraft:enchanted_book":4,"bloomingnature:fan_palm_log":26,"minecraft:golden_sword":2,"minecraft:amethyst_block":8,"iceandfire:manuscript":30,"minecraft:string":87,"graveyard:sarcophagus":2,"minecraft:beetroot":1,"minecraft:gold_nugget":2758,"minecraft:cobbled_deepslate":595,"mcwbridges:oak_log_bridge_middle":3,"minecraft:spruce_planks":270,"mcwbridges:bridge_torch":4,"minecraft:coal_block":5,"minecraft:mangrove_log":2,"born_in_chaos_v1:shattered_skull":33,"minecraft:golden_axe":1,"ironchest:gold_chest":5,"ironchest:diamond_chest":2,"tombstone:tablet_of_cupidity":4,"portablemobs:basic_capture_cell":5,"minecraft:golden_chestplate":1,"bloomingnature:chestnut_log":13,"ars_nouveau:worn_notebook":1,"iceandfire:fire_dragon_heart":3,"minecraft:iron_block":3,"tombstone:scroll_of_aquatic_life":1,"minecraft:iron_bars":2,"minecraft:birch_log":283,"minecraft:magma_block":53,"minecraft:feather":32,"born_in_chaos_v1:spiritual_dust":25,"minecraft:birch_slab":27,"travelersbackpack:ocelot":1,"minecraft:flint":6,"ars_nouveau:scribes_table":2,"minecraft:lantern":9,"artifacts:flippers":2,"born_in_chaos_v1:nightmare_stalker_skull":2,"iceandfire:armor_gray_boots":1,"iceandfire:armor_gray_chestplate":1,"mcwwindows:oak_blinds":4,"paraglider:essence":1,"enchantmentmachine:enchanter_block":1,"patchouli:guide_book":1,"iceandfire:dragon_skull_fire":3,"minecraft:dark_oak_log":2,"alexsmobs:animal_dictionary":1,"minecraft:bundle":10,"minecraft:polished_andesite":1,"minecraft:white_candle":2,"iceandfire:lectern":4,"enchantinginfuser:enchanting_infuser":1,"minecraft:granite":73,"minecraft:bread":1,"alexsmobs:maggot":15,"born_in_chaos_v1:rotten_fish":6,"minecraft:dark_oak_fence":1,"minecraft:crimson_roots":2,"iceandfire:raw_silver":5,"ars_nouveau:red_archwood_log":2,"minecraft:crafting_table":11,"iceandfire:witherbone":3,"born_in_chaos_v1:seedof_chaos":49,"irons_spellbooks:tarnished_helmet":2,"iceandfire:armor_gray_helmet":1,"minecraft:cornflower":8,"minecraft:iron_shovel":3,"iceandfire:ghost_ingot":1,"iceandfire:graveyard_soil":6,"iceandfire:bestiary":2,"minecraft:beef":94,"minecraft:iron_nugget":21,"minecraft:poppy":1,"minecraft:chest":7,"minecraft:birch_sapling":130,"minecraft:egg":7,"enchantmentmachine:enchantment_block":1,"minecraft:oak_door":1,"ironchest:iron_chest":5,"minecraft:spruce_fence":1,"minecraft:fire_charge":2,"born_in_chaos_v1:pieceofdarkmetal":87,"minecraft:carrot":828,"minecraft:redstone":36,"minecraft:prismarine_crystals":5,"iceandfire:dragon_skull_ice":1,"ars_nouveau:green_archwood_log":1,"minecraft:tnt":3,"minecraft:beetroot_seeds":4,"mynethersdelight:bullet_pepper":6,"tombstone:essence_of_undeath":1,"minecraft:gold_ingot":143,"minecraft:mutton":79,"minecraft:white_wool":63,"minecraft:oxeye_daisy":1,"minecraft:stripped_oak_log":15,"born_in_chaos_v1:monster_flesh":1,"bloomingnature:tall_lupine_purple":4,"minecraft:red_mushroom":1,"minecraft:oak_log":124,"minecraft:ancient_debris":12,"iceandfire:dragonscales_blue":6,"minecraft:paper":1,"minecraft:white_banner":2,"mynethersdelight:powder_cannon":9,"chococraft:gysahl_green":16,"minecraft:apple":26,"minecraft:stone_bricks":20,"alexsmobs:cockroach_wing_fragment":3,"born_in_chaos_v1:smoked_flesh":3,"minecraft:stone_pickaxe":4,"minecraft:cobweb":6,"tombstone:bag_of_seeds":1,"minecraft:iron_sword":4,"minecraft:polished_andesite_stairs":1,"minecraft:smooth_basalt":3,"minecraft:dark_oak_slab":9,"bloomingnature:fan_palm_planks":64,"minecraft:sweet_berries":2,"born_in_chaos_v1:orbofthe_summoner":8,"born_in_chaos_v1:ethereal_spirit":22,"minecraft:gravel":60,"minecraft:birch_stairs":91,"minecraft:spruce_sapling":49,"minecraft:spruce_log":102,"hmag:randomberry":2,"iceandfire:ice_dragon_flesh":5,"minecraft:baked_potato":1,"minecraft:crimson_nylium":37,"bloomingnature:forest_moss":1,"minecraft:ender_pearl":8,"minecraft:wheat":59,"minecraft:iron_trapdoor":1,"enchantmentmachine:disenchanter_block":1,"minecraft:potion":3,"minecraft:stone_brick_stairs":1,"iceandfire:armor_gray_leggings":1,"born_in_chaos_v1:black_argillite":6,"minecraft:iron_leggings":1,"born_in_chaos_v1:dark_upgrade":1,"irons_spellbooks:arcane_essence":4,"alexsmobs:blood_sac":2,"born_in_chaos_v1:dark_metal_ingot":28,"minecraft:bucket":1,"minecraft:calcite":12,"netherdungeons:wither_skeleton_sword":1,"mcwbridges:oak_log_bridge_stair":3,"minecraft:smooth_quartz":3,"minecraft:iron_pickaxe":1,"born_in_chaos_v1:stimulating_decoction":4,"minecraft:iron_boots":8,"minecraft:furnace":18,"minecraft:tipped_arrow":14,"minecraft:stick":236,"born_in_chaos_v1:armor_plate_from_dark_metal":4,"minecraft:birch_trapdoor":2,"minecraft:oak_fence":1,"minecraft:torch":93,"minecraft:spruce_stairs":2,"minecraft:porkchop":3,"tombstone:grave_dust":69,"minecraft:diorite":2,"born_in_chaos_v1:nightmare_claw":6,"minecraft:andesite_wall":2,"minecraft:quartz_block":1,"minecraft:nether_gold_ore":20,"minecraft:rotten_flesh":168,"minecraft:obsidian":8,"vinery:apple_log":12,"minecraft:cobblestone":1340,"minecraft:enchanting_table":1,"hmag:copper_nugget":2,"minecraft:andesite":10,"minecraft:black_bed":3,"minecraft:potato":3,"useless_sword:enderman_scale":1,"paraglider:spirit_orb":121,"minecraft:tuff":33,"netherdungeons:piglins_axe":1,"minecraft:wither_skeleton_skull":1,"minecraft:lapis_lazuli":33,"minecraft:dirt":1919,"hmag:evil_crystal_fragment":12,"born_in_chaos_v1:monster_skin":73,"minecraft:bone":271,"minecraft:bow":10,"minecraft:wheat_seeds":202,"minecraft:raw_gold":37,"tombstone:scroll_of_reach":1,"minecraft:oak_planks":329,"bloomingnature:fan_palm_door":1,"irons_spellbooks:frozen_bone":117,"minecraft:cooked_porkchop":3,"iceandfire:podium_spruce":1,"hmag:soul_powder":10,"minecraft:sand":172,"minecraft:jungle_planks":1,"minecraft:lily_of_the_valley":2,"minecraft:diamond":70,"bloomingnature:swamp_oak_log":6,"minecraft:soul_lantern":1,"minecraft:cracked_polished_blackstone_bricks":15,"minecraft:crossbow":2,"minecraft:bone_meal":3,"minecraft:golden_apple":10,"minecraft:emerald":74,"minecraft:oak_sapling":103,"minecraft:netherrack":3204,"iceandfire:silver_nugget":66,"minecraft:oak_leaves":1,"mca:bouquet":1,"born_in_chaos_v1:diamond_termite_shard":6,"minecraft:splash_potion":1,"minecraft:chicken":4,"minecraft:ladder":3,"minecraft:stone_brick_wall":2,"minecraft:gold_block":2,"minecraft:chain":10,"minecraft:shield":4,"mcwwindows:oak_plank_window":4,"minecraft:iron_axe":5,"minecraft:wooden_sword":1,"minecraft:blackstone":8,"graveyard:corruption":7,"vinery:apple_tree_sapling":4,"tombstone:scroll_of_unstable_intangibility":1,"graveyard:gravestone":1,"minecraft:sugar_cane":33,"bloomingnature:fan_palm_sprout":2,"iceandfire:ice_dragon_heart":1,"minecraft:raw_iron":70,"iceandfire:dragonbone":41,"iceandfire:dragonscales_gray":61,"minecraft:copper_ingot":1,"ars_nouveau:purple_archwood_sapling":1,"ars_nouveau:blue_archwood_log":2,"minecraft:polished_blackstone_bricks":10,"minecraft:stone_button":2,"minecraft:cookie":1,"minecraft:dark_oak_planks":8,"minecraft:arrow":172,"minecraft:weeping_vines":8,"iceandfire:cyclops_eye":7,"minecraft:jungle_stairs":1,"paraglider:horned_statue":4,"minecraft:skeleton_skull":1,"born_in_chaos_v1:fused_bone":4,"born_in_chaos_v1:corpse_maggot":21,"born_in_chaos_v1:infernal_evil_pumpkin":2,"minecraft:basalt":35,"minecraft:golden_carrot":42,"useless_sword:wither_bone":2,"minecraft:leather":149,"bloomingnature:swamp_oak_planks":5,"minecraft:birch_planks":192,"minecraft:crimson_fungus":3,"bloomingnature:genisteae":1,"iceandfire:ectoplasm":63,"minecraft:gunpowder":6,"minecraft:wooden_hoe":1,"minecraft:cooked_mutton":1,"irons_spellbooks:common_ink":1,"minecraft:coast_armor_trim_smithing_template":2,"minecraft:red_carpet":1,"bloomingnature:foxglove_white":2,"bloomingnature:swamp_oak_sapling":14,"chococraft:gold_gysahl":1,"minecraft:heart_of_the_sea":1,"minecraft:iron_ingot":85,"cozy_home:white_lamp":2,"bloomingnature:chestnut_sapling":25,"iceandfire:fire_dragon_flesh":9,"minecraft:soul_sand":8,"minecraft:book":4,"minecraft:oak_slab":3,"minecraft:nether_quartz_ore":53,"born_in_chaos_v1:death_totem":3,"born_in_chaos_v1:lifestealer_bone":18,"iceandfire:ash":2,"minecraft:quartz":525,"minecraft:lava_bucket":1,"born_in_chaos_v1:dark_rod":4,"minecraft:amethyst_shard":110,"chococraft:gysahl_green_seeds":7,"minecraft:blast_furnace":1,"minecraft:white_bed":2,"minecraft:nether_brick_slab":1,"minecraft:spruce_door":5,"minecraft:spider_eye":34,"useless_sword:vex_ectoplasm":1,"minecraft:iron_helmet":4,"tombstone:magic_scroll":8,"minecraft:black_wool":1,"minecraft:coal":118},"minecraft:custom":{"minecraft:interact_with_crafting_table":185,"minecraft:open_barrel":124,"goblintraders:trade_with_goblin":41,"minecraft:eat_cake_slice":8,"minecraft:leave_game":33,"minecraft:time_since_death":155510,"minecraft:damage_blocked_by_shield":3495,"minecraft:play_time":1283706,"minecraft:deaths":49,"minecraft:jump":17199,"minecraft:enchant_item":17,"minecraft:interact_with_furnace":76,"minecraft:sleep_in_bed":25,"minecraft:waystone_activated":4,"tombstone:sneak_grave":1,"minecraft:damage_dealt":128786,"tombstone:undead_killed":299,"minecraft:interact_with_smithing_table":18,"minecraft:interact_with_anvil":23,"minecraft:sneak_time":71877,"minecraft:interact_with_blast_furnace":45,"minecraft:total_world_time":1283706,"tombstone:raider_killed":12,"minecraft:time_since_rest":125470,"tombstone:cast_on_ally":0,"minecraft:swim_one_cm":408022,"minecraft:fly_one_cm":3094279,"minecraft:open_chest":1260,"minecraft:fall_one_cm":369121,"minecraft:damage_resisted":15,"minecraft:sprint_one_cm":1719032,"minecraft:drop":434,"minecraft:talked_to_villager":7,"minecraft:interact_with_brewingstand":4,"minecraft:walk_on_water_one_cm":212031,"minecraft:crouch_one_cm":251461,"minecraft:mob_kills":559,"minecraft:damage_dealt_resisted":13246,"minecraft:climb_one_cm":74653,"minecraft:walk_one_cm":3471458,"minecraft:walk_under_water_one_cm":212634,"minecraft:boat_one_cm":431443,"minecraft:interact_with_grindstone":9,"minecraft:damage_taken":38649,"minecraft:damage_absorbed":40,"minecraft:trigger_trapped_chest":3},"minecraft:killed_by":{"born_in_chaos_v1:nightmare_stalker":1,"irons_spellbooks:summoned_zombie":1,"hmag:melty_monster":1,"alexsmobs:bison":1,"minecraft:creeper":1,"realmrpg_demons:chort":1,"graveyard:ghoul":1,"minecraft:spider":1,"born_in_chaos_v1:corpse_fish":1}},"DataVersion":3465}