{"stats":{"minecraft:crafted":{"minecraft:wooden_shovel":1,"minecraft:stone_shovel":1,"minecraft:crafting_table":2,"minecraft:spruce_planks":56,"minecraft:wooden_pickaxe":1,"minecraft:furnace":1,"minecraft:stone_axe":1,"minecraft:iron_axe":1,"minecraft:stick":20,"minecraft:iron_pickaxe":1,"minecraft:stone_pickaxe":1,"minecraft:wooden_axe":1,"minecraft:stone_sword":1,"minecraft:iron_shovel":1,"minecraft:spruce_boat":2,"minecraft:torch":4,"minecraft:stone_hoe":1},"minecraft:picked_up":{"minecraft:crafting_table":6,"minecraft:birch_slab":1,"minecraft:leather":2,"minecraft:chain":1,"minecraft:string":1,"minecraft:dirt":15,"minecraft:beetroot":1,"minecraft:spruce_planks":1,"minecraft:beef":3,"minecraft:sugar_cane":7,"minecraft:furnace":1,"minecraft:stick":11,"hmag:soul_powder":4,"born_in_chaos_v1:ethereal_spirit":1,"minecraft:sand":95,"minecraft:porkchop":2,"minecraft:spruce_sapling":38,"born_in_chaos_v1:pieceofdarkmetal":3,"minecraft:spruce_log":102,"minecraft:spider_eye":1,"minecraft:rotten_flesh":3,"minecraft:beetroot_seeds":4,"minecraft:bone_meal":2,"born_in_chaos_v1:rotten_fish":4,"minecraft:coal":1,"minecraft:cobblestone":29},"minecraft:custom":{"minecraft:interact_with_furnace":4,"minecraft:mob_kills":12,"minecraft:interact_with_crafting_table":12,"minecraft:leave_game":8,"minecraft:time_since_death":3827,"minecraft:time_since_rest":3137,"minecraft:sprint_one_cm":29790,"minecraft:damage_taken":805,"minecraft:walk_one_cm":101453,"minecraft:drop":4,"minecraft:damage_dealt":1750,"minecraft:swim_one_cm":6945,"minecraft:fly_one_cm":50287,"minecraft:open_chest":3,"minecraft:crouch_one_cm":8852,"minecraft:play_time":75778,"tombstone:undead_killed":1,"minecraft:deaths":2,"minecraft:sneak_time":2212,"minecraft:walk_under_water_one_cm":4069,"minecraft:boat_one_cm":370877,"minecraft:jump":546,"minecraft:walk_on_water_one_cm":7414,"minecraft:total_world_time":75778,"minecraft:fall_one_cm":10941},"minecraft:used":{"minecraft:beetroot":1,"minecraft:stone_sword":11,"minecraft:stone_pickaxe":2,"minecraft:stone_shovel":100,"minecraft:wooden_pickaxe":17,"minecraft:iron_sword":18,"minecraft:wooden_shovel":10,"minecraft:cooked_salmon":1,"minecraft:sand":17,"minecraft:dirt":7,"minecraft:crafting_table":7,"minecraft:spruce_log":1,"minecraft:spruce_boat":2,"minecraft:wooden_axe":7,"minecraft:iron_axe":73,"minecraft:iron_pickaxe":19,"minecraft:stone_axe":31,"born_in_chaos_v1:rotten_fish":1,"minecraft:furnace":1,"minecraft:cooked_cod":3,"alexsmobs:animal_dictionary":1},"minecraft:dropped":{"minecraft:beetroot_seeds":4},"minecraft:killed_by":{"minecraft:spider":1,"born_in_chaos_v1:corpse_fish":1},"minecraft:mined":{"minecraft:crafting_table":6,"minecraft:grass_block":5,"minecraft:birch_slab":1,"minecraft:spruce_leaves":14,"minecraft:sugar_cane":3,"farmersdelight:wild_beetroots":4,"minecraft:furnace":1,"minecraft:spruce_log":3,"treechop:chopped_log":17,"minecraft:grass":2,"minecraft:coal_ore":1,"minecraft:dirt":10,"minecraft:sand":119,"minecraft:stone":29,"minecraft:fern":3},"minecraft:killed":{"born_in_chaos_v1:fallen_chaos_knight":1,"hmag:ghost":2,"minecraft:pig":1,"born_in_chaos_v1:restless_spirit":1,"minecraft:spider":2,"born_in_chaos_v1:corpse_fish":4,"minecraft:cow":1}},"DataVersion":3465}