{"stats":{"minecraft:crafted":{"minecraft:oak_planks":40,"minecraft:furnace":2,"minecraft:iron_boots":1,"minecraft:iron_axe":1,"minecraft:stone_pickaxe":1,"minecraft:chest":1,"packedup:basicbackpack":1,"minecraft:wheat":99,"minecraft:red_dye":1,"minecraft:cooked_porkchop":4,"minecraft:crafting_table":5,"minecraft:spruce_planks":32,"minecraft:wooden_pickaxe":1,"minecraft:iron_helmet":1,"minecraft:iron_sword":1,"minecraft:bucket":1,"minecraft:birch_planks":8,"minecraft:stone_axe":1,"minecraft:bread":33,"minecraft:air":0,"minecraft:iron_chestplate":1,"minecraft:shield":1,"minecraft:stick":68,"minecraft:iron_ingot":70,"minecraft:iron_pickaxe":3,"minecraft:stone_sword":1,"minecraft:iron_leggings":1,"minecraft:torch":4},"minecraft:dropped":{"minecraft:crimson_planks":1,"minecraft:water_bucket":1,"minecraft:iron_ingot":53,"minecraft:bread":1,"minecraft:prismarine_shard":7,"minecraft:cobblestone":12,"relics:rune_of_love":2,"minecraft:rail":2,"minecraft:stick":9,"minecraft:diorite":4,"minecraft:torch":15,"tombstone:grave_dust":7,"minecraft:iron_pickaxe":1,"useless_sword:alloy_sword":1,"minecraft:bone":10,"minecraft:gravel":1,"alexsmobs:maggot":2,"chococraft:chocobo_feather":1,"minecraft:rotten_flesh":22,"minecraft:oak_planks":15,"minecraft:diamond_ore":2,"relics:slime_heart":1,"minecraft:shield":1,"minecraft:gunpowder":22,"minecraft:spruce_planks":8,"iceandfire:silver_ingot":7,"minecraft:leather_boots":2,"minecraft:chest":1,"minecraft:iron_ore":69},"minecraft:custom":{"minecraft:mob_kills":118,"minecraft:inspect_hopper":2,"minecraft:interact_with_crafting_table":37,"minecraft:open_barrel":49,"goblintraders:trade_with_goblin":18,"minecraft:damage_dealt_resisted":1945,"minecraft:leave_game":6,"minecraft:time_since_death":98283,"minecraft:climb_one_cm":5075,"minecraft:sprint_one_cm":242441,"minecraft:walk_one_cm":465486,"minecraft:damage_blocked_by_shield":1175,"minecraft:drop":40,"minecraft:talked_to_villager":5,"minecraft:sneak_time":4621,"minecraft:deaths":3,"minecraft:walk_under_water_one_cm":130440,"minecraft:boat_one_cm":90032,"minecraft:jump":3529,"minecraft:walk_on_water_one_cm":57299,"minecraft:interact_with_furnace":35,"tombstone:raider_killed":27,"minecraft:play_one_minute":204244,"minecraft:sleep_in_bed":4,"minecraft:time_since_rest":11594,"minecraft:damage_taken":6981,"minecraft:damage_dealt":26353,"minecraft:swim_one_cm":117135,"minecraft:fly_one_cm":714880,"minecraft:open_chest":98,"minecraft:crouch_one_cm":15430,"tombstone:undead_killed":52,"tombstone:villager_killed":2,"minecraft:inspect_dispenser":1,"minecraft:fall_one_cm":88001,"minecraft:interact_with_smithing_table":1},"minecraft:mined":{"minecraft:dark_oak_planks":2,"create:zinc_ore":10,"minecraft:dark_prismarine":1,"minecraft:tube_coral":1,"minecraft:spruce_planks":1,"minecraft:mossy_cobblestone":2,"minecraft:dark_oak_leaves":1,"minecraft:granite":8,"minecraft:grass_block":1,"minecraft:spruce_fence":1,"minecraft:spruce_leaves":6,"minecraft:spawner":9,"minecraft:large_fern":2,"minecraft:hay_block":7,"minecraft:smooth_stone":1,"minecraft:redstone_ore":2,"minecraft:furnace":2,"iceandfire:copper_ore":1,"minecraft:iron_ore":56,"minecraft:andesite":5,"create:copper_ore":20,"minecraft:peony":1,"minecraft:rail":1,"graveyard:tg_cobbled_deepslate_slab":16,"minecraft:stripped_acacia_log":2,"minecraft:stone":133,"minecraft:crafting_table":4,"graveyard:tg_deepslate_brick_stairs":10,"minecraft:torch":16,"minecraft:poppy":1,"minecraft:tall_grass":4,"minecraft:cobblestone":33,"jurassic_expansion:amber_ore":3,"graveyard:lying_skeleton":2,"minecraft:diorite":8,"minecraft:wall_torch":12,"minecraft:seagrass":1,"minecraft:birch_planks":5,"minecraft:bubble_coral":1,"minecraft:birch_log":2,"jurassic_expansion:fossil_ore":3,"minecraft:spruce_log":8,"graveyard:tg_deepslate_brick_slab":20,"graveyard:skull_pile":1,"minecraft:yellow_bed":1,"minecraft:grass":15,"minecraft:oak_log":10,"minecraft:coal_ore":23,"minecraft:gravel":4,"graveyard:leaning_skeleton":1,"minecraft:dirt":1,"minecraft:crimson_planks":1,"minecraft:tripwire_hook":1,"minecraft:stone_bricks":1,"graveyard:tg_cobbled_deepslate_stairs":10,"minecraft:oak_leaves":9,"minecraft:fern":5,"paraglider:goddess_statue":6},"minecraft:picked_up":{"minecraft:crafting_table":4,"relics:slime_heart":1,"minecraft:prismarine_shard":7,"minecraft:turtle_helmet":1,"minecraft:crimson_planks":1,"iceandfire:sea_serpent_scales_blue":8,"paraglider:goddess_statue":6,"minecraft:string":7,"minecraft:smooth_stone":1,"minecraft:spruce_planks":8,"minecraft:beef":6,"create:zinc_ore":10,"minecraft:written_book":1,"minecraft:poppy":1,"minecraft:iron_pickaxe":1,"minecraft:chest":1,"minecraft:furnace":2,"minecraft:diamond_ore":1,"minecraft:stick":3,"iceandfire:dragonbone":14,"iceandfire:deathworm_chitin_red":2,"minecraft:torch":42,"minecraft:porkchop":12,"tombstone:grave_dust":8,"minecraft:diorite":4,"minecraft:trident":1,"minecraft:dark_oak_planks":2,"useless_sword:alloy_sword":1,"graveyard:tg_cobbled_deepslate_slab":1,"minecraft:arrow":8,"minecraft:rotten_flesh":27,"minecraft:hay_block":11,"tombstone:essence_of_undeath":1,"minecraft:rail":2,"minecraft:cobblestone":164,"minecraft:birch_log":2,"minecraft:leather_chestplate":1,"iceandfire:sea_serpent_fang":6,"minecraft:water_bucket":1,"minecraft:leather":6,"minecraft:birch_planks":5,"alexsmobs:bear_fur":4,"paraglider:spirit_orb":16,"minecraft:flint":2,"relics:rune_of_love":2,"minecraft:oak_log":10,"minecraft:yellow_bed":1,"minecraft:gunpowder":2,"minecraft:leather_boots":1,"chococraft:chocobo_feather":2,"minecraft:bone":50,"create:copper_ore":20,"minecraft:bow":1,"minecraft:wheat_seeds":2,"minecraft:iron_ingot":113,"minecraft:iron_ore":124,"relics:infinity_ham":1,"minecraft:iron_sword":1,"minecraft:oak_planks":12,"minecraft:gravel":1,"iceandfire:dragon_skull_fire":1,"iceandfire:shiny_scales":5,"minecraft:spruce_sapling":1,"minecraft:spruce_log":8,"minecraft:spider_eye":4,"alexsmobs:rattlesnake_rattle":2,"graveyard:tg_deepslate_brick_slab":3,"minecraft:crossbow":1,"alexsmobs:tarantula_hawk_wing_fragment":2,"minecraft:bread":38,"minecraft:emerald":1,"alexsmobs:maggot":2,"minecraft:coal":23},"minecraft:used":{"minecraft:trident":50,"minecraft:stone_sword":12,"minecraft:shield":18,"minecraft:iron_sword":449,"minecraft:torch":36,"paraglider:goddess_statue":5,"useless_sword:molten_sword":34,"minecraft:dark_oak_planks":2,"minecraft:iron_axe":65,"minecraft:golden_carrot":14,"minecraft:written_book":3,"minecraft:furnace":3,"tombstone:gift":1,"minecraft:potato":13,"create:copper_ore":4,"minecraft:water_bucket":13,"minecraft:iron_ore":3,"minecraft:birch_planks":5,"minecraft:oak_planks":3,"minecraft:stone_pickaxe":48,"minecraft:wooden_pickaxe":16,"minecraft:crafting_table":9,"minecraft:bread":36,"minecraft:iron_pickaxe":356,"minecraft:stone_axe":7,"blue_skies:cooked_horizofin_tunid":1,"minecraft:cobblestone":114,"minecraft:cooked_porkchop":4,"minecraft:bucket":14},"minecraft:killed":{"mca:female_zombie_villager":1,"minecraft:cave_spider":3,"mca:male_zombie_villager":1,"minecraft:witch":2,"alexsmobs:tarantula_hawk":1,"minecraft:spider":6,"minecraft:vindicator":5,"alexsmobs:rattlesnake":2,"alexsmobs:gorilla":1,"minecraft:skeleton":22,"iceandfire:siren":1,"blue_skies:gatekeeper":1,"alexsmobs:centipede_head":1,"minecraft:drowned":10,"alexsmobs:frilled_shark":1,"minecraft:husk":5,"minecraft:pig":5,"graveyard:ghoul":1,"alexsmobs:grizzly_bear":2,"minecraft:creeper":1,"minecraft:sheep":1,"minecraft:pillager":20,"minecraft:zombie":12,"alexsmobs:roadrunner":1,"alexsmobs:fly":1,"mca:female_villager":1,"minecraft:wither_skeleton":1,"iceandfire:sea_serpent":1,"minecraft:cow":5}},"DataVersion":2586}