{"stats":{"minecraft:broken":{"minecraft:stone_pickaxe":1,"minecraft:iron_pickaxe":1},"minecraft:killed":{"minecraft:vex":1,"minecraft:spider":2,"minecraft:vindicator":3,"minecraft:skeleton":7,"blue_skies:gatekeeper":1,"minecraft:creeper":1,"minecraft:pillager":6,"minecraft:zombie":9,"minecraft:cow":3,"chococraft:chocobo":1},"minecraft:killed_by":{"iceandfire:deathworm":2,"iceandfire:gorgon":1,"minecraft:zombie":2},"minecraft:dropped":{"minecraft:gold_ore":6,"minecraft:oak_log":3,"create:copper_ore":1,"minecraft:iron_helmet":3,"minecraft:cobblestone":4,"minecraft:granite":2,"minecraft:stick":8,"mca:book_romance":1,"minecraft:diorite":4,"minecraft:ink_sac":2,"tombstone:grave_key":1,"chococraft:chocobo_drumstick_raw":1,"minecraft:map":1,"minecraft:iron_leggings":2,"minecraft:iron_axe":1,"useless_sword:alloy_sword":1,"minecraft:string":2,"minecraft:birch_log":6,"minecraft:stone_brick_slab":8,"minecraft:furnace":1,"minecraft:sweet_berries":5,"alexsmobs:animal_dictionary":1,"tombstone:gift":1,"minecraft:rotten_flesh":5,"minecraft:iron_boots":1,"iceandfire:copper_ore":3,"minecraft:carrot":1,"minecraft:potato":2,"minecraft:skeleton_skull":1,"minecraft:iron_chestplate":1,"minecraft:andesite":2,"minecraft:purple_bed":2,"minecraft:oak_sapling":3,"minecraft:arrow":10,"minecraft:bow":1,"minecraft:beef":14,"minecraft:wooden_pickaxe":1,"mca:book_rose_gold":1,"minecraft:egg":1},"minecraft:used":{"minecraft:spruce_planks":34,"minecraft:shield":1,"minecraft:iron_sword":51,"iceandfire:copper_ore":1,"minecraft:torch":17,"minecraft:dirt":3,"minecraft:purple_banner":1,"minecraft:spruce_boat":8,"minecraft:iron_axe":161,"minecraft:furnace":2,"tombstone:gift":1,"create:copper_ore":1,"minecraft:water_bucket":8,"minecraft:stone_pickaxe":131,"minecraft:oak_planks":185,"useless_sword:frozen_sword":68,"useless_sword:magmatic_sword":47,"minecraft:wooden_pickaxe":9,"minecraft:crafting_table":16,"minecraft:apple":22,"minecraft:cyan_bed":3,"minecraft:bread":88,"minecraft:iron_pickaxe":355,"minecraft:stone_axe":3,"minecraft:cobblestone":199,"minecraft:bucket":9,"minecraft:yellow_bed":1,"alexsmobs:animal_dictionary":2},"minecraft:crafted":{"minecraft:oak_planks":216,"minecraft:furnace":1,"minecraft:iron_boots":1,"minecraft:iron_axe":2,"minecraft:stone_pickaxe":1,"minecraft:chest":1,"minecraft:spruce_boat":3,"packedup:basicbackpack":1,"minecraft:wheat":234,"minecraft:crafting_table":3,"minecraft:spruce_planks":68,"minecraft:wooden_pickaxe":1,"minecraft:iron_helmet":1,"minecraft:stone_axe":1,"minecraft:bread":78,"minecraft:air":0,"minecraft:iron_chestplate":1,"minecraft:shield":1,"minecraft:stick":24,"minecraft:iron_ingot":35,"minecraft:iron_pickaxe":2,"minecraft:iron_leggings":1,"minecraft:torch":24},"minecraft:picked_up":{"minecraft:crafting_table":14,"minecraft:wheat":1,"minecraft:purple_wool":2,"iceandfire:copper_ore":4,"minecraft:gold_block":2,"minecraft:string":3,"minecraft:purple_banner":1,"minecraft:spruce_planks":4,"minecraft:beef":14,"minecraft:egg":1,"minecraft:furnace":2,"minecraft:stick":8,"iceandfire:deathworm_chitin_red":8,"minecraft:torch":6,"tombstone:grave_dust":4,"minecraft:diorite":4,"minecraft:carrot":1,"minecraft:arrow":10,"minecraft:rotten_flesh":15,"minecraft:hay_block":73,"chococraft:chocobo_drumstick_raw":1,"minecraft:skeleton_skull":2,"minecraft:cobblestone":218,"minecraft:birch_log":6,"minecraft:tripwire_hook":1,"minecraft:andesite":3,"minecraft:leather":5,"minecraft:potato":1,"paraglider:spirit_orb":12,"minecraft:oak_log":60,"minecraft:yellow_bed":1,"minecraft:gunpowder":1,"minecraft:lapis_lazuli":47,"minecraft:dirt":6,"chococraft:chocobo_feather":1,"minecraft:bone":28,"create:copper_ore":2,"minecraft:apple":1,"minecraft:bow":1,"minecraft:iron_ore":160,"minecraft:oak_planks":4,"minecraft:sweet_berries":5,"minecraft:stone_brick_slab":8,"minecraft:ink_sac":2,"minecraft:spruce_log":17,"minecraft:cyan_bed":3,"minecraft:gold_ore":6,"minecraft:purple_bed":2,"minecraft:spruce_boat":5,"minecraft:iron_helmet":2,"minecraft:granite":2,"minecraft:emerald":2,"minecraft:bread":1,"tombstone:magic_scroll":1,"minecraft:oak_sapling":3,"minecraft:coal":178},"minecraft:custom":{"minecraft:interact_with_smithing_table":1,"minecraft:mob_kills":39,"minecraft:interact_with_anvil":1,"minecraft:interact_with_crafting_table":29,"minecraft:open_barrel":22,"minecraft:damage_dealt_resisted":421,"minecraft:leave_game":7,"minecraft:time_since_death":9785,"minecraft:climb_one_cm":11230,"minecraft:sprint_one_cm":648593,"minecraft:walk_one_cm":420912,"minecraft:drop":66,"minecraft:talked_to_villager":3,"minecraft:deaths":5,"minecraft:sneak_time":14116,"minecraft:walk_under_water_one_cm":35125,"minecraft:boat_one_cm":333746,"minecraft:jump":4552,"minecraft:walk_on_water_one_cm":63066,"minecraft:interact_with_furnace":23,"tombstone:raider_killed":10,"minecraft:play_one_minute":195246,"minecraft:interact_with_loom":1,"minecraft:sleep_in_bed":2,"minecraft:time_since_rest":7386,"minecraft:damage_taken":2147483647,"minecraft:damage_dealt":9235,"minecraft:swim_one_cm":158283,"minecraft:fly_one_cm":938984,"minecraft:open_chest":90,"minecraft:crouch_one_cm":39954,"tombstone:undead_killed":16,"tombstone:villager_killed":1,"minecraft:interact_with_smoker":1,"minecraft:fall_one_cm":138927,"minecraft:inspect_dispenser":1,"minecraft:horse_one_cm":1833},"minecraft:mined":{"minecraft:spruce_planks":3,"minecraft:granite":2,"minecraft:grass_block":2,"minecraft:spruce_leaves":25,"minecraft:spawner":5,"minecraft:hay_block":77,"minecraft:furnace":2,"iceandfire:copper_ore":2,"minecraft:iron_ore":131,"minecraft:andesite":3,"create:copper_ore":1,"minecraft:gold_block":2,"minecraft:stone":197,"minecraft:crafting_table":13,"minecraft:torch":2,"minecraft:tall_grass":2,"minecraft:cobblestone":9,"minecraft:lapis_ore":8,"minecraft:cyan_bed":3,"minecraft:diorite":4,"minecraft:wall_torch":2,"minecraft:skeleton_skull":1,"minecraft:purple_wool":2,"minecraft:purple_bed":1,"minecraft:birch_log":6,"minecraft:sweet_berry_bush":2,"minecraft:spruce_log":18,"minecraft:birch_leaves":1,"graveyard:skull_pile":1,"minecraft:yellow_bed":1,"minecraft:grass":12,"minecraft:oak_log":64,"minecraft:coal_ore":113,"minecraft:dirt":4,"minecraft:cobweb":1,"minecraft:polished_andesite":1,"minecraft:gold_ore":6,"minecraft:oak_leaves":9,"minecraft:fern":3}},"DataVersion":2586}