{"stats":{"minecraft:used":{"minecraft:chest":2,"minecraft:torch":5,"minecraft:dirt":84,"minecraft:carrot":94,"minecraft:granite":2,"minecraft:spruce_boat":3,"born_in_chaos_v1:corpse_maggot":3,"minecraft:birch_trapdoor":2,"minecraft:written_book":1,"minecraft:furnace":1,"tombstone:gift":2,"minecraft:cooked_beef":7,"minecraft:cooked_mutton":8,"minecraft:birch_planks":83,"minecraft:stone_pickaxe":75,"minecraft:oak_planks":6,"minecraft:wooden_pickaxe":11,"minecraft:crafting_table":11,"minecraft:white_bed":1,"minecraft:black_bed":1,"minecraft:wooden_hoe":38,"minecraft:black_wool":1,"minecraft:apple":10,"minecraft:bread":16,"minecraft:stone_axe":592,"minecraft:cobblestone":1,"alexsmobs:animal_dictionary":3,"minecraft:birch_stairs":3},"minecraft:picked_up":{"minecraft:crafting_table":8,"minecraft:wheat":285,"minecraft:flower_pot":1,"born_in_chaos_v1:seedof_chaos":2,"minecraft:fire_coral":1,"minecraft:cornflower":5,"minecraft:string":3,"minecraft:blue_orchid":1,"vinery:apple_tree_sapling":3,"graveyard:gravestone":1,"minecraft:beef":7,"minecraft:chest":1,"minecraft:birch_sapling":73,"minecraft:stick":208,"ars_nouveau:purple_archwood_log":53,"minecraft:copper_ingot":1,"minecraft:torch":4,"ars_nouveau:purple_archwood_sapling":7,"tombstone:grave_dust":4,"minecraft:carrot":86,"minecraft:arrow":1,"minecraft:rotten_flesh":11,"minecraft:mutton":8,"vinery:apple_log":13,"minecraft:white_wool":4,"minecraft:cobblestone":37,"minecraft:birch_log":220,"born_in_chaos_v1:corpse_maggot":5,"born_in_chaos_v1:spiritual_dust":1,"minecraft:black_bed":1,"minecraft:leather":4,"minecraft:potato":1,"minecraft:birch_planks":53,"minecraft:oak_log":187,"minecraft:dirt":93,"artifacts:flippers":1,"tombstone:gift":1,"minecraft:bone":14,"minecraft:apple":15,"bloomingnature:swamp_oak_sapling":17,"minecraft:bow":1,"minecraft:wheat_seeds":850,"minecraft:glowstone_dust":1,"minecraft:oak_planks":2,"minecraft:book":61,"hmag:soul_powder":6,"born_in_chaos_v1:ethereal_spirit":1,"minecraft:birch_stairs":4,"ars_nouveau:bastion_pod":6,"minecraft:spruce_sapling":3,"minecraft:spruce_log":8,"minecraft:lily_of_the_valley":3,"minecraft:spider_eye":1,"alexsmobs:animal_dictionary":1,"minecraft:spruce_boat":2,"minecraft:granite":2,"minecraft:oak_sapling":176,"minecraft:black_wool":1,"minecraft:coal":40,"iceandfire:raw_silver":1},"minecraft:crafted":{"minecraft:oak_planks":44,"minecraft:furnace":1,"minecraft:cooked_mutton":8,"minecraft:stone_pickaxe":1,"minecraft:chest":1,"minecraft:spruce_boat":1,"minecraft:cooked_beef":7,"minecraft:crafting_table":3,"minecraft:spruce_planks":32,"minecraft:wooden_pickaxe":1,"minecraft:birch_planks":300,"minecraft:stone_axe":6,"minecraft:air":0,"minecraft:bread":16,"minecraft:wooden_hoe":1,"minecraft:stick":16,"minecraft:birch_trapdoor":2,"minecraft:white_bed":1,"minecraft:torch":8},"minecraft:dropped":{"iceandfire:raw_silver":1,"minecraft:wheat_seeds":143,"minecraft:cobblestone":1,"minecraft:book":1,"minecraft:copper_ingot":1,"artifacts:flippers":1,"minecraft:dirt":8,"born_in_chaos_v1:river_mint":1,"minecraft:wooden_hoe":1,"minecraft:torch":4,"minecraft:cornflower":5,"bloomingnature:swamp_oak_sapling":17,"tombstone:grave_dust":2,"minecraft:string":3,"minecraft:white_wool":1,"minecraft:spruce_sapling":3,"minecraft:gold_ingot":1,"minecraft:stone_axe":1,"hmag:soul_powder":1,"alexsmobs:animal_dictionary":1,"minecraft:birch_sapling":22,"minecraft:rotten_flesh":9,"minecraft:glowstone_dust":1,"born_in_chaos_v1:spiritual_dust":1,"minecraft:lily_of_the_valley":3,"minecraft:flower_pot":1,"born_in_chaos_v1:seedof_chaos":2,"minecraft:fire_coral":1,"born_in_chaos_v1:corpse_maggot":2,"minecraft:spider_eye":1,"minecraft:arrow":1,"minecraft:blue_orchid":1,"minecraft:wooden_pickaxe":1,"minecraft:written_book":1},"minecraft:custom":{"minecraft:mob_kills":49,"minecraft:interact_with_crafting_table":20,"minecraft:open_barrel":4,"minecraft:damage_dealt_resisted":81,"minecraft:leave_game":11,"minecraft:time_since_death":1340,"minecraft:climb_one_cm":4586,"minecraft:sprint_one_cm":279517,"minecraft:walk_one_cm":322499,"minecraft:drop":109,"minecraft:play_time":115306,"minecraft:deaths":4,"minecraft:sneak_time":7088,"minecraft:walk_under_water_one_cm":10066,"minecraft:boat_one_cm":243040,"minecraft:jump":2154,"minecraft:walk_on_water_one_cm":13601,"minecraft:total_world_time":115306,"minecraft:interact_with_furnace":11,"minecraft:sleep_in_bed":8,"minecraft:time_since_rest":1,"minecraft:damage_taken":3691,"minecraft:trigger_trapped_chest":2,"minecraft:damage_dealt":7770,"minecraft:swim_one_cm":37051,"minecraft:fly_one_cm":441631,"minecraft:open_chest":40,"minecraft:crouch_one_cm":22527,"tombstone:undead_killed":28,"minecraft:fall_one_cm":56494},"minecraft:mined":{"iceandfire:silver_ore":1,"minecraft:potted_blue_orchid":1,"minecraft:granite":2,"minecraft:grass_block":7,"minecraft:spruce_leaves":3,"minecraft:large_fern":3,"minecraft:tall_seagrass":1,"minecraft:carrots":21,"treechop:chopped_log":25,"minecraft:bookshelf":20,"minecraft:vine":1,"minecraft:stone":37,"minecraft:birch_stairs":3,"minecraft:crafting_table":7,"minecraft:torch":1,"minecraft:chest":1,"minecraft:tall_grass":48,"graveyard:lying_skeleton":1,"minecraft:oak_planks":2,"minecraft:wall_torch":1,"graveyard:gravestone":1,"vinery:white_grape_bush":1,"minecraft:birch_planks":54,"minecraft:birch_log":3,"minecraft:wheat":198,"minecraft:birch_leaves":5,"minecraft:black_bed":1,"minecraft:stone_brick_stairs":1,"minecraft:grass":47,"minecraft:coal_ore":37,"graveyard:leaning_skeleton":1,"minecraft:dirt":17,"minecraft:fern":7},"minecraft:broken":{"minecraft:stone_axe":4},"minecraft:killed":{"irons_spellbooks:summoned_zombie":3,"born_in_chaos_v1:restless_spirit":1,"minecraft:spider":1,"hmag:drowned_girl":2,"hmag:skeleton_girl":1,"born_in_chaos_v1:baby_skeleton_minion":2,"born_in_chaos_v1:maggot":2,"minecraft:skeleton":2,"realmrpg_demons:chort":2,"minecraft:drowned":2,"irons_spellbooks:summoned_skeleton":2,"born_in_chaos_v1:barrel_zombie":1,"hmag:ghost":4,"born_in_chaos_v1:bonescaller":1,"born_in_chaos_v1:decrepit_skeleton":1,"minecraft:sheep":5,"born_in_chaos_v1:bloody_gadfly":1,"minecraft:zombie":4,"iceandfire:ghost":3,"alexsmobs:terrapin":1,"minecraft:cow":5}},"DataVersion":3465}