{"stats":{"minecraft:dropped":{"iceandfire:raw_silver":1,"minecraft:birch_planks":2,"minecraft:glow_ink_sac":2,"minecraft:crossbow":1,"minecraft:leather":1,"iceandfire:ectoplasm":1,"artifacts:flippers":1,"minecraft:dirt":8,"minecraft:cornflower":6,"bloomingnature:chestnut_sapling":5,"minecraft:mutton":4,"minecraft:amethyst_shard":4,"minecraft:dark_oak_planks":8,"minecraft:birch_stairs":1,"minecraft:white_wool":1,"minecraft:gold_ingot":1,"minecraft:bone":6,"minecraft:stone_axe":1,"minecraft:iron_nugget":2,"minecraft:cobbled_deepslate":9,"born_in_chaos_v1:fire_dust":2,"alexsmobs:animal_dictionary":1,"minecraft:birch_sapling":22,"minecraft:wheat":1,"minecraft:rotten_flesh":33,"minecraft:oak_planks":2,"minecraft:glowstone_dust":2,"minecraft:chainmail_chestplate":1,"born_in_chaos_v1:seedof_chaos":2,"minecraft:mangrove_log":1,"minecraft:gunpowder":3,"minecraft:skeleton_skull":1,"born_in_chaos_v1:corpse_maggot":4,"minecraft:arrow":3,"minecraft:stone_brick_stairs":1,"minecraft:written_book":1,"minecraft:golden_boots":1,"minecraft:bread":1,"minecraft:wheat_seeds":2213,"bloomingnature:foxglove_white":4,"minecraft:cherry_log":1,"minecraft:cobblestone":6,"minecraft:book":1,"chococraft:gysahl_green_seeds":13,"minecraft:copper_ingot":1,"born_in_chaos_v1:river_mint":1,"bloomingnature:swamp_oak_log":4,"minecraft:torch":4,"minecraft:wooden_hoe":1,"bloomingnature:swamp_oak_sapling":17,"tombstone:grave_dust":4,"minecraft:string":14,"minecraft:spruce_sapling":3,"hmag:soul_powder":1,"minecraft:tuff":2,"born_in_chaos_v1:rotten_fish":1,"born_in_chaos_v1:spiritual_dust":1,"minecraft:lily_of_the_valley":3,"minecraft:filled_map":1,"minecraft:potato":7,"minecraft:flower_pot":3,"minecraft:allium":1,"born_in_chaos_v1:spiny_shell":1,"minecraft:andesite":1,"minecraft:fire_coral":1,"minecraft:oak_sapling":8,"minecraft:brown_bed":2,"minecraft:spider_eye":3,"minecraft:stone_pickaxe":1,"minecraft:bow":2,"minecraft:blue_orchid":1,"minecraft:wooden_pickaxe":1},"minecraft:custom":{"minecraft:interact_with_crafting_table":61,"minecraft:open_barrel":20,"minecraft:leave_game":15,"minecraft:time_since_death":4319,"minecraft:sprint_one_cm":851382,"minecraft:drop":333,"minecraft:play_time":338521,"minecraft:deaths":7,"minecraft:jump":6663,"minecraft:walk_on_water_one_cm":64374,"minecraft:interact_with_furnace":31,"minecraft:sleep_in_bed":14,"minecraft:damage_dealt":24613,"minecraft:crouch_one_cm":72644,"tombstone:undead_killed":59,"minecraft:interact_with_smoker":1,"minecraft:interact_with_smithing_table":1,"minecraft:mob_kills":132,"minecraft:damage_dealt_resisted":81,"minecraft:climb_one_cm":6641,"minecraft:walk_one_cm":840379,"minecraft:sneak_time":25770,"minecraft:walk_under_water_one_cm":50626,"minecraft:boat_one_cm":387523,"minecraft:interact_with_blast_furnace":1,"minecraft:total_world_time":338521,"tombstone:raider_killed":1,"minecraft:time_since_rest":3383,"minecraft:damage_taken":10721,"minecraft:trigger_trapped_chest":5,"minecraft:swim_one_cm":119640,"minecraft:fly_one_cm":1292553,"minecraft:open_chest":148,"minecraft:fall_one_cm":189487},"minecraft:mined":{"minecraft:spruce_planks":17,"minecraft:white_bed":1,"minecraft:potted_blue_orchid":1,"minecraft:granite":2,"minecraft:grass_block":77,"minecraft:spawner":2,"minecraft:weeping_vines_plant":1,"minecraft:tall_seagrass":2,"minecraft:iron_ore":116,"minecraft:cobbled_deepslate":8,"minecraft:brown_bed":1,"chococraft:gysahl_green":19,"bloomingnature:lupine_purple":1,"ars_nouveau:light_block":4,"born_in_chaos_v1:infected_deepslate_diamond_ore":4,"minecraft:torch":8,"minecraft:chest":1,"minecraft:cobblestone":30,"graveyard:lying_skeleton":1,"minecraft:oak_planks":6,"minecraft:wall_torch":14,"graveyard:gravestone":1,"vinery:white_grape_bush":1,"minecraft:blue_terracotta":1,"minecraft:dark_oak_slab":1,"minecraft:birch_log":3,"minecraft:wheat":653,"minecraft:birch_trapdoor":1,"minecraft:black_bed":2,"minecraft:stone_brick_stairs":2,"minecraft:grass":74,"minecraft:sand":12,"minecraft:dirt":39,"minecraft:deepslate":275,"minecraft:tuff":19,"iceandfire:silver_ore":1,"minecraft:dark_oak_leaves":3,"minecraft:deepslate_diamond_ore":45,"born_in_chaos_v1:infected_diamond_ore":3,"minecraft:spruce_leaves":7,"minecraft:large_fern":7,"minecraft:carrots":45,"minecraft:andesite":2,"treechop:chopped_log":36,"minecraft:bookshelf":20,"minecraft:deepslate_iron_ore":4,"minecraft:vine":2,"minecraft:stone":91,"minecraft:potted_allium":1,"minecraft:smithing_table":2,"minecraft:birch_stairs":3,"minecraft:spruce_door":2,"travelersbackpack:standard":2,"minecraft:crafting_table":14,"minecraft:cornflower":3,"minecraft:emerald_ore":1,"minecraft:tall_grass":81,"minecraft:lapis_ore":6,"minecraft:diorite":1,"minecraft:birch_planks":54,"graveyard:vase_block":1,"minecraft:spruce_log":1,"minecraft:birch_leaves":5,"minecraft:purple_concrete":6,"mcwfurnitures:spruce_wardrobe":18,"minecraft:coal_ore":105,"minecraft:gravel":3,"graveyard:leaning_skeleton":1,"minecraft:fern":10},"minecraft:picked_up":{"chococraft:loverly_gysahl_green":1,"minecraft:wheat":721,"minecraft:flower_pot":3,"minecraft:smithing_table":2,"minecraft:brown_bed":2,"minecraft:stone_brick_stairs":1,"born_in_chaos_v1:bloody_gadfly_eye":1,"minecraft:string":14,"minecraft:cobbled_deepslate":276,"minecraft:spruce_planks":17,"minecraft:mangrove_log":1,"minecraft:tipped_arrow":1,"minecraft:stick":236,"minecraft:birch_trapdoor":1,"minecraft:torch":25,"minecraft:cherry_log":1,"tombstone:grave_dust":7,"minecraft:diorite":1,"alexsmobs:centipede_leg":2,"bloomingnature:chestnut_log":1,"minecraft:rotten_flesh":32,"chococraft:chocobo_drumstick_raw":1,"vinery:apple_log":13,"minecraft:cobblestone":138,"minecraft:birch_log":220,"born_in_chaos_v1:spiritual_dust":1,"minecraft:andesite":2,"minecraft:black_bed":2,"useless_sword:enderman_scale":1,"minecraft:potato":1,"paraglider:spirit_orb":4,"minecraft:tuff":18,"minecraft:lapis_lazuli":39,"minecraft:dirt":183,"artifacts:flippers":1,"hmag:evil_crystal_fragment":2,"minecraft:name_tag":1,"minecraft:bone":22,"minecraft:bow":3,"minecraft:wheat_seeds":2155,"minecraft:glowstone_dust":2,"minecraft:oak_planks":6,"irons_spellbooks:frozen_bone":1,"hmag:soul_powder":8,"minecraft:sand":12,"minecraft:grass_block":1,"minecraft:lily_of_the_valley":3,"alexsmobs:animal_dictionary":1,"minecraft:blue_terracotta":1,"born_in_chaos_v1:fire_dust":2,"minecraft:diamond":45,"minecraft:spruce_boat":2,"bloomingnature:swamp_oak_log":5,"minecraft:granite":2,"minecraft:emerald":1,"minecraft:bread":4,"minecraft:oak_sapling":184,"born_in_chaos_v1:rotten_fish":1,"iceandfire:raw_silver":1,"minecraft:crafting_table":15,"born_in_chaos_v1:diamond_termite_shard":11,"minecraft:allium":1,"born_in_chaos_v1:seedof_chaos":2,"minecraft:fire_coral":1,"minecraft:cornflower":8,"minecraft:blue_orchid":1,"vinery:apple_tree_sapling":3,"graveyard:gravestone":1,"minecraft:beef":9,"minecraft:oak_boat":1,"minecraft:iron_nugget":2,"minecraft:chest":1,"minecraft:birch_sapling":73,"minecraft:raw_iron":121,"ars_nouveau:purple_archwood_log":53,"minecraft:copper_ingot":1,"ars_nouveau:purple_archwood_sapling":7,"minecraft:carrot":178,"artifacts:snorkel":1,"minecraft:arrow":5,"artifacts:cowboy_hat":1,"born_in_chaos_v1:spiny_shell":1,"mcwfurnitures:spruce_wardrobe":18,"minecraft:mutton":20,"minecraft:white_wool":11,"born_in_chaos_v1:corpse_maggot":9,"minecraft:golden_carrot":1,"minecraft:glow_ink_sac":3,"minecraft:leather":5,"minecraft:birch_planks":53,"bloomingnature:genisteae":1,"minecraft:oak_log":227,"iceandfire:ectoplasm":1,"minecraft:gunpowder":3,"tombstone:gift":1,"chococraft:chocobo_feather":1,"chococraft:gysahl_green":51,"bloomingnature:foxglove_white":4,"bloomingnature:swamp_oak_sapling":17,"minecraft:apple":17,"tombstone:bag_of_seeds":1,"bloomingnature:chestnut_sapling":5,"minecraft:purple_concrete":6,"minecraft:book":61,"minecraft:dark_oak_slab":2,"bloomingnature:lupine_purple":1,"born_in_chaos_v1:ethereal_spirit":4,"minecraft:gravel":3,"minecraft:birch_stairs":4,"ars_nouveau:bastion_pod":6,"born_in_chaos_v1:dark_rod":1,"minecraft:amethyst_shard":4,"minecraft:spruce_sapling":14,"chococraft:gysahl_green_seeds":18,"minecraft:white_bed":1,"minecraft:spruce_log":91,"minecraft:spruce_door":2,"minecraft:spider_eye":3,"travelersbackpack:standard":2,"minecraft:black_wool":1,"minecraft:coal":109},"minecraft:crafted":{"minecraft:oak_planks":204,"minecraft:cooked_mutton":8,"minecraft:glass":12,"minecraft:chest":15,"mcwfurnitures:cabinet_door":3,"minecraft:stone_hoe":1,"minecraft:crafting_table":7,"minecraft:spruce_planks":160,"travelersbackpack:standard":1,"minecraft:wooden_pickaxe":1,"minecraft:iron_helmet":1,"bloomingnature:swamp_oak_planks":4,"minecraft:spruce_door":3,"minecraft:birch_planks":300,"travelersbackpack:blue_sleeping_bag":1,"minecraft:wooden_hoe":1,"minecraft:iron_chestplate":1,"minecraft:diamond_pickaxe":1,"minecraft:stick":92,"minecraft:iron_ingot":108,"minecraft:iron_pickaxe":2,"bloomingnature:chestnut_planks":4,"minecraft:stone_shovel":1,"minecraft:iron_nugget":27,"minecraft:furnace":2,"minecraft:lantern":2,"minecraft:diamond":1,"minecraft:iron_axe":1,"minecraft:stone_pickaxe":1,"minecraft:spruce_boat":1,"minecraft:dark_oak_planks":12,"minecraft:cooked_beef":7,"travelersbackpack:backpack_tank":2,"mcwfurnitures:spruce_wardrobe":12,"minecraft:stone_axe":6,"minecraft:bread":245,"minecraft:air":0,"minecraft:blue_dye":2,"minecraft:oak_boat":2,"minecraft:birch_trapdoor":2,"minecraft:blue_wool":2,"minecraft:white_bed":1,"minecraft:torch":92},"minecraft:killed":{"minecraft:cave_spider":1,"born_in_chaos_v1:restless_spirit":1,"born_in_chaos_v1:zombie_lumberjack":1,"minecraft:spider":10,"born_in_chaos_v1:baby_skeleton_minion":2,"born_in_chaos_v1:scarlet_persecutor":2,"minecraft:skeleton":8,"realmrpg_demons:chort":3,"alexsmobs:centipede_head":1,"irons_spellbooks:summoned_skeleton":3,"hmag:catoblepas":1,"born_in_chaos_v1:firelight_not_despawn":2,"artifacts:mimic":2,"born_in_chaos_v1:bonescaller":1,"born_in_chaos_v1:diamond_termite":11,"minecraft:sheep":12,"minecraft:pillager":1,"minecraft:zombie":13,"alexsmobs:terrapin":1,"born_in_chaos_v1:corpse_fly":3,"minecraft:stray":1,"minecraft:cow":6,"chococraft:chocobo":1,"irons_spellbooks:summoned_zombie":3,"hmag:drowned_girl":2,"hmag:skeleton_girl":1,"born_in_chaos_v1:maggot":4,"hmag:zombie_girl":2,"minecraft:drowned":2,"born_in_chaos_v1:barrel_zombie":2,"hmag:ghost":8,"graveyard:ghoul":1,"ars_nouveau:drygmy":1,"born_in_chaos_v1:decrepit_skeleton":1,"hmag:kobold":1,"born_in_chaos_v1:bloody_gadfly":2,"iceandfire:ghost":8,"born_in_chaos_v1:dark_vortex":1,"minecraft:enderman":1},"minecraft:broken":{"minecraft:golden_helmet":1,"minecraft:stone_axe":4,"minecraft:iron_pickaxe":2},"minecraft:used":{"minecraft:blue_terracotta":1,"minecraft:chest":14,"minecraft:carrot":205,"minecraft:spruce_boat":3,"born_in_chaos_v1:corpse_maggot":3,"minecraft:dark_oak_slab":2,"minecraft:birch_trapdoor":3,"minecraft:written_book":1,"minecraft:furnace":2,"bloomingnature:swamp_oak_planks":1,"minecraft:diorite":1,"minecraft:spruce_door":4,"minecraft:stone_pickaxe":129,"minecraft:oak_planks":102,"minecraft:wooden_pickaxe":11,"minecraft:black_bed":1,"minecraft:bread":150,"minecraft:gravel":3,"minecraft:smithing_table":2,"minecraft:andesite":1,"minecraft:oak_boat":3,"minecraft:stone_shovel":85,"minecraft:spruce_planks":125,"minecraft:stone_hoe":82,"minecraft:torch":93,"minecraft:dirt":173,"iceandfire:copper_sword":8,"minecraft:granite":2,"minecraft:dark_oak_planks":4,"minecraft:iron_axe":131,"minecraft:purple_concrete":6,"tombstone:gift":6,"minecraft:cooked_beef":7,"minecraft:cobbled_deepslate":182,"mcwfurnitures:spruce_wardrobe":27,"minecraft:cooked_mutton":8,"minecraft:birch_planks":83,"useless_sword:pillager_dagger":379,"minecraft:crafting_table":22,"minecraft:white_bed":2,"tombstone:bag_of_seeds":1,"minecraft:wooden_hoe":38,"minecraft:diamond_pickaxe":112,"minecraft:black_wool":1,"minecraft:apple":15,"minecraft:iron_pickaxe":498,"bloomingnature:chestnut_planks":4,"minecraft:stone_axe":644,"minecraft:cobblestone":143,"travelersbackpack:standard":1,"alexsmobs:animal_dictionary":3,"minecraft:birch_stairs":3}},"DataVersion":3465}