{"stats":{"minecraft:used":{"minecraft:blue_terracotta":1,"minecraft:stone_shovel":85,"minecraft:chest":2,"minecraft:spruce_planks":9,"minecraft:stone_hoe":82,"minecraft:torch":35,"minecraft:dirt":173,"minecraft:carrot":205,"minecraft:granite":2,"minecraft:dark_oak_planks":4,"minecraft:spruce_boat":3,"born_in_chaos_v1:corpse_maggot":3,"minecraft:dark_oak_slab":2,"minecraft:purple_concrete":6,"minecraft:birch_trapdoor":2,"minecraft:written_book":1,"minecraft:furnace":2,"tombstone:gift":2,"minecraft:cooked_beef":7,"minecraft:cooked_mutton":8,"minecraft:diorite":1,"minecraft:birch_planks":83,"minecraft:stone_pickaxe":129,"minecraft:oak_planks":101,"minecraft:wooden_pickaxe":11,"useless_sword:pillager_dagger":226,"minecraft:crafting_table":15,"minecraft:white_bed":1,"minecraft:black_bed":1,"minecraft:wooden_hoe":38,"minecraft:black_wool":1,"minecraft:apple":15,"minecraft:iron_pickaxe":136,"minecraft:bread":95,"minecraft:stone_axe":644,"travelersbackpack:standard":1,"minecraft:cobblestone":45,"minecraft:oak_boat":2,"alexsmobs:animal_dictionary":3,"minecraft:birch_stairs":3},"minecraft:picked_up":{"born_in_chaos_v1:diamond_termite_shard":5,"chococraft:loverly_gysahl_green":1,"minecraft:crafting_table":9,"minecraft:allium":1,"minecraft:wheat":721,"minecraft:flower_pot":3,"born_in_chaos_v1:seedof_chaos":2,"minecraft:brown_bed":2,"minecraft:stone_brick_stairs":1,"born_in_chaos_v1:bloody_gadfly_eye":1,"minecraft:fire_coral":1,"minecraft:cornflower":8,"minecraft:string":6,"minecraft:blue_orchid":1,"vinery:apple_tree_sapling":3,"graveyard:gravestone":1,"minecraft:beef":9,"minecraft:oak_boat":1,"minecraft:iron_nugget":2,"minecraft:chest":1,"minecraft:birch_sapling":73,"minecraft:raw_iron":69,"minecraft:stick":225,"ars_nouveau:purple_archwood_log":53,"minecraft:copper_ingot":1,"minecraft:torch":14,"ars_nouveau:purple_archwood_sapling":7,"tombstone:grave_dust":4,"minecraft:diorite":1,"minecraft:carrot":178,"artifacts:snorkel":1,"minecraft:arrow":1,"minecraft:rotten_flesh":18,"born_in_chaos_v1:spiny_shell":1,"chococraft:chocobo_drumstick_raw":1,"minecraft:mutton":12,"vinery:apple_log":13,"minecraft:white_wool":7,"minecraft:cobblestone":110,"minecraft:birch_log":220,"born_in_chaos_v1:corpse_maggot":9,"minecraft:glow_ink_sac":2,"minecraft:golden_carrot":1,"born_in_chaos_v1:spiritual_dust":1,"minecraft:black_bed":2,"minecraft:leather":5,"minecraft:potato":1,"paraglider:spirit_orb":2,"minecraft:birch_planks":53,"bloomingnature:genisteae":1,"minecraft:oak_log":227,"iceandfire:ectoplasm":1,"minecraft:gunpowder":1,"minecraft:lapis_lazuli":39,"minecraft:dirt":182,"artifacts:flippers":1,"tombstone:gift":1,"minecraft:name_tag":1,"chococraft:chocobo_feather":1,"bloomingnature:foxglove_white":4,"minecraft:bone":17,"bloomingnature:swamp_oak_sapling":17,"chococraft:gysahl_green":51,"minecraft:apple":17,"minecraft:bow":3,"minecraft:wheat_seeds":2151,"bloomingnature:chestnut_sapling":1,"minecraft:glowstone_dust":1,"minecraft:oak_planks":6,"minecraft:purple_concrete":6,"minecraft:book":61,"minecraft:dark_oak_slab":2,"hmag:soul_powder":6,"born_in_chaos_v1:ethereal_spirit":1,"minecraft:sand":12,"minecraft:birch_stairs":4,"ars_nouveau:bastion_pod":6,"minecraft:amethyst_shard":4,"chococraft:gysahl_green_seeds":18,"minecraft:spruce_sapling":4,"minecraft:spruce_log":8,"minecraft:lily_of_the_valley":3,"minecraft:spider_eye":2,"alexsmobs:animal_dictionary":1,"minecraft:blue_terracotta":1,"born_in_chaos_v1:fire_dust":2,"minecraft:spruce_boat":2,"bloomingnature:swamp_oak_log":4,"minecraft:granite":2,"born_in_chaos_v1:rotten_fish":1,"minecraft:oak_sapling":184,"minecraft:black_wool":1,"minecraft:coal":78,"iceandfire:raw_silver":1},"minecraft:crafted":{"minecraft:oak_planks":164,"minecraft:stone_shovel":1,"minecraft:furnace":2,"minecraft:cooked_mutton":8,"minecraft:glass":12,"minecraft:stone_pickaxe":1,"minecraft:chest":2,"minecraft:spruce_boat":1,"minecraft:dark_oak_planks":12,"minecraft:stone_hoe":1,"minecraft:cooked_beef":7,"minecraft:crafting_table":6,"travelersbackpack:standard":1,"minecraft:spruce_planks":32,"travelersbackpack:backpack_tank":2,"minecraft:iron_helmet":1,"minecraft:wooden_pickaxe":1,"travelersbackpack:blue_sleeping_bag":1,"minecraft:birch_planks":300,"minecraft:stone_axe":6,"minecraft:bread":245,"minecraft:air":0,"minecraft:blue_dye":2,"minecraft:oak_boat":1,"minecraft:iron_chestplate":1,"minecraft:wooden_hoe":1,"minecraft:stick":32,"minecraft:iron_pickaxe":1,"minecraft:iron_ingot":23,"minecraft:birch_trapdoor":2,"minecraft:blue_wool":2,"minecraft:white_bed":1,"minecraft:torch":40},"minecraft:dropped":{"minecraft:golden_boots":1,"iceandfire:raw_silver":1,"minecraft:birch_planks":2,"minecraft:wheat_seeds":2213,"bloomingnature:foxglove_white":4,"minecraft:glow_ink_sac":2,"minecraft:crossbow":1,"minecraft:cobblestone":6,"minecraft:book":1,"minecraft:leather":1,"chococraft:gysahl_green_seeds":13,"iceandfire:ectoplasm":1,"minecraft:copper_ingot":1,"artifacts:flippers":1,"minecraft:dirt":8,"born_in_chaos_v1:river_mint":1,"bloomingnature:swamp_oak_log":4,"minecraft:torch":4,"minecraft:wooden_hoe":1,"minecraft:cornflower":6,"bloomingnature:chestnut_sapling":1,"minecraft:mutton":4,"bloomingnature:swamp_oak_sapling":17,"tombstone:grave_dust":4,"minecraft:amethyst_shard":4,"minecraft:dark_oak_planks":8,"minecraft:string":6,"minecraft:white_wool":1,"minecraft:birch_stairs":1,"minecraft:spruce_sapling":3,"minecraft:gold_ingot":1,"minecraft:bone":2,"minecraft:stone_axe":1,"hmag:soul_powder":1,"minecraft:iron_nugget":2,"born_in_chaos_v1:fire_dust":2,"alexsmobs:animal_dictionary":1,"minecraft:wheat":1,"minecraft:birch_sapling":22,"born_in_chaos_v1:rotten_fish":1,"minecraft:rotten_flesh":19,"minecraft:oak_planks":2,"minecraft:glowstone_dust":1,"born_in_chaos_v1:spiritual_dust":1,"minecraft:chainmail_chestplate":1,"minecraft:lily_of_the_valley":3,"minecraft:filled_map":1,"minecraft:potato":1,"minecraft:flower_pot":3,"born_in_chaos_v1:seedof_chaos":2,"minecraft:allium":1,"minecraft:skeleton_skull":1,"born_in_chaos_v1:spiny_shell":1,"minecraft:fire_coral":1,"born_in_chaos_v1:corpse_maggot":4,"minecraft:oak_sapling":8,"minecraft:brown_bed":2,"minecraft:spider_eye":2,"minecraft:stone_pickaxe":1,"minecraft:blue_orchid":1,"minecraft:arrow":1,"minecraft:bow":2,"minecraft:wooden_pickaxe":1,"minecraft:stone_brick_stairs":1,"minecraft:written_book":1},"minecraft:custom":{"minecraft:mob_kills":88,"minecraft:interact_with_crafting_table":37,"minecraft:open_barrel":10,"minecraft:damage_dealt_resisted":81,"minecraft:leave_game":14,"minecraft:time_since_death":70093,"minecraft:climb_one_cm":6641,"minecraft:sprint_one_cm":546966,"minecraft:walk_one_cm":568423,"minecraft:drop":278,"minecraft:play_time":212141,"minecraft:sneak_time":13870,"minecraft:deaths":5,"minecraft:walk_under_water_one_cm":26643,"minecraft:boat_one_cm":307018,"minecraft:jump":4233,"minecraft:walk_on_water_one_cm":34723,"minecraft:total_world_time":212141,"minecraft:interact_with_furnace":24,"tombstone:raider_killed":1,"minecraft:sleep_in_bed":10,"minecraft:time_since_rest":56533,"minecraft:damage_taken":7880,"minecraft:trigger_trapped_chest":5,"minecraft:damage_dealt":16485,"minecraft:swim_one_cm":86137,"minecraft:fly_one_cm":836811,"minecraft:open_chest":73,"minecraft:crouch_one_cm":45031,"tombstone:undead_killed":41,"minecraft:interact_with_smoker":1,"minecraft:fall_one_cm":115234},"minecraft:mined":{"iceandfire:silver_ore":1,"minecraft:dark_oak_leaves":3,"minecraft:potted_blue_orchid":1,"born_in_chaos_v1:infected_diamond_ore":3,"minecraft:granite":2,"minecraft:grass_block":76,"minecraft:spruce_leaves":3,"minecraft:spawner":1,"minecraft:large_fern":3,"minecraft:tall_seagrass":1,"minecraft:carrots":45,"minecraft:iron_ore":68,"treechop:chopped_log":26,"minecraft:brown_bed":1,"minecraft:deepslate_iron_ore":1,"chococraft:gysahl_green":19,"minecraft:bookshelf":20,"minecraft:vine":2,"minecraft:stone":77,"minecraft:potted_allium":1,"minecraft:birch_stairs":3,"ars_nouveau:light_block":4,"minecraft:crafting_table":8,"minecraft:cornflower":3,"minecraft:torch":6,"minecraft:chest":1,"minecraft:cobblestone":21,"minecraft:tall_grass":75,"minecraft:lapis_ore":6,"graveyard:lying_skeleton":1,"minecraft:diorite":1,"minecraft:oak_planks":6,"graveyard:gravestone":1,"minecraft:wall_torch":6,"vinery:white_grape_bush":1,"minecraft:blue_terracotta":1,"minecraft:dark_oak_slab":1,"minecraft:birch_planks":54,"graveyard:vase_block":1,"minecraft:birch_log":3,"minecraft:wheat":653,"minecraft:purple_concrete":6,"minecraft:birch_leaves":5,"minecraft:black_bed":2,"minecraft:stone_brick_stairs":2,"minecraft:grass":68,"minecraft:coal_ore":74,"minecraft:sand":12,"graveyard:leaning_skeleton":1,"minecraft:dirt":39,"minecraft:fern":9},"minecraft:broken":{"minecraft:golden_helmet":1,"minecraft:stone_axe":4},"minecraft:killed":{"irons_spellbooks:summoned_zombie":3,"born_in_chaos_v1:restless_spirit":1,"minecraft:spider":5,"hmag:drowned_girl":2,"hmag:skeleton_girl":1,"born_in_chaos_v1:baby_skeleton_minion":2,"born_in_chaos_v1:maggot":2,"minecraft:skeleton":4,"realmrpg_demons:chort":3,"minecraft:drowned":2,"irons_spellbooks:summoned_skeleton":2,"hmag:catoblepas":1,"born_in_chaos_v1:firelight_not_despawn":2,"artifacts:mimic":1,"born_in_chaos_v1:barrel_zombie":2,"hmag:ghost":5,"born_in_chaos_v1:bonescaller":1,"born_in_chaos_v1:diamond_termite":5,"born_in_chaos_v1:decrepit_skeleton":1,"hmag:kobold":1,"minecraft:sheep":8,"minecraft:pillager":1,"born_in_chaos_v1:bloody_gadfly":2,"minecraft:zombie":8,"iceandfire:ghost":8,"born_in_chaos_v1:corpse_fly":3,"alexsmobs:terrapin":1,"chococraft:chocobo":1,"minecraft:cow":6}},"DataVersion":3465}