{"stats":{"minecraft:killed":{"minecraft:skeleton":5,"minecraft:zombie":2},"minecraft:mined":{"minecraft:crafting_table":6,"minecraft:torch":2,"minecraft:granite":2,"minecraft:grass_block":2,"minecraft:tall_grass":1,"minecraft:cobblestone":6,"minecraft:spruce_leaves":1,"minecraft:lapis_ore":8,"minecraft:diorite":4,"minecraft:wall_torch":2,"minecraft:skeleton_skull":1,"minecraft:hay_block":11,"minecraft:purple_bed":1,"minecraft:furnace":2,"iceandfire:copper_ore":2,"minecraft:birch_log":6,"minecraft:iron_ore":131,"minecraft:sweet_berry_bush":2,"minecraft:spruce_log":7,"minecraft:andesite":2,"minecraft:birch_leaves":1,"create:copper_ore":1,"minecraft:yellow_bed":1,"minecraft:grass":3,"minecraft:oak_log":7,"minecraft:coal_ore":112,"minecraft:dirt":4,"minecraft:stone":197,"minecraft:gold_ore":6,"minecraft:oak_leaves":2},"minecraft:used":{"minecraft:stone_pickaxe":131,"minecraft:wooden_pickaxe":9,"iceandfire:copper_ore":1,"minecraft:torch":7,"minecraft:dirt":3,"minecraft:crafting_table":7,"minecraft:apple":1,"minecraft:bread":22,"minecraft:iron_axe":50,"minecraft:iron_pickaxe":339,"minecraft:stone_axe":3,"minecraft:cobblestone":156,"minecraft:furnace":2,"minecraft:bucket":1,"alexsmobs:animal_dictionary":2,"minecraft:yellow_bed":1,"create:copper_ore":1},"minecraft:dropped":{"minecraft:furnace":1,"minecraft:sweet_berries":5,"minecraft:oak_log":3,"alexsmobs:animal_dictionary":1,"create:copper_ore":1,"minecraft:cobblestone":4,"minecraft:rotten_flesh":5,"minecraft:granite":2,"iceandfire:copper_ore":3,"minecraft:stick":2,"mca:book_romance":1,"minecraft:diorite":4,"minecraft:andesite":2,"minecraft:map":1,"minecraft:arrow":8,"minecraft:bow":1,"minecraft:wooden_pickaxe":1,"minecraft:birch_log":6,"mca:book_rose_gold":1},"minecraft:custom":{"minecraft:interact_with_furnace":23,"minecraft:mob_kills":10,"minecraft:interact_with_crafting_table":18,"minecraft:open_barrel":3,"minecraft:play_one_minute":51872,"minecraft:leave_game":3,"minecraft:time_since_death":51872,"minecraft:climb_one_cm":327,"minecraft:time_since_rest":51872,"minecraft:sprint_one_cm":160167,"minecraft:damage_taken":909,"minecraft:walk_one_cm":132185,"minecraft:drop":32,"minecraft:damage_dealt":1863,"minecraft:talked_to_villager":1,"minecraft:fly_one_cm":156106,"minecraft:open_chest":14,"minecraft:crouch_one_cm":26722,"tombstone:undead_killed":7,"minecraft:sneak_time":9015,"minecraft:walk_under_water_one_cm":1438,"minecraft:jump":862,"minecraft:walk_on_water_one_cm":7733,"minecraft:interact_with_smoker":1,"minecraft:fall_one_cm":18400,"minecraft:horse_one_cm":1833},"minecraft:picked_up":{"minecraft:birch_log":6,"minecraft:crafting_table":6,"iceandfire:copper_ore":4,"minecraft:andesite":2,"minecraft:oak_log":5,"minecraft:yellow_bed":1,"minecraft:lapis_lazuli":47,"minecraft:dirt":6,"minecraft:bone":8,"create:copper_ore":2,"minecraft:bow":1,"minecraft:iron_ore":160,"minecraft:furnace":2,"minecraft:sweet_berries":5,"minecraft:torch":5,"tombstone:grave_dust":2,"minecraft:diorite":4,"minecraft:spruce_log":7,"minecraft:gold_ore":6,"minecraft:arrow":8,"minecraft:purple_bed":1,"minecraft:rotten_flesh":5,"minecraft:hay_block":7,"minecraft:granite":2,"minecraft:coal":155,"minecraft:skeleton_skull":1,"minecraft:cobblestone":215},"minecraft:broken":{"minecraft:stone_pickaxe":1,"minecraft:iron_pickaxe":1},"minecraft:crafted":{"minecraft:oak_planks":8,"minecraft:crafting_table":2,"minecraft:spruce_planks":28,"minecraft:wooden_pickaxe":1,"minecraft:iron_helmet":1,"minecraft:furnace":1,"minecraft:stone_axe":1,"minecraft:bread":21,"minecraft:air":0,"minecraft:iron_boots":1,"minecraft:iron_chestplate":1,"minecraft:iron_axe":1,"minecraft:stick":16,"minecraft:iron_ingot":35,"minecraft:iron_pickaxe":2,"minecraft:stone_pickaxe":1,"minecraft:iron_leggings":1,"minecraft:torch":8,"minecraft:wheat":63}},"DataVersion":2586}