{"stats":{"minecraft:dropped":{"minecraft:stone_axe":1,"hmag:soul_powder":1,"minecraft:wheat_seeds":143,"alexsmobs:animal_dictionary":1,"minecraft:birch_sapling":22,"minecraft:cobblestone":1,"minecraft:rotten_flesh":6,"minecraft:glowstone_dust":1,"minecraft:copper_ingot":1,"artifacts:flippers":1,"minecraft:lily_of_the_valley":3,"minecraft:dirt":7,"minecraft:flower_pot":1,"born_in_chaos_v1:river_mint":1,"minecraft:torch":4,"minecraft:cornflower":5,"bloomingnature:swamp_oak_sapling":17,"minecraft:spider_eye":1,"minecraft:blue_orchid":1,"minecraft:wooden_pickaxe":1,"minecraft:string":3,"minecraft:white_wool":1,"minecraft:spruce_sapling":3},"minecraft:mined":{"minecraft:potted_blue_orchid":1,"minecraft:crafting_table":6,"minecraft:granite":2,"minecraft:grass_block":7,"minecraft:chest":1,"minecraft:tall_grass":37,"minecraft:spruce_leaves":3,"minecraft:oak_planks":2,"vinery:white_grape_bush":1,"minecraft:large_fern":3,"minecraft:tall_seagrass":1,"minecraft:birch_planks":48,"minecraft:birch_log":3,"minecraft:wheat":37,"minecraft:birch_leaves":5,"minecraft:black_bed":1,"treechop:chopped_log":24,"minecraft:stone_brick_stairs":1,"minecraft:grass":43,"minecraft:coal_ore":1,"minecraft:bookshelf":20,"minecraft:dirt":8,"minecraft:stone":34,"minecraft:fern":6},"minecraft:custom":{"minecraft:interact_with_furnace":9,"minecraft:mob_kills":28,"minecraft:interact_with_crafting_table":16,"minecraft:open_barrel":4,"minecraft:leave_game":7,"minecraft:time_since_death":29075,"minecraft:sleep_in_bed":6,"minecraft:climb_one_cm":3236,"minecraft:time_since_rest":5141,"minecraft:sprint_one_cm":172440,"minecraft:damage_taken":1649,"minecraft:walk_one_cm":180206,"minecraft:drop":94,"minecraft:damage_dealt":3962,"minecraft:swim_one_cm":14623,"minecraft:fly_one_cm":242449,"minecraft:open_chest":31,"minecraft:crouch_one_cm":9896,"minecraft:play_time":73692,"tombstone:undead_killed":10,"minecraft:deaths":1,"minecraft:sneak_time":4053,"minecraft:walk_under_water_one_cm":4295,"minecraft:boat_one_cm":243040,"minecraft:jump":1111,"minecraft:walk_on_water_one_cm":6567,"minecraft:total_world_time":73692,"minecraft:fall_one_cm":29353},"minecraft:picked_up":{"minecraft:birch_log":220,"minecraft:crafting_table":7,"minecraft:wheat":38,"minecraft:flower_pot":1,"minecraft:leather":4,"minecraft:black_bed":1,"minecraft:birch_planks":47,"minecraft:oak_log":187,"minecraft:cornflower":5,"minecraft:string":3,"minecraft:dirt":84,"artifacts:flippers":1,"tombstone:gift":1,"minecraft:bone":2,"bloomingnature:swamp_oak_sapling":17,"minecraft:blue_orchid":1,"minecraft:apple":10,"minecraft:bow":1,"minecraft:wheat_seeds":143,"vinery:apple_tree_sapling":1,"minecraft:beef":7,"minecraft:glowstone_dust":1,"minecraft:chest":1,"minecraft:birch_sapling":73,"minecraft:oak_planks":2,"minecraft:book":60,"minecraft:stick":205,"ars_nouveau:purple_archwood_log":53,"hmag:soul_powder":3,"minecraft:copper_ingot":1,"minecraft:torch":2,"born_in_chaos_v1:ethereal_spirit":1,"ars_nouveau:purple_archwood_sapling":7,"ars_nouveau:bastion_pod":6,"minecraft:spruce_sapling":3,"minecraft:spruce_log":8,"minecraft:lily_of_the_valley":3,"minecraft:spider_eye":1,"alexsmobs:animal_dictionary":1,"minecraft:rotten_flesh":6,"minecraft:spruce_boat":2,"minecraft:granite":2,"minecraft:oak_sapling":176,"minecraft:black_wool":1,"minecraft:mutton":8,"minecraft:coal":4,"vinery:apple_log":8,"minecraft:white_wool":4,"minecraft:cobblestone":34},"minecraft:crafted":{"minecraft:cooked_beef":7,"minecraft:oak_planks":24,"minecraft:crafting_table":3,"minecraft:spruce_planks":32,"minecraft:wooden_pickaxe":1,"minecraft:furnace":1,"minecraft:birch_planks":300,"minecraft:stone_axe":4,"minecraft:bread":16,"minecraft:cooked_mutton":8,"minecraft:air":0,"minecraft:stick":16,"minecraft:stone_pickaxe":1,"minecraft:birch_trapdoor":2,"minecraft:chest":1,"minecraft:white_bed":1,"minecraft:spruce_boat":1,"minecraft:torch":8},"minecraft:killed":{"hmag:ghost":2,"born_in_chaos_v1:restless_spirit":1,"minecraft:spider":1,"hmag:drowned_girl":1,"minecraft:sheep":5,"minecraft:skeleton":1,"minecraft:zombie":1,"iceandfire:ghost":1,"alexsmobs:terrapin":1,"realmrpg_demons:chort":2,"minecraft:drowned":2,"irons_spellbooks:summoned_skeleton":2,"minecraft:cow":5},"minecraft:broken":{"minecraft:stone_axe":2},"minecraft:used":{"minecraft:cooked_mutton":8,"minecraft:birch_planks":72,"minecraft:stone_pickaxe":32,"minecraft:oak_planks":2,"minecraft:chest":2,"minecraft:wooden_pickaxe":11,"minecraft:torch":3,"minecraft:dirt":29,"minecraft:crafting_table":9,"minecraft:white_bed":1,"minecraft:black_bed":1,"minecraft:granite":2,"minecraft:spruce_boat":3,"minecraft:black_wool":1,"minecraft:bread":16,"minecraft:stone_axe":497,"minecraft:birch_trapdoor":2,"minecraft:cobblestone":1,"minecraft:furnace":1,"tombstone:gift":2,"alexsmobs:animal_dictionary":3,"minecraft:cooked_beef":3}},"DataVersion":3465}