{"stats":{"minecraft:used":{"minecraft:stone_shovel":85,"minecraft:chest":2,"minecraft:spruce_planks":9,"minecraft:stone_hoe":82,"minecraft:torch":26,"minecraft:dirt":173,"minecraft:carrot":205,"minecraft:granite":2,"minecraft:dark_oak_planks":4,"minecraft:spruce_boat":3,"born_in_chaos_v1:corpse_maggot":3,"minecraft:birch_trapdoor":2,"minecraft:written_book":1,"minecraft:furnace":1,"tombstone:gift":2,"minecraft:cooked_beef":7,"minecraft:cooked_mutton":8,"minecraft:birch_planks":83,"minecraft:stone_pickaxe":80,"minecraft:oak_planks":26,"minecraft:wooden_pickaxe":11,"useless_sword:pillager_dagger":134,"minecraft:crafting_table":14,"minecraft:white_bed":1,"minecraft:black_bed":1,"minecraft:wooden_hoe":38,"minecraft:black_wool":1,"minecraft:apple":15,"minecraft:bread":66,"minecraft:stone_axe":638,"minecraft:cobblestone":1,"minecraft:oak_boat":2,"alexsmobs:animal_dictionary":3,"minecraft:birch_stairs":3},"minecraft:picked_up":{"chococraft:loverly_gysahl_green":1,"minecraft:crafting_table":9,"minecraft:wheat":721,"minecraft:flower_pot":1,"born_in_chaos_v1:seedof_chaos":2,"minecraft:brown_bed":2,"minecraft:stone_brick_stairs":1,"born_in_chaos_v1:bloody_gadfly_eye":1,"minecraft:fire_coral":1,"minecraft:cornflower":8,"minecraft:string":4,"minecraft:blue_orchid":1,"vinery:apple_tree_sapling":3,"graveyard:gravestone":1,"minecraft:beef":9,"minecraft:oak_boat":1,"minecraft:chest":1,"minecraft:birch_sapling":73,"minecraft:stick":225,"ars_nouveau:purple_archwood_log":53,"minecraft:copper_ingot":1,"minecraft:torch":9,"ars_nouveau:purple_archwood_sapling":7,"tombstone:grave_dust":4,"minecraft:carrot":178,"minecraft:arrow":1,"minecraft:rotten_flesh":15,"born_in_chaos_v1:spiny_shell":1,"chococraft:chocobo_drumstick_raw":1,"minecraft:mutton":12,"vinery:apple_log":13,"minecraft:white_wool":7,"minecraft:cobblestone":38,"minecraft:birch_log":220,"born_in_chaos_v1:corpse_maggot":7,"minecraft:golden_carrot":1,"born_in_chaos_v1:spiritual_dust":1,"minecraft:black_bed":2,"minecraft:leather":5,"minecraft:potato":1,"minecraft:birch_planks":53,"bloomingnature:genisteae":1,"minecraft:oak_log":227,"iceandfire:ectoplasm":1,"minecraft:dirt":182,"artifacts:flippers":1,"tombstone:gift":1,"minecraft:name_tag":1,"chococraft:chocobo_feather":1,"bloomingnature:foxglove_white":4,"minecraft:bone":15,"bloomingnature:swamp_oak_sapling":17,"chococraft:gysahl_green":51,"minecraft:apple":17,"minecraft:bow":2,"minecraft:wheat_seeds":2149,"minecraft:glowstone_dust":1,"minecraft:oak_planks":2,"minecraft:book":61,"hmag:soul_powder":6,"born_in_chaos_v1:ethereal_spirit":1,"minecraft:sand":12,"minecraft:birch_stairs":4,"ars_nouveau:bastion_pod":6,"minecraft:amethyst_shard":4,"chococraft:gysahl_green_seeds":18,"minecraft:spruce_sapling":4,"minecraft:spruce_log":8,"minecraft:lily_of_the_valley":3,"minecraft:spider_eye":1,"alexsmobs:animal_dictionary":1,"born_in_chaos_v1:fire_dust":2,"minecraft:spruce_boat":2,"bloomingnature:swamp_oak_log":4,"minecraft:granite":2,"born_in_chaos_v1:rotten_fish":1,"minecraft:oak_sapling":184,"minecraft:black_wool":1,"minecraft:coal":41,"iceandfire:raw_silver":1},"minecraft:crafted":{"minecraft:oak_planks":124,"minecraft:stone_shovel":1,"minecraft:furnace":1,"minecraft:cooked_mutton":8,"minecraft:stone_pickaxe":1,"minecraft:chest":2,"minecraft:spruce_boat":1,"minecraft:dark_oak_planks":12,"minecraft:stone_hoe":1,"minecraft:cooked_beef":7,"minecraft:crafting_table":6,"minecraft:spruce_planks":32,"minecraft:wooden_pickaxe":1,"travelersbackpack:blue_sleeping_bag":1,"minecraft:birch_planks":300,"minecraft:stone_axe":6,"minecraft:bread":245,"minecraft:air":0,"minecraft:blue_dye":2,"minecraft:oak_boat":1,"minecraft:wooden_hoe":1,"minecraft:stick":32,"minecraft:birch_trapdoor":2,"minecraft:blue_wool":2,"minecraft:white_bed":1,"minecraft:torch":40},"minecraft:dropped":{"iceandfire:raw_silver":1,"minecraft:birch_planks":2,"minecraft:wheat_seeds":2211,"bloomingnature:foxglove_white":4,"minecraft:crossbow":1,"minecraft:cobblestone":1,"minecraft:book":1,"minecraft:leather":1,"chococraft:gysahl_green_seeds":13,"minecraft:copper_ingot":1,"artifacts:flippers":1,"minecraft:dirt":8,"born_in_chaos_v1:river_mint":1,"bloomingnature:swamp_oak_log":4,"minecraft:torch":4,"minecraft:wooden_hoe":1,"minecraft:cornflower":6,"minecraft:mutton":4,"bloomingnature:swamp_oak_sapling":17,"tombstone:grave_dust":4,"minecraft:amethyst_shard":4,"minecraft:dark_oak_planks":8,"minecraft:string":3,"minecraft:white_wool":1,"minecraft:birch_stairs":1,"minecraft:spruce_sapling":3,"minecraft:gold_ingot":1,"minecraft:bone":2,"minecraft:stone_axe":1,"hmag:soul_powder":1,"born_in_chaos_v1:fire_dust":2,"alexsmobs:animal_dictionary":1,"minecraft:wheat":1,"minecraft:birch_sapling":22,"minecraft:rotten_flesh":14,"minecraft:oak_planks":2,"minecraft:glowstone_dust":1,"born_in_chaos_v1:spiritual_dust":1,"minecraft:lily_of_the_valley":3,"minecraft:potato":1,"minecraft:flower_pot":1,"born_in_chaos_v1:seedof_chaos":2,"minecraft:fire_coral":1,"born_in_chaos_v1:corpse_maggot":2,"minecraft:oak_sapling":8,"minecraft:brown_bed":2,"minecraft:spider_eye":1,"minecraft:blue_orchid":1,"minecraft:arrow":1,"minecraft:bow":1,"minecraft:wooden_pickaxe":1,"minecraft:stone_brick_stairs":1,"minecraft:written_book":1},"minecraft:custom":{"minecraft:mob_kills":66,"minecraft:interact_with_crafting_table":27,"minecraft:open_barrel":4,"minecraft:damage_dealt_resisted":81,"minecraft:leave_game":14,"minecraft:time_since_death":34093,"minecraft:climb_one_cm":6641,"minecraft:sprint_one_cm":471108,"minecraft:walk_one_cm":488220,"minecraft:drop":251,"minecraft:play_time":176141,"minecraft:sneak_time":9133,"minecraft:deaths":5,"minecraft:walk_under_water_one_cm":24132,"minecraft:boat_one_cm":278302,"minecraft:jump":3599,"minecraft:walk_on_water_one_cm":29001,"minecraft:total_world_time":176141,"minecraft:interact_with_furnace":12,"minecraft:sleep_in_bed":10,"minecraft:time_since_rest":20533,"minecraft:damage_taken":6611,"minecraft:trigger_trapped_chest":3,"minecraft:damage_dealt":11729,"minecraft:swim_one_cm":77677,"minecraft:fly_one_cm":749129,"minecraft:open_chest":59,"minecraft:crouch_one_cm":32195,"tombstone:undead_killed":33,"minecraft:fall_one_cm":97036},"minecraft:mined":{"iceandfire:silver_ore":1,"minecraft:dark_oak_leaves":3,"minecraft:potted_blue_orchid":1,"minecraft:granite":2,"minecraft:grass_block":76,"minecraft:spruce_leaves":3,"minecraft:large_fern":3,"minecraft:tall_seagrass":1,"minecraft:carrots":45,"treechop:chopped_log":26,"minecraft:brown_bed":1,"chococraft:gysahl_green":19,"minecraft:bookshelf":20,"minecraft:vine":2,"minecraft:stone":38,"minecraft:birch_stairs":3,"ars_nouveau:light_block":4,"minecraft:crafting_table":8,"minecraft:cornflower":3,"minecraft:torch":2,"minecraft:chest":1,"minecraft:tall_grass":74,"graveyard:lying_skeleton":1,"minecraft:oak_planks":2,"graveyard:gravestone":1,"minecraft:wall_torch":5,"vinery:white_grape_bush":1,"minecraft:birch_planks":54,"graveyard:vase_block":1,"minecraft:birch_log":3,"minecraft:wheat":653,"minecraft:birch_leaves":5,"minecraft:black_bed":2,"minecraft:stone_brick_stairs":2,"minecraft:grass":66,"minecraft:coal_ore":37,"minecraft:sand":12,"graveyard:leaning_skeleton":1,"minecraft:dirt":39,"minecraft:fern":9},"minecraft:broken":{"minecraft:stone_axe":4},"minecraft:killed":{"irons_spellbooks:summoned_zombie":3,"born_in_chaos_v1:restless_spirit":1,"minecraft:spider":3,"hmag:drowned_girl":2,"hmag:skeleton_girl":1,"born_in_chaos_v1:baby_skeleton_minion":2,"born_in_chaos_v1:maggot":2,"minecraft:skeleton":2,"realmrpg_demons:chort":3,"minecraft:drowned":2,"irons_spellbooks:summoned_skeleton":2,"hmag:catoblepas":1,"born_in_chaos_v1:firelight_not_despawn":2,"born_in_chaos_v1:barrel_zombie":2,"hmag:ghost":4,"born_in_chaos_v1:bonescaller":1,"born_in_chaos_v1:decrepit_skeleton":1,"minecraft:sheep":8,"born_in_chaos_v1:bloody_gadfly":2,"minecraft:zombie":5,"iceandfire:ghost":6,"alexsmobs:terrapin":1,"chococraft:chocobo":1,"minecraft:cow":6}},"DataVersion":3465}