{"stats":{"minecraft:used":{"minecraft:spruce_planks":9,"minecraft:chest":2,"minecraft:torch":7,"minecraft:dirt":84,"minecraft:carrot":99,"minecraft:granite":2,"minecraft:spruce_boat":3,"born_in_chaos_v1:corpse_maggot":3,"minecraft:birch_trapdoor":2,"minecraft:written_book":1,"minecraft:furnace":1,"tombstone:gift":2,"minecraft:cooked_beef":7,"minecraft:cooked_mutton":8,"minecraft:birch_planks":83,"minecraft:stone_pickaxe":77,"minecraft:oak_planks":16,"minecraft:wooden_pickaxe":11,"useless_sword:pillager_dagger":15,"minecraft:crafting_table":12,"minecraft:white_bed":1,"minecraft:black_bed":1,"minecraft:wooden_hoe":38,"minecraft:black_wool":1,"minecraft:apple":15,"minecraft:bread":25,"minecraft:stone_axe":619,"minecraft:cobblestone":1,"alexsmobs:animal_dictionary":3,"minecraft:birch_stairs":3},"minecraft:picked_up":{"minecraft:crafting_table":8,"minecraft:wheat":721,"minecraft:flower_pot":1,"born_in_chaos_v1:seedof_chaos":2,"minecraft:brown_bed":2,"minecraft:stone_brick_stairs":1,"minecraft:fire_coral":1,"minecraft:cornflower":5,"minecraft:string":3,"minecraft:blue_orchid":1,"vinery:apple_tree_sapling":3,"graveyard:gravestone":1,"minecraft:beef":8,"minecraft:chest":1,"minecraft:birch_sapling":73,"minecraft:stick":208,"ars_nouveau:purple_archwood_log":53,"minecraft:copper_ingot":1,"minecraft:torch":6,"ars_nouveau:purple_archwood_sapling":7,"tombstone:grave_dust":4,"minecraft:carrot":86,"minecraft:arrow":1,"minecraft:rotten_flesh":13,"minecraft:mutton":8,"vinery:apple_log":13,"minecraft:white_wool":4,"minecraft:cobblestone":37,"minecraft:birch_log":220,"born_in_chaos_v1:corpse_maggot":5,"born_in_chaos_v1:spiritual_dust":1,"minecraft:black_bed":2,"minecraft:leather":4,"minecraft:potato":1,"minecraft:birch_planks":53,"minecraft:oak_log":187,"minecraft:dirt":93,"artifacts:flippers":1,"tombstone:gift":1,"minecraft:bone":14,"chococraft:gysahl_green":11,"bloomingnature:swamp_oak_sapling":17,"minecraft:apple":15,"minecraft:bow":2,"minecraft:wheat_seeds":2144,"minecraft:glowstone_dust":1,"minecraft:oak_planks":2,"minecraft:book":61,"hmag:soul_powder":6,"born_in_chaos_v1:ethereal_spirit":1,"minecraft:birch_stairs":4,"ars_nouveau:bastion_pod":6,"chococraft:gysahl_green_seeds":5,"minecraft:spruce_sapling":4,"minecraft:spruce_log":8,"minecraft:lily_of_the_valley":3,"minecraft:spider_eye":1,"alexsmobs:animal_dictionary":1,"minecraft:spruce_boat":2,"minecraft:granite":2,"minecraft:oak_sapling":176,"minecraft:black_wool":1,"minecraft:coal":41,"iceandfire:raw_silver":1},"minecraft:crafted":{"minecraft:oak_planks":44,"minecraft:furnace":1,"minecraft:cooked_mutton":8,"minecraft:stone_pickaxe":1,"minecraft:chest":1,"minecraft:spruce_boat":1,"minecraft:dark_oak_planks":12,"minecraft:cooked_beef":7,"minecraft:crafting_table":4,"minecraft:spruce_planks":32,"minecraft:wooden_pickaxe":1,"minecraft:birch_planks":300,"minecraft:stone_axe":6,"minecraft:bread":245,"minecraft:air":0,"minecraft:wooden_hoe":1,"minecraft:stick":16,"minecraft:birch_trapdoor":2,"minecraft:white_bed":1,"minecraft:torch":12},"minecraft:dropped":{"iceandfire:raw_silver":1,"minecraft:birch_planks":2,"minecraft:wheat_seeds":2206,"minecraft:crossbow":1,"minecraft:cobblestone":1,"minecraft:book":1,"minecraft:copper_ingot":1,"artifacts:flippers":1,"minecraft:dirt":8,"born_in_chaos_v1:river_mint":1,"minecraft:torch":4,"minecraft:wooden_hoe":1,"minecraft:cornflower":5,"bloomingnature:swamp_oak_sapling":17,"tombstone:grave_dust":4,"minecraft:string":3,"minecraft:white_wool":1,"minecraft:birch_stairs":1,"minecraft:spruce_sapling":3,"minecraft:bone":2,"minecraft:gold_ingot":1,"minecraft:stone_axe":1,"hmag:soul_powder":1,"alexsmobs:animal_dictionary":1,"minecraft:wheat":1,"minecraft:birch_sapling":22,"minecraft:rotten_flesh":14,"minecraft:oak_planks":2,"minecraft:glowstone_dust":1,"born_in_chaos_v1:spiritual_dust":1,"minecraft:lily_of_the_valley":3,"minecraft:potato":1,"minecraft:flower_pot":1,"born_in_chaos_v1:seedof_chaos":2,"minecraft:fire_coral":1,"born_in_chaos_v1:corpse_maggot":2,"minecraft:brown_bed":2,"minecraft:spider_eye":1,"minecraft:bow":1,"minecraft:arrow":1,"minecraft:blue_orchid":1,"minecraft:wooden_pickaxe":1,"minecraft:stone_brick_stairs":1,"minecraft:written_book":1},"minecraft:custom":{"minecraft:mob_kills":51,"minecraft:interact_with_crafting_table":21,"minecraft:open_barrel":4,"minecraft:damage_dealt_resisted":81,"minecraft:leave_game":13,"minecraft:time_since_death":20249,"minecraft:climb_one_cm":6641,"minecraft:sprint_one_cm":353700,"minecraft:walk_one_cm":362413,"minecraft:drop":220,"minecraft:play_time":134215,"minecraft:sneak_time":7266,"minecraft:deaths":4,"minecraft:walk_under_water_one_cm":14495,"minecraft:boat_one_cm":243040,"minecraft:jump":2666,"minecraft:walk_on_water_one_cm":17370,"minecraft:total_world_time":134215,"minecraft:interact_with_furnace":12,"minecraft:sleep_in_bed":8,"minecraft:time_since_rest":17850,"minecraft:damage_taken":4355,"minecraft:trigger_trapped_chest":2,"minecraft:damage_dealt":8085,"minecraft:swim_one_cm":40114,"minecraft:fly_one_cm":548151,"minecraft:open_chest":45,"minecraft:crouch_one_cm":22887,"tombstone:undead_killed":28,"minecraft:fall_one_cm":72460},"minecraft:mined":{"iceandfire:silver_ore":1,"minecraft:potted_blue_orchid":1,"minecraft:granite":2,"minecraft:grass_block":7,"minecraft:spruce_leaves":3,"minecraft:large_fern":3,"minecraft:tall_seagrass":1,"minecraft:carrots":21,"treechop:chopped_log":25,"minecraft:brown_bed":1,"chococraft:gysahl_green":5,"minecraft:bookshelf":20,"minecraft:vine":1,"minecraft:stone":37,"minecraft:birch_stairs":3,"ars_nouveau:light_block":4,"minecraft:crafting_table":7,"minecraft:torch":1,"minecraft:chest":1,"minecraft:tall_grass":50,"graveyard:lying_skeleton":1,"minecraft:oak_planks":2,"graveyard:gravestone":1,"minecraft:wall_torch":3,"vinery:white_grape_bush":1,"minecraft:birch_planks":54,"minecraft:birch_log":3,"minecraft:wheat":653,"minecraft:birch_leaves":5,"minecraft:black_bed":2,"minecraft:stone_brick_stairs":2,"minecraft:grass":48,"minecraft:coal_ore":37,"graveyard:leaning_skeleton":1,"minecraft:dirt":17,"minecraft:fern":9},"minecraft:broken":{"minecraft:stone_axe":4},"minecraft:killed":{"irons_spellbooks:summoned_zombie":3,"born_in_chaos_v1:restless_spirit":1,"minecraft:spider":1,"hmag:drowned_girl":2,"hmag:skeleton_girl":1,"born_in_chaos_v1:baby_skeleton_minion":2,"born_in_chaos_v1:maggot":2,"minecraft:skeleton":2,"realmrpg_demons:chort":3,"minecraft:drowned":2,"irons_spellbooks:summoned_skeleton":2,"born_in_chaos_v1:barrel_zombie":1,"hmag:ghost":4,"born_in_chaos_v1:bonescaller":1,"born_in_chaos_v1:decrepit_skeleton":1,"minecraft:sheep":5,"born_in_chaos_v1:bloody_gadfly":1,"minecraft:zombie":4,"iceandfire:ghost":3,"alexsmobs:terrapin":1,"minecraft:cow":6}},"DataVersion":3465}