{"stats":{"minecraft:picked_up":{"minecraft:birch_log":74,"minecraft:crafting_table":4,"minecraft:wheat":35,"minecraft:flower_pot":1,"minecraft:black_bed":1,"minecraft:leather":4,"minecraft:birch_planks":47,"minecraft:cornflower":5,"minecraft:dirt":83,"minecraft:string":3,"artifacts:flippers":1,"tombstone:gift":1,"minecraft:bone":2,"minecraft:blue_orchid":1,"bloomingnature:swamp_oak_sapling":5,"minecraft:bow":1,"minecraft:wheat_seeds":139,"minecraft:beef":7,"minecraft:glowstone_dust":1,"minecraft:birch_sapling":22,"minecraft:book":33,"minecraft:stick":21,"hmag:soul_powder":3,"minecraft:copper_ingot":1,"minecraft:torch":2,"born_in_chaos_v1:ethereal_spirit":1,"minecraft:spruce_sapling":3,"minecraft:spruce_log":8,"minecraft:lily_of_the_valley":3,"minecraft:spider_eye":1,"alexsmobs:animal_dictionary":1,"minecraft:rotten_flesh":6,"minecraft:spruce_boat":2,"minecraft:granite":2,"minecraft:black_wool":1,"minecraft:mutton":8,"minecraft:white_wool":4,"minecraft:cobblestone":19},"minecraft:dropped":{"minecraft:stone_axe":1,"hmag:soul_powder":1,"minecraft:wheat_seeds":139,"alexsmobs:animal_dictionary":1,"minecraft:cobblestone":1,"minecraft:rotten_flesh":6,"minecraft:glowstone_dust":1,"minecraft:copper_ingot":1,"artifacts:flippers":1,"minecraft:lily_of_the_valley":3,"minecraft:dirt":7,"born_in_chaos_v1:river_mint":1,"minecraft:torch":4,"minecraft:cornflower":5,"bloomingnature:swamp_oak_sapling":5,"minecraft:spider_eye":1,"minecraft:wooden_pickaxe":1,"minecraft:string":3,"minecraft:spruce_sapling":3},"minecraft:used":{"minecraft:cooked_mutton":4,"minecraft:birch_planks":72,"minecraft:stone_pickaxe":16,"minecraft:chest":1,"minecraft:wooden_pickaxe":11,"minecraft:torch":3,"minecraft:dirt":12,"minecraft:crafting_table":6,"minecraft:white_bed":1,"minecraft:granite":2,"minecraft:spruce_boat":3,"minecraft:black_wool":1,"minecraft:bread":16,"minecraft:stone_axe":226,"minecraft:birch_trapdoor":2,"minecraft:cobblestone":1,"minecraft:furnace":1,"tombstone:gift":2,"alexsmobs:animal_dictionary":3},"minecraft:crafted":{"minecraft:cooked_beef":7,"minecraft:crafting_table":3,"minecraft:spruce_planks":32,"minecraft:wooden_pickaxe":1,"minecraft:furnace":1,"minecraft:birch_planks":296,"minecraft:stone_axe":2,"minecraft:bread":16,"minecraft:cooked_mutton":8,"minecraft:air":0,"minecraft:stick":8,"minecraft:stone_pickaxe":1,"minecraft:birch_trapdoor":2,"minecraft:chest":1,"minecraft:white_bed":1,"minecraft:spruce_boat":1,"minecraft:torch":8},"minecraft:mined":{"minecraft:potted_blue_orchid":1,"minecraft:crafting_table":4,"minecraft:granite":2,"minecraft:grass_block":6,"minecraft:tall_grass":23,"minecraft:spruce_leaves":3,"minecraft:large_fern":1,"minecraft:birch_planks":48,"minecraft:tall_seagrass":1,"minecraft:birch_log":3,"minecraft:wheat":37,"minecraft:birch_leaves":3,"minecraft:black_bed":1,"treechop:chopped_log":6,"minecraft:stone_brick_stairs":1,"minecraft:grass":28,"minecraft:bookshelf":11,"minecraft:dirt":8,"minecraft:stone":19,"minecraft:fern":3},"minecraft:custom":{"minecraft:interact_with_furnace":9,"minecraft:mob_kills":25,"minecraft:interact_with_crafting_table":12,"minecraft:open_barrel":4,"minecraft:leave_game":4,"minecraft:time_since_death":8486,"minecraft:sleep_in_bed":3,"minecraft:climb_one_cm":3192,"minecraft:time_since_rest":8345,"minecraft:sprint_one_cm":105021,"minecraft:damage_taken":1229,"minecraft:walk_one_cm":134655,"minecraft:drop":64,"minecraft:damage_dealt":3278,"minecraft:swim_one_cm":8571,"minecraft:fly_one_cm":143850,"minecraft:open_chest":13,"minecraft:crouch_one_cm":7579,"minecraft:play_time":53103,"tombstone:undead_killed":9,"minecraft:deaths":1,"minecraft:sneak_time":3034,"minecraft:walk_under_water_one_cm":3225,"minecraft:boat_one_cm":243040,"minecraft:jump":717,"minecraft:walk_on_water_one_cm":4234,"minecraft:total_world_time":53103,"minecraft:fall_one_cm":18818},"minecraft:killed":{"hmag:ghost":2,"born_in_chaos_v1:restless_spirit":1,"minecraft:spider":1,"hmag:drowned_girl":1,"minecraft:sheep":5,"minecraft:skeleton":1,"minecraft:zombie":1,"alexsmobs:terrapin":1,"minecraft:drowned":2,"irons_spellbooks:summoned_skeleton":2,"minecraft:cow":5}},"DataVersion":3465}