{"stats":{"minecraft:mined":{"treechop:chopped_log":1,"minecraft:fern":1},"minecraft:used":{"alexsmobs:animal_dictionary":3},"minecraft:dropped":{"alexsmobs:animal_dictionary":1,"minecraft:spruce_sapling":3},"minecraft:custom":{"minecraft:time_since_rest":9307,"minecraft:crouch_one_cm":291,"minecraft:play_time":9307,"minecraft:sprint_one_cm":6408,"minecraft:damage_taken":53,"minecraft:walk_one_cm":10322,"minecraft:sneak_time":100,"minecraft:drop":2,"minecraft:jump":51,"minecraft:leave_game":1,"minecraft:time_since_death":9307,"minecraft:total_world_time":9307,"minecraft:fly_one_cm":6641,"minecraft:fall_one_cm":685},"minecraft:crafted":{"minecraft:crafting_table":1,"minecraft:spruce_planks":32,"minecraft:stick":4},"minecraft:picked_up":{"minecraft:spruce_sapling":3,"minecraft:spruce_log":8,"alexsmobs:animal_dictionary":1}},"DataVersion":3465}