{"stats":{"minecraft:dropped":{"bloomingnature:fan_palm_sprout":1,"iceandfire:raw_silver":1,"minecraft:birch_planks":4,"minecraft:lapis_lazuli":1,"minecraft:oak_log":2,"minecraft:glow_ink_sac":2,"minecraft:crossbow":1,"minecraft:leather":1,"iceandfire:ectoplasm":1,"born_in_chaos_v1:pieceofdarkmetal":6,"artifacts:flippers":1,"paraglider:spirit_orb":14,"farmersdelight:rice":2,"minecraft:dirt":10,"minecraft:dark_oak_log":1,"minecraft:cornflower":6,"bloomingnature:chestnut_sapling":5,"minecraft:mutton":4,"minecraft:chain":5,"minecraft:gold_nugget":12,"minecraft:amethyst_shard":4,"minecraft:sand":1,"minecraft:dark_oak_planks":8,"minecraft:birch_stairs":1,"minecraft:white_wool":1,"minecraft:bone":15,"minecraft:gold_ingot":1,"minecraft:crimson_fungus":1,"minecraft:stone_axe":1,"minecraft:golden_chestplate":2,"minecraft:iron_nugget":6,"born_in_chaos_v1:fire_dust":2,"alexsmobs:animal_dictionary":1,"minecraft:cobbled_deepslate":9,"minecraft:birch_sapling":23,"minecraft:wheat":5,"minecraft:rotten_flesh":44,"minecraft:oak_planks":2,"minecraft:glowstone_dust":2,"minecraft:chainmail_chestplate":1,"minecraft:tipped_arrow":3,"born_in_chaos_v1:seedof_chaos":5,"minecraft:mangrove_log":1,"minecraft:gunpowder":3,"minecraft:skeleton_skull":1,"born_in_chaos_v1:corpse_maggot":7,"minecraft:ladder":1,"minecraft:beef":4,"minecraft:arrow":9,"minecraft:scaffolding":8,"minecraft:stone_brick_stairs":1,"minecraft:written_book":1,"farmersdelight:tomato_seeds":3,"minecraft:golden_boots":1,"minecraft:iron_ingot":16,"minecraft:bread":1,"minecraft:wheat_seeds":2237,"bloomingnature:foxglove_white":6,"minecraft:cherry_log":1,"minecraft:iron_helmet":1,"minecraft:cobblestone":6,"minecraft:book":1,"chococraft:gysahl_green_seeds":14,"minecraft:copper_ingot":1,"vinery:jungle_grape_seeds_red":2,"minecraft:stick":3,"irons_spellbooks:scroll":1,"born_in_chaos_v1:river_mint":2,"bloomingnature:swamp_oak_log":4,"tombstone:magic_scroll":1,"minecraft:ink_sac":2,"minecraft:wooden_hoe":1,"minecraft:torch":4,"minecraft:smooth_quartz":3,"minecraft:rose_bush":5,"bloomingnature:swamp_oak_sapling":17,"tombstone:grave_dust":10,"minecraft:iron_leggings":1,"minecraft:oak_stairs":2,"minecraft:string":32,"minecraft:bucket":1,"minecraft:spruce_sapling":3,"minecraft:kelp":2,"hmag:soul_powder":1,"alexsmobs:maggot":1,"minecraft:raw_copper":1,"minecraft:tuff":2,"farmersdelight:cabbage_seeds":1,"born_in_chaos_v1:rotten_fish":1,"minecraft:clay_ball":3,"minecraft:iron_boots":1,"farmersdelight:straw":1,"born_in_chaos_v1:spiritual_dust":1,"minecraft:pumpkin_seeds":1,"cozy_home:white_lamp":2,"minecraft:lily_of_the_valley":3,"minecraft:filled_map":1,"minecraft:potato":7,"minecraft:flower_pot":4,"minecraft:allium":1,"minecraft:bundle":4,"minecraft:iron_chestplate":1,"minecraft:andesite":1,"born_in_chaos_v1:spiny_shell":1,"minecraft:golden_leggings":2,"minecraft:fire_coral":1,"minecraft:oak_sapling":8,"minecraft:brown_bed":2,"minecraft:spider_eye":12,"minecraft:stone_bricks":1,"minecraft:bow":2,"minecraft:blue_orchid":1,"minecraft:wooden_pickaxe":1,"minecraft:stone_pickaxe":1,"minecraft:nautilus_shell":1,"chococraft:gysahl_green":4},"minecraft:custom":{"minecraft:interact_with_crafting_table":148,"minecraft:open_barrel":49,"minecraft:leave_game":19,"minecraft:time_since_death":289797,"minecraft:sprint_one_cm":1346434,"minecraft:drop":471,"minecraft:talked_to_villager":2,"minecraft:play_time":654866,"minecraft:deaths":9,"minecraft:jump":10253,"minecraft:enchant_item":10,"minecraft:walk_on_water_one_cm":96274,"minecraft:interact_with_furnace":101,"minecraft:traded_with_villager":2,"minecraft:sleep_in_bed":17,"minecraft:waystone_activated":4,"minecraft:damage_dealt":48614,"minecraft:crouch_one_cm":145118,"tombstone:undead_killed":129,"tombstone:villager_killed":1,"minecraft:interact_with_smoker":1,"minecraft:interact_with_smithing_table":4,"minecraft:interact_with_anvil":3,"minecraft:mob_kills":252,"minecraft:damage_dealt_resisted":3989,"minecraft:climb_one_cm":37519,"minecraft:walk_one_cm":1598666,"minecraft:sneak_time":51672,"minecraft:walk_under_water_one_cm":114139,"minecraft:boat_one_cm":691446,"minecraft:interact_with_blast_furnace":1,"minecraft:total_world_time":654866,"tombstone:raider_killed":1,"minecraft:tune_noteblock":1,"minecraft:interact_with_grindstone":4,"minecraft:time_since_rest":24149,"minecraft:damage_taken":15655,"minecraft:trigger_trapped_chest":5,"minecraft:swim_one_cm":236108,"minecraft:fly_one_cm":1872093,"minecraft:open_chest":561,"minecraft:fall_one_cm":271733},"minecraft:picked_up":{"chococraft:loverly_gysahl_green":1,"minecraft:wheat":725,"minecraft:flower_pot":4,"minecraft:smithing_table":2,"minecraft:lead":1,"minecraft:oak_stairs":2,"minecraft:brown_bed":2,"minecraft:stone_brick_stairs":1,"born_in_chaos_v1:bloody_gadfly_eye":2,"bloomingnature:fan_palm_log":2,"paraglider:goddess_statue":4,"minecraft:string":48,"minecraft:raw_copper":1,"travelersbackpack:diamond":1,"minecraft:experience_bottle":1,"minecraft:gold_nugget":12,"minecraft:cobbled_deepslate":853,"minecraft:spruce_planks":57,"minecraft:rose_bush":4,"minecraft:smooth_quartz":3,"minecraft:mangrove_log":1,"minecraft:tipped_arrow":3,"minecraft:stick":253,"minecraft:birch_trapdoor":1,"minecraft:torch":50,"minecraft:cherry_log":1,"born_in_chaos_v1:nightmare_claw":1,"tombstone:grave_dust":20,"minecraft:diorite":30,"minecraft:golden_chestplate":1,"alexsmobs:centipede_leg":2,"bloomingnature:chestnut_log":1,"minecraft:rotten_flesh":63,"securitycraft:reinforced_cobbled_deepslate":20,"minecraft:iron_block":3,"chococraft:chocobo_drumstick_raw":1,"minecraft:obsidian":21,"vinery:apple_log":13,"minecraft:cobblestone":354,"minecraft:nautilus_shell":1,"minecraft:birch_log":224,"born_in_chaos_v1:staffof_magic_arrows":1,"securitycraft:reinforced_hopper":1,"farmersdelight:rice":1,"minecraft:iron_door":4,"born_in_chaos_v1:spiritual_dust":8,"minecraft:andesite":2,"minecraft:black_bed":2,"minecraft:golden_leggings":1,"minecraft:potato":1,"useless_sword:enderman_scale":1,"paraglider:spirit_orb":32,"minecraft:flint":2,"minecraft:tuff":46,"ars_nouveau:scribes_table":1,"minecraft:lapis_lazuli":40,"minecraft:dirt":208,"artifacts:flippers":1,"minecraft:name_tag":1,"hmag:evil_crystal_fragment":3,"minecraft:bone":58,"minecraft:bow":3,"bloomingnature:white_orchid":3,"minecraft:wheat_seeds":2195,"minecraft:raw_gold":52,"minecraft:glowstone_dust":2,"minecraft:oak_planks":36,"securitycraft:keycard_lock":3,"ars_nouveau:glyph_ignite":2,"irons_spellbooks:frozen_bone":7,"hmag:soul_powder":8,"iceandfire:shiny_scales":4,"minecraft:sand":39,"minecraft:ink_sac":2,"minecraft:grass_block":1,"minecraft:lily_of_the_valley":3,"minecraft:dark_oak_log":6,"alexsmobs:animal_dictionary":1,"minecraft:bundle":4,"minecraft:blue_terracotta":1,"born_in_chaos_v1:fire_dust":2,"minecraft:diamond":85,"minecraft:spruce_boat":3,"bloomingnature:swamp_oak_log":7,"waystones:waystone":2,"minecraft:granite":6,"minecraft:emerald":1,"minecraft:bread":4,"alexsmobs:maggot":1,"minecraft:oak_sapling":184,"born_in_chaos_v1:rotten_fish":1,"minecraft:netherrack":51,"iceandfire:raw_silver":1,"born_in_chaos_v1:diamond_termite_shard":20,"minecraft:crafting_table":16,"minecraft:allium":1,"minecraft:ladder":1,"born_in_chaos_v1:river_mint":1,"minecraft:clay_ball":3,"born_in_chaos_v1:seedof_chaos":5,"minecraft:chain":5,"minecraft:fire_coral":1,"ars_nouveau:archwood_planks":61,"minecraft:cornflower":10,"minecraft:item_frame":1,"minecraft:blue_orchid":1,"vinery:apple_tree_sapling":3,"graveyard:gravestone":1,"minecraft:beef":13,"farmersdelight:straw":1,"minecraft:oak_boat":2,"minecraft:iron_nugget":4,"minecraft:spruce_slab":5,"minecraft:chest":1,"minecraft:birch_sapling":74,"bloomingnature:fan_palm_sprout":2,"minecraft:raw_iron":128,"iceandfire:dragonbone":8,"ars_nouveau:purple_archwood_log":169,"securitycraft:reinforced_cobblestone":16,"minecraft:copper_ingot":1,"ars_nouveau:purple_archwood_sapling":24,"minecraft:stone_button":1,"born_in_chaos_v1:pieceofdarkmetal":6,"minecraft:carrot":685,"minecraft:redstone":27,"minecraft:prismarine_crystals":1,"minecraft:dark_oak_planks":7,"artifacts:snorkel":1,"minecraft:arrow":29,"artifacts:cowboy_hat":1,"iceandfire:chared_dirt":1,"born_in_chaos_v1:spiny_shell":1,"mcwfurnitures:spruce_wardrobe":18,"paraglider:horned_statue":2,"minecraft:mutton":20,"minecraft:skeleton_skull":1,"minecraft:white_wool":11,"born_in_chaos_v1:corpse_maggot":15,"born_in_chaos_v1:monster_flesh":4,"minecraft:golden_carrot":3,"minecraft:glow_ink_sac":3,"minecraft:leather":8,"minecraft:birch_planks":91,"minecraft:crimson_fungus":1,"bloomingnature:genisteae":2,"minecraft:oak_log":234,"iceandfire:ectoplasm":1,"minecraft:gunpowder":3,"tombstone:gift":1,"chococraft:chocobo_feather":1,"chococraft:gysahl_green":55,"bloomingnature:foxglove_white":10,"bloomingnature:swamp_oak_sapling":17,"minecraft:apple":17,"minecraft:stone_bricks":1,"minecraft:kelp":2,"minecraft:iron_ingot":11,"cozy_home:white_lamp":2,"tombstone:bag_of_seeds":2,"bloomingnature:chestnut_sapling":5,"handcrafted:spruce_fancy_bed":5,"minecraft:purple_concrete":6,"minecraft:book":125,"minecraft:scaffolding":13,"minecraft:dark_oak_slab":2,"bloomingnature:lupine_purple":1,"minecraft:quartz":19,"born_in_chaos_v1:orbofthe_summoner":2,"born_in_chaos_v1:ethereal_spirit":5,"minecraft:gravel":5,"ars_nouveau:bastion_pod":6,"minecraft:birch_stairs":7,"born_in_chaos_v1:dark_rod":1,"minecraft:amethyst_shard":4,"chococraft:gysahl_green_seeds":19,"minecraft:spruce_sapling":14,"minecraft:white_bed":7,"minecraft:spruce_log":91,"minecraft:spruce_door":2,"minecraft:spider_eye":15,"travelersbackpack:standard":2,"useless_sword:vex_ectoplasm":1,"minecraft:painting":73,"born_in_chaos_v1:tombstone_dark_titan_066":2,"tombstone:magic_scroll":1,"minecraft:black_wool":1,"minecraft:coal":157},"minecraft:mined":{"minecraft:dark_oak_planks":7,"minecraft:spruce_planks":58,"minecraft:white_bed":7,"minecraft:potted_blue_orchid":1,"minecraft:potted_crimson_fungus":1,"minecraft:obsidian":23,"minecraft:granite":6,"born_in_chaos_v1:dark_metal_deposit":8,"minecraft:grass_block":91,"bloomingnature:genisteae":1,"cozy_home:white_lamp":2,"minecraft:spawner":12,"minecraft:tall_seagrass":2,"minecraft:weeping_vines_plant":1,"minecraft:iron_ore":116,"minecraft:fire":10,"minecraft:cobbled_deepslate":28,"minecraft:brown_bed":1,"chococraft:gysahl_green":19,"iceandfire:gold_pile":3,"minecraft:oak_stairs":1,"minecraft:iron_block":3,"minecraft:spruce_slab":5,"minecraft:tripwire":2,"minecraft:deepslate_redstone_ore":6,"bloomingnature:lupine_purple":1,"ars_nouveau:light_block":4,"minecraft:powder_snow":10,"born_in_chaos_v1:infected_deepslate_diamond_ore":9,"minecraft:torch":13,"minecraft:chest":1,"minecraft:nether_quartz_ore":7,"minecraft:cobblestone":59,"ars_nouveau:scribes_table":1,"graveyard:lying_skeleton":1,"minecraft:oak_planks":35,"minecraft:iron_door":2,"graveyard:gravestone":1,"minecraft:wall_torch":30,"vinery:white_grape_bush":1,"travelersbackpack:diamond":1,"minecraft:skeleton_skull":1,"minecraft:chain":1,"ars_nouveau:archwood_planks":61,"minecraft:blue_terracotta":1,"minecraft:dark_oak_slab":1,"born_in_chaos_v1:tombstone_dark_titan_066":2,"paraglider:horned_statue":2,"minecraft:birch_log":6,"minecraft:wheat":653,"minecraft:birch_trapdoor":1,"minecraft:black_bed":2,"minecraft:stone_brick_stairs":2,"minecraft:grass":324,"handcrafted:spruce_fancy_bed":5,"minecraft:oak_log":5,"minecraft:smooth_quartz":3,"minecraft:sand":39,"minecraft:dirt":52,"minecraft:netherrack":99,"minecraft:oak_leaves":3,"minecraft:deepslate":856,"minecraft:tuff":47,"iceandfire:silver_ore":1,"minecraft:dark_oak_leaves":3,"minecraft:deepslate_diamond_ore":86,"minecraft:dark_oak_log":4,"born_in_chaos_v1:infected_diamond_ore":3,"minecraft:ladder":1,"iceandfire:chared_dirt":1,"minecraft:spruce_leaves":7,"minecraft:large_fern":7,"minecraft:carrots":188,"minecraft:andesite":2,"treechop:chopped_log":43,"minecraft:bookshelf":20,"minecraft:vine":2,"minecraft:deepslate_iron_ore":10,"minecraft:stone":273,"ars_nouveau:purple_archwood_log":26,"minecraft:potted_allium":1,"minecraft:smithing_table":2,"minecraft:birch_stairs":5,"minecraft:spruce_door":2,"travelersbackpack:standard":2,"minecraft:cornflower":5,"minecraft:crafting_table":15,"minecraft:emerald_ore":1,"born_in_chaos_v1:black_argillite_brick_n":1,"ars_nouveau:purple_archwood_sapling":4,"bloomingnature:foxglove_white":6,"minecraft:tall_grass":191,"minecraft:deepslate_gold_ore":52,"minecraft:lapis_ore":6,"bloomingnature:white_orchid":4,"minecraft:diorite":30,"minecraft:birch_planks":88,"graveyard:vase_block":1,"bloomingnature:swamp_oak_log":1,"minecraft:spruce_log":1,"minecraft:birch_leaves":10,"minecraft:purple_concrete":6,"mcwfurnitures:spruce_wardrobe":18,"minecraft:coal_ore":141,"minecraft:gravel":7,"graveyard:leaning_skeleton":1,"minecraft:fern":11,"paraglider:goddess_statue":4},"minecraft:crafted":{"minecraft:grindstone":1,"minecraft:oak_planks":224,"ars_nouveau:archwood_planks":416,"securitycraft:reinforced_cobbled_deepslate_slab":6,"securitycraft:keycard_reader":1,"minecraft:birch_boat":1,"minecraft:stone":12,"securitycraft:keypad_item":2,"travelersbackpack:diamond":1,"minecraft:bookshelf":21,"minecraft:heavy_weighted_pressure_plate":2,"minecraft:cooked_mutton":8,"securitycraft:laser_block":1,"securitycraft:keycard_lv1":2,"minecraft:hopper":1,"minecraft:glass":37,"minecraft:diamond_helmet":1,"minecraft:iron_boots":1,"minecraft:diamond_leggings":2,"minecraft:chest":16,"minecraft:iron_door":3,"bloomingnature:swamp_oak_boat":1,"mcwfurnitures:cabinet_door":3,"minecraft:stone_hoe":1,"minecraft:crafting_table":12,"minecraft:spruce_planks":268,"securitycraft:reinforced_stone_button":16,"minecraft:iron_helmet":2,"minecraft:wooden_pickaxe":1,"travelersbackpack:standard":1,"minecraft:spruce_door":3,"bloomingnature:swamp_oak_planks":12,"bloomingnature:fan_palm_planks":8,"travelersbackpack:blue_sleeping_bag":1,"minecraft:birch_planks":316,"handcrafted:spruce_fancy_bed":1,"minecraft:painting":1,"born_in_chaos_v1:staffofthe_summoner":1,"minecraft:dark_oak_slab":6,"minecraft:wooden_hoe":1,"minecraft:iron_chestplate":1,"minecraft:diamond_pickaxe":2,"minecraft:stone_slab":6,"minecraft:stick":136,"minecraft:iron_pickaxe":3,"minecraft:iron_ingot":139,"minecraft:iron_block":3,"minecraft:gold_ingot":52,"ars_nouveau:scribes_table":1,"ars_nouveau:arcane_pedestal":1,"securitycraft:universal_block_reinforcer_lvl1":1,"minecraft:golden_carrot":87,"bloomingnature:chestnut_planks":4,"minecraft:stone_shovel":1,"minecraft:iron_nugget":27,"cozy_home:white_lamp":2,"minecraft:furnace":7,"minecraft:stone_button":1,"minecraft:bone_meal":72,"ars_nouveau:archwood_slab":6,"minecraft:glass_pane":16,"minecraft:flint_and_steel":2,"securitycraft:keycard_lock":2,"minecraft:lantern":2,"minecraft:diamond":2,"ars_nouveau:novice_spell_book":1,"vinery:white_grapejuice":1,"born_in_chaos_v1:bone_handle":1,"handcrafted:white_sheet":8,"minecraft:iron_axe":3,"minecraft:ladder":3,"minecraft:spruce_slab":12,"minecraft:stone_pickaxe":1,"minecraft:diamond_boots":1,"minecraft:spruce_boat":1,"minecraft:redstone_block":1,"minecraft:dark_oak_planks":32,"minecraft:golden_helmet":1,"minecraft:cooked_beef":7,"paraglider:paraglider":1,"minecraft:diamond_sword":1,"minecraft:iron_trapdoor":1,"minecraft:enchanting_table":1,"handcrafted:white_cushion":16,"travelersbackpack:backpack_tank":2,"minecraft:iron_sword":1,"mcwfurnitures:spruce_wardrobe":12,"minecraft:bucket":2,"minecraft:stone_axe":6,"minecraft:bread":245,"minecraft:air":0,"securitycraft:reinforced_stone":16,"minecraft:blue_dye":2,"ars_nouveau:sourcestone":8,"minecraft:oak_boat":3,"minecraft:gold_nugget":711,"minecraft:birch_trapdoor":2,"minecraft:iron_shovel":1,"minecraft:blue_wool":2,"chococraft:chocobo_saddle":1,"minecraft:anvil":1,"minecraft:white_bed":1,"farmersdelight:diamond_knife":1,"minecraft:torch":112,"vinery:red_grapejuice":1,"minecraft:diamond_chestplate":2},"minecraft:killed":{"alexsmobs:hummingbird":1,"minecraft:cave_spider":8,"born_in_chaos_v1:zombie_lumberjack":1,"born_in_chaos_v1:restless_spirit":1,"minecraft:spider":20,"realmrpg_demons:imp":1,"born_in_chaos_v1:baby_skeleton_minion":13,"born_in_chaos_v1:scarlet_persecutor":2,"minecraft:skeleton":16,"realmrpg_demons:chort":4,"alexsmobs:centipede_head":1,"born_in_chaos_v1:supreme_bonescaller_stage_2":2,"irons_spellbooks:summoned_skeleton":3,"hmag:catoblepas":1,"born_in_chaos_v1:firelight_not_despawn":2,"artifacts:mimic":2,"born_in_chaos_v1:bonescaller":1,"born_in_chaos_v1:diamond_termite":20,"minecraft:sheep":12,"born_in_chaos_v1:dread_hound":1,"minecraft:pillager":1,"minecraft:zombie":28,"alexsmobs:terrapin":1,"born_in_chaos_v1:corpse_fly":3,"minecraft:stray":10,"alexsmobs:fly":1,"born_in_chaos_v1:door_knight":2,"minecraft:cow":6,"chococraft:chocobo":1,"minecraft:vex":3,"irons_spellbooks:summoned_zombie":3,"mca:male_zombie_villager":1,"hmag:drowned_girl":2,"hmag:skeleton_girl":3,"born_in_chaos_v1:zombie_bruiser":1,"born_in_chaos_v1:maggot":11,"hmag:zombie_girl":3,"vinery:mule":2,"iceandfire:siren":1,"minecraft:drowned":3,"born_in_chaos_v1:barrel_zombie":4,"hmag:ghost":8,"graveyard:ghoul":1,"ars_nouveau:drygmy":1,"born_in_chaos_v1:bone_imp_minion":12,"born_in_chaos_v1:decrepit_skeleton":1,"hmag:kobold":1,"born_in_chaos_v1:bloody_gadfly":3,"iceandfire:ghost":8,"born_in_chaos_v1:bonescaller_not_despawn":3,"born_in_chaos_v1:dark_vortex":1,"born_in_chaos_v1:nightmare_stalker":1,"mca:female_villager":1,"minecraft:enderman":1},"minecraft:broken":{"minecraft:golden_helmet":1,"useless_sword:pillager_dagger":1,"minecraft:diamond_helmet":1,"minecraft:diamond_boots":1,"minecraft:stone_axe":4,"minecraft:diamond_leggings":1,"minecraft:iron_axe":1,"minecraft:iron_pickaxe":2},"minecraft:used":{"minecraft:blue_terracotta":1,"minecraft:iron_shovel":50,"minecraft:spruce_slab":5,"minecraft:ladder":3,"minecraft:chest":14,"travelersbackpack:diamond":1,"paraglider:goddess_statue":4,"securitycraft:keypad_item":2,"minecraft:carrot":356,"minecraft:obsidian":14,"minecraft:spruce_boat":3,"born_in_chaos_v1:corpse_maggot":3,"handcrafted:spruce_fancy_bed":6,"minecraft:lava_bucket":1,"minecraft:grass_block":1,"bloomingnature:swamp_oak_boat":1,"minecraft:dark_oak_slab":2,"minecraft:item_frame":1,"minecraft:birch_trapdoor":3,"minecraft:written_book":1,"minecraft:furnace":7,"bloomingnature:swamp_oak_planks":4,"bloomingnature:fan_palm_planks":4,"minecraft:diorite":30,"minecraft:spruce_door":4,"minecraft:oak_planks":132,"minecraft:stone_pickaxe":129,"bloomingnature:fan_palm_sprout":1,"minecraft:wooden_pickaxe":11,"minecraft:sand":1,"ars_nouveau:archwood_planks":213,"securitycraft:keycard_lock":5,"minecraft:black_bed":1,"ars_nouveau:purple_archwood_sapling":17,"waystones:waystone":2,"minecraft:stone_button":2,"minecraft:bread":200,"ars_nouveau:purple_archwood_log":52,"minecraft:iron_door":5,"minecraft:gravel":3,"minecraft:diamond_sword":179,"minecraft:grindstone":1,"minecraft:smithing_table":2,"minecraft:andesite":1,"minecraft:oak_boat":5,"minecraft:bone_meal":8,"minecraft:experience_bottle":5,"minecraft:flint_and_steel":1,"minecraft:enchanting_table":1,"farmersdelight:diamond_knife":382,"minecraft:stone_shovel":85,"minecraft:spruce_planks":201,"minecraft:stone_hoe":82,"minecraft:netherrack":32,"minecraft:torch":142,"minecraft:dirt":196,"minecraft:anvil":1,"iceandfire:copper_sword":8,"minecraft:granite":5,"securitycraft:keycard_reader":1,"paraglider:horned_statue":2,"minecraft:dark_oak_planks":17,"minecraft:bookshelf":21,"minecraft:iron_axe":406,"minecraft:purple_concrete":6,"minecraft:golden_carrot":36,"minecraft:iron_trapdoor":1,"tombstone:gift":8,"minecraft:cooked_beef":7,"minecraft:cobbled_deepslate":618,"mcwfurnitures:spruce_wardrobe":30,"minecraft:cooked_mutton":8,"minecraft:water_bucket":14,"minecraft:birch_planks":116,"minecraft:birch_boat":1,"useless_sword:pillager_dagger":555,"iceandfire:chared_dirt":1,"minecraft:crafting_table":28,"minecraft:white_bed":7,"minecraft:painting":73,"tombstone:bag_of_seeds":3,"minecraft:oak_log":2,"minecraft:black_wool":1,"minecraft:wooden_hoe":38,"minecraft:diamond_pickaxe":1323,"minecraft:apple":15,"cozy_home:white_lamp":2,"born_in_chaos_v1:staffofthe_summoner":8,"minecraft:iron_pickaxe":498,"bloomingnature:chestnut_planks":4,"minecraft:stone_axe":644,"travelersbackpack:standard":1,"minecraft:cobblestone":271,"born_in_chaos_v1:tombstone_dark_titan_066":2,"minecraft:bucket":16,"alexsmobs:animal_dictionary":3,"ars_nouveau:scribes_table":1,"minecraft:birch_stairs":5}},"DataVersion":3465}