{"stats":{"minecraft:picked_up":{"minecraft:birch_log":74,"minecraft:crafting_table":4,"minecraft:wheat":35,"minecraft:leather":4,"minecraft:birch_planks":46,"minecraft:cornflower":5,"minecraft:string":3,"minecraft:dirt":80,"tombstone:gift":1,"minecraft:bone":2,"bloomingnature:swamp_oak_sapling":5,"minecraft:bow":1,"minecraft:wheat_seeds":139,"minecraft:beef":7,"minecraft:glowstone_dust":1,"minecraft:birch_sapling":22,"minecraft:stick":21,"hmag:soul_powder":3,"minecraft:copper_ingot":1,"minecraft:torch":1,"born_in_chaos_v1:ethereal_spirit":1,"minecraft:spruce_sapling":3,"minecraft:spruce_log":8,"minecraft:lily_of_the_valley":3,"minecraft:spider_eye":1,"alexsmobs:animal_dictionary":1,"minecraft:rotten_flesh":6,"minecraft:spruce_boat":2,"minecraft:granite":2,"minecraft:black_wool":1,"minecraft:mutton":8,"minecraft:white_wool":4,"minecraft:cobblestone":19},"minecraft:dropped":{"minecraft:stone_axe":1,"hmag:soul_powder":1,"minecraft:wheat_seeds":139,"alexsmobs:animal_dictionary":1,"minecraft:cobblestone":1,"minecraft:rotten_flesh":6,"minecraft:glowstone_dust":1,"minecraft:copper_ingot":1,"minecraft:lily_of_the_valley":3,"minecraft:dirt":7,"born_in_chaos_v1:river_mint":1,"minecraft:torch":4,"minecraft:cornflower":5,"bloomingnature:swamp_oak_sapling":5,"minecraft:spider_eye":1,"minecraft:wooden_pickaxe":1,"minecraft:string":3,"minecraft:spruce_sapling":3},"minecraft:used":{"minecraft:cooked_mutton":3,"minecraft:birch_planks":71,"minecraft:stone_pickaxe":15,"minecraft:chest":1,"minecraft:wooden_pickaxe":11,"minecraft:torch":3,"minecraft:dirt":9,"minecraft:crafting_table":6,"minecraft:white_bed":1,"minecraft:granite":2,"minecraft:spruce_boat":3,"minecraft:black_wool":1,"minecraft:bread":16,"minecraft:stone_axe":208,"minecraft:birch_trapdoor":2,"minecraft:cobblestone":1,"minecraft:furnace":1,"tombstone:gift":2,"alexsmobs:animal_dictionary":3},"minecraft:crafted":{"minecraft:cooked_beef":7,"minecraft:crafting_table":3,"minecraft:spruce_planks":32,"minecraft:wooden_pickaxe":1,"minecraft:furnace":1,"minecraft:birch_planks":296,"minecraft:stone_axe":2,"minecraft:cooked_mutton":8,"minecraft:bread":16,"minecraft:air":0,"minecraft:stick":8,"minecraft:stone_pickaxe":1,"minecraft:birch_trapdoor":2,"minecraft:chest":1,"minecraft:white_bed":1,"minecraft:spruce_boat":1,"minecraft:torch":8},"minecraft:mined":{"minecraft:crafting_table":4,"minecraft:granite":2,"minecraft:grass_block":4,"minecraft:tall_grass":22,"minecraft:spruce_leaves":3,"minecraft:large_fern":1,"minecraft:birch_planks":47,"minecraft:tall_seagrass":1,"minecraft:birch_log":3,"minecraft:wheat":37,"minecraft:birch_leaves":3,"treechop:chopped_log":6,"minecraft:grass":25,"minecraft:dirt":7,"minecraft:stone":19,"minecraft:fern":3},"minecraft:custom":{"minecraft:interact_with_furnace":7,"minecraft:mob_kills":24,"minecraft:interact_with_crafting_table":11,"minecraft:open_barrel":4,"minecraft:leave_game":4,"minecraft:time_since_death":3055,"minecraft:sleep_in_bed":3,"minecraft:time_since_rest":2914,"minecraft:sprint_one_cm":84980,"minecraft:damage_taken":1219,"minecraft:walk_one_cm":115168,"minecraft:drop":63,"minecraft:damage_dealt":3178,"minecraft:swim_one_cm":4206,"minecraft:fly_one_cm":123494,"minecraft:open_chest":8,"minecraft:crouch_one_cm":7072,"minecraft:play_time":47672,"tombstone:undead_killed":9,"minecraft:deaths":1,"minecraft:sneak_time":2852,"minecraft:walk_under_water_one_cm":2853,"minecraft:boat_one_cm":243040,"minecraft:jump":625,"minecraft:walk_on_water_one_cm":3370,"minecraft:total_world_time":47672,"minecraft:fall_one_cm":16712},"minecraft:killed":{"hmag:ghost":2,"born_in_chaos_v1:restless_spirit":1,"minecraft:spider":1,"hmag:drowned_girl":1,"minecraft:sheep":5,"minecraft:skeleton":1,"minecraft:zombie":1,"minecraft:drowned":2,"irons_spellbooks:summoned_skeleton":2,"minecraft:cow":5}},"DataVersion":3465}