{"stats":{"minecraft:killed":{"minecraft:vex":1,"minecraft:spider":1,"minecraft:vindicator":3,"minecraft:creeper":1,"minecraft:skeleton":5,"minecraft:pillager":2,"minecraft:zombie":3},"minecraft:mined":{"minecraft:spruce_planks":3,"minecraft:crafting_table":11,"minecraft:torch":2,"minecraft:granite":2,"minecraft:grass_block":2,"minecraft:tall_grass":2,"minecraft:cobblestone":9,"minecraft:cyan_bed":1,"minecraft:spruce_leaves":1,"minecraft:lapis_ore":8,"minecraft:diorite":4,"minecraft:wall_torch":2,"minecraft:skeleton_skull":1,"minecraft:hay_block":18,"minecraft:purple_bed":1,"graveyard:skull_pile":1,"minecraft:furnace":2,"iceandfire:copper_ore":2,"minecraft:birch_log":6,"minecraft:iron_ore":131,"minecraft:sweet_berry_bush":2,"minecraft:spruce_log":15,"minecraft:andesite":2,"minecraft:birch_leaves":1,"create:copper_ore":1,"minecraft:gold_block":1,"minecraft:yellow_bed":1,"minecraft:grass":3,"minecraft:oak_log":7,"minecraft:coal_ore":112,"minecraft:dirt":4,"minecraft:cobweb":1,"minecraft:stone":197,"minecraft:gold_ore":6,"minecraft:oak_leaves":4},"minecraft:used":{"minecraft:water_bucket":1,"minecraft:stone_pickaxe":131,"useless_sword:frozen_sword":4,"useless_sword:magmatic_sword":43,"minecraft:spruce_planks":10,"minecraft:wooden_pickaxe":9,"iceandfire:copper_ore":1,"minecraft:torch":8,"minecraft:dirt":3,"minecraft:crafting_table":13,"minecraft:purple_banner":1,"minecraft:spruce_boat":2,"minecraft:apple":19,"minecraft:bread":40,"minecraft:iron_axe":95,"minecraft:iron_pickaxe":344,"minecraft:stone_axe":3,"minecraft:cobblestone":199,"minecraft:furnace":2,"minecraft:bucket":2,"alexsmobs:animal_dictionary":2,"minecraft:yellow_bed":1,"create:copper_ore":1},"minecraft:dropped":{"minecraft:furnace":1,"minecraft:sweet_berries":5,"minecraft:oak_log":3,"alexsmobs:animal_dictionary":1,"create:copper_ore":1,"minecraft:iron_helmet":1,"minecraft:cobblestone":4,"minecraft:rotten_flesh":5,"minecraft:granite":2,"iceandfire:copper_ore":3,"minecraft:carrot":1,"minecraft:stick":2,"minecraft:iron_chestplate":1,"mca:book_romance":1,"minecraft:ink_sac":2,"minecraft:diorite":4,"minecraft:skeleton_skull":1,"minecraft:purple_bed":2,"minecraft:andesite":2,"minecraft:map":1,"minecraft:iron_axe":1,"minecraft:arrow":8,"minecraft:bow":1,"minecraft:wooden_pickaxe":1,"useless_sword:alloy_sword":1,"minecraft:birch_log":6,"mca:book_rose_gold":1},"minecraft:custom":{"minecraft:interact_with_smithing_table":1,"minecraft:interact_with_furnace":23,"minecraft:mob_kills":21,"tombstone:raider_killed":6,"minecraft:interact_with_crafting_table":25,"minecraft:open_barrel":13,"minecraft:play_one_minute":88025,"minecraft:interact_with_loom":1,"minecraft:damage_dealt_resisted":408,"minecraft:leave_game":4,"minecraft:time_since_death":88025,"minecraft:climb_one_cm":893,"minecraft:time_since_rest":88025,"minecraft:sprint_one_cm":270200,"minecraft:damage_taken":2294,"minecraft:walk_one_cm":225802,"minecraft:drop":42,"minecraft:damage_dealt":4846,"minecraft:swim_one_cm":25861,"minecraft:talked_to_villager":1,"minecraft:fly_one_cm":295883,"minecraft:open_chest":40,"minecraft:crouch_one_cm":30618,"tombstone:undead_killed":8,"minecraft:sneak_time":10684,"minecraft:walk_under_water_one_cm":17273,"minecraft:boat_one_cm":81889,"minecraft:jump":1575,"minecraft:walk_on_water_one_cm":21236,"minecraft:interact_with_smoker":1,"minecraft:inspect_dispenser":1,"minecraft:fall_one_cm":42696,"minecraft:horse_one_cm":1833},"minecraft:picked_up":{"minecraft:birch_log":6,"minecraft:crafting_table":11,"minecraft:tripwire_hook":1,"iceandfire:copper_ore":4,"minecraft:andesite":2,"minecraft:gold_block":1,"paraglider:spirit_orb":2,"minecraft:oak_log":5,"minecraft:yellow_bed":1,"minecraft:gunpowder":1,"minecraft:string":1,"minecraft:lapis_lazuli":47,"minecraft:dirt":6,"minecraft:purple_banner":1,"minecraft:bone":25,"create:copper_ore":2,"minecraft:bow":1,"minecraft:spruce_planks":4,"minecraft:iron_ore":160,"minecraft:furnace":2,"minecraft:sweet_berries":5,"minecraft:torch":5,"minecraft:ink_sac":2,"minecraft:cyan_bed":1,"tombstone:grave_dust":2,"minecraft:diorite":4,"minecraft:carrot":1,"minecraft:spruce_log":14,"minecraft:gold_ore":6,"minecraft:arrow":8,"minecraft:purple_bed":2,"minecraft:rotten_flesh":5,"minecraft:iron_helmet":1,"minecraft:hay_block":14,"minecraft:granite":2,"minecraft:emerald":2,"minecraft:bread":1,"minecraft:coal":177,"minecraft:skeleton_skull":2,"minecraft:cobblestone":218},"minecraft:broken":{"minecraft:stone_pickaxe":1,"minecraft:iron_pickaxe":1},"minecraft:crafted":{"minecraft:oak_planks":8,"minecraft:crafting_table":2,"minecraft:spruce_planks":56,"minecraft:wooden_pickaxe":1,"minecraft:iron_helmet":1,"minecraft:furnace":1,"minecraft:stone_axe":1,"minecraft:bread":42,"minecraft:air":0,"minecraft:shield":1,"minecraft:iron_boots":1,"minecraft:iron_chestplate":1,"minecraft:iron_axe":2,"minecraft:stick":20,"minecraft:iron_ingot":35,"minecraft:iron_pickaxe":2,"minecraft:stone_pickaxe":1,"minecraft:iron_leggings":1,"minecraft:spruce_boat":2,"minecraft:torch":8,"minecraft:wheat":126}},"DataVersion":2586}