{"stats":{"minecraft:used":{"minecraft:spruce_slab":5,"minecraft:ladder":3,"minecraft:chest":16,"minecraft:stone":3,"travelersbackpack:diamond":2,"securitycraft:keypad_item":4,"ironchest:iron_chest":3,"minecraft:weeping_vines":1,"minecraft:spruce_boat":3,"handcrafted:spruce_fancy_bed":6,"minecraft:lava_bucket":1,"minecraft:grass_block":1,"bloomingnature:swamp_oak_boat":1,"minecraft:quartz_block":16,"minecraft:dark_oak_slab":2,"minecraft:furnace":8,"minecraft:diorite":35,"minecraft:spruce_door":4,"minecraft:blackstone":6,"bloomingnature:fan_palm_sprout":1,"minecraft:wooden_pickaxe":11,"mynethersdelight:powder_cannon":8,"minecraft:sand":21,"securitycraft:universal_block_remover":2,"omni_card:earth_card":2,"securitycraft:keycard_lock":5,"born_in_chaos_v1:infernal_evil_pumpkin":2,"minecraft:crying_obsidian":1,"minecraft:stone_button":2,"ars_nouveau:purple_archwood_log":70,"minecraft:diamond_sword":550,"minecraft:smithing_table":2,"minecraft:oak_boat":7,"minecraft:enchanting_table":2,"ars_nouveau:arcane_core":1,"minecraft:netherrack":1360,"minecraft:torch":145,"minecraft:warped_wart_block":2,"minecraft:anvil":1,"iceandfire:copper_sword":8,"minecraft:nether_quartz_ore":1,"minecraft:iron_axe":522,"born_in_chaos_v1:intoxicating_dagger":1,"minecraft:basalt":22,"minecraft:purple_concrete":6,"minecraft:iron_trapdoor":1,"tombstone:gift":8,"minecraft:cobbled_deepslate":618,"minecraft:cherry_log":1,"minecraft:water_bucket":14,"minecraft:birch_planks":120,"minecraft:polished_blackstone_bricks":20,"iceandfire:chared_dirt":1,"minecraft:crafting_table":31,"minecraft:white_bed":7,"minecraft:oak_log":2,"minecraft:diamond_pickaxe":6588,"minecraft:diamond_shovel":241,"minecraft:iron_pickaxe":498,"ars_nouveau:arcane_pedestal":3,"born_in_chaos_v1:staffofthe_summoner":8,"minecraft:spruce_sapling":3,"enchantinginfuser:enchanting_infuser":2,"minecraft:cobblestone":331,"travelersbackpack:standard":1,"minecraft:diamond_leggings":2,"minecraft:blue_terracotta":1,"minecraft:iron_shovel":50,"paraglider:goddess_statue":4,"minecraft:carrot":356,"minecraft:obsidian":24,"born_in_chaos_v1:corpse_maggot":3,"minecraft:item_frame":1,"minecraft:birch_trapdoor":3,"minecraft:magma_block":7,"minecraft:written_book":1,"bloomingnature:swamp_oak_planks":4,"bloomingnature:fan_palm_planks":4,"minecraft:stone_pickaxe":129,"minecraft:oak_planks":139,"minecraft:diamond_axe":40,"minecraft:sugar_cane":38,"ars_nouveau:archwood_planks":242,"minecraft:black_bed":1,"ars_nouveau:enchanting_apparatus":3,"waystones:waystone":3,"ars_nouveau:purple_archwood_sapling":37,"minecraft:bread":200,"minecraft:iron_door":5,"ironchest:iron_to_gold_chest_upgrade":1,"minecraft:gravel":7,"minecraft:grindstone":1,"minecraft:andesite":8,"minecraft:bone_meal":8,"minecraft:experience_bottle":5,"farmersdelight:diamond_knife":382,"minecraft:flint_and_steel":1,"minecraft:stone_shovel":85,"minecraft:spruce_planks":255,"minecraft:stone_hoe":82,"minecraft:dirt":196,"minecraft:granite":27,"securitycraft:keycard_reader":1,"minecraft:dark_oak_planks":45,"paraglider:horned_statue":2,"minecraft:bookshelf":21,"minecraft:polished_blackstone_brick_stairs":1,"minecraft:golden_carrot":105,"netherdungeons:teary_fungus":1,"minecraft:cooked_beef":7,"mcwfurnitures:spruce_wardrobe":30,"minecraft:cooked_mutton":8,"minecraft:birch_boat":1,"useless_sword:pillager_dagger":555,"minecraft:waxed_copper_block":1,"minecraft:painting":73,"irons_spellbooks:alchemist_cauldron":2,"tombstone:bag_of_seeds":3,"minecraft:wooden_hoe":38,"minecraft:black_wool":1,"minecraft:apple":15,"cozy_home:white_lamp":2,"minecraft:cracked_polished_blackstone_bricks":8,"bloomingnature:chestnut_planks":4,"minecraft:stone_axe":644,"born_in_chaos_v1:tombstone_dark_titan_066":2,"minecraft:bucket":16,"alexsmobs:animal_dictionary":3,"ars_nouveau:scribes_table":5,"minecraft:birch_stairs":5},"minecraft:dropped":{"bloomingnature:fan_palm_sprout":1,"iceandfire:raw_silver":1,"minecraft:porkchop":5,"minecraft:lapis_lazuli":1,"minecraft:glow_ink_sac":2,"minecraft:crossbow":1,"minecraft:warped_roots":5,"iceandfire:ectoplasm":1,"born_in_chaos_v1:pieceofdarkmetal":6,"mynethersdelight:powder_cannon":1,"minecraft:red_mushroom":3,"minecraft:dirt":14,"bloomingnature:chestnut_sapling":5,"minecraft:chain":5,"minecraft:gold_nugget":12,"minecraft:sand":1,"minecraft:dark_oak_planks":8,"minecraft:mangrove_slab":1,"minecraft:white_wool":1,"minecraft:birch_stairs":1,"minecraft:bone":25,"minecraft:stone_axe":1,"minecraft:sugar_cane":2,"minecraft:iron_nugget":14,"minecraft:golden_chestplate":2,"minecraft:cobbled_deepslate":9,"alexsmobs:animal_dictionary":1,"minecraft:birch_sapling":23,"minecraft:wheat":8,"minecraft:deepslate_brick_slab":1,"minecraft:rotten_flesh":52,"minecraft:oak_planks":5,"minecraft:glowstone_dust":2,"bloomingnature:genisteae":2,"useless_sword:enderman_scale":2,"minecraft:tipped_arrow":3,"minecraft:quartz_block":1,"minecraft:jungle_log":1,"minecraft:ladder":1,"minecraft:beef":4,"minecraft:warped_wart_block":1,"minecraft:stone_brick_stairs":1,"farmersdelight:tomato_seeds":3,"minecraft:golden_boots":1,"minecraft:iron_ingot":16,"minecraft:wheat_seeds":2244,"minecraft:iron_helmet":1,"minecraft:cobblestone":6,"minecraft:book":1,"chococraft:gysahl_green_seeds":14,"vinery:jungle_grape_seeds_red":2,"minecraft:coal":3,"minecraft:warped_slab":2,"minecraft:ink_sac":2,"minecraft:wooden_hoe":1,"minecraft:rose_bush":5,"minecraft:oak_stairs":2,"minecraft:string":35,"minecraft:spruce_sapling":10,"hmag:soul_powder":1,"minecraft:soul_soil":1,"born_in_chaos_v1:rotten_fish":5,"minecraft:clay_ball":3,"minecraft:iron_boots":1,"farmersdelight:straw":1,"minecraft:pumpkin_seeds":1,"minecraft:lily_of_the_valley":3,"cozy_home:white_lamp":2,"minecraft:potato":7,"minecraft:flower_pot":4,"minecraft:allium":1,"minecraft:bundle":4,"minecraft:diamond_pickaxe":1,"minecraft:brown_bed":2,"minecraft:spider_eye":12,"minecraft:stone_bricks":2,"minecraft:bow":2,"minecraft:blue_orchid":1,"minecraft:magma_block":4,"minecraft:birch_planks":4,"minecraft:oak_log":2,"mynethersdelight:bullet_pepper":2,"minecraft:leather":2,"artifacts:flippers":1,"farmersdelight:rice":2,"paraglider:spirit_orb":14,"minecraft:flint":4,"minecraft:cracked_polished_blackstone_bricks":11,"minecraft:dark_oak_log":1,"minecraft:cornflower":6,"minecraft:mutton":4,"minecraft:amethyst_shard":4,"minecraft:polished_blackstone_bricks":20,"minecraft:gold_ingot":1,"minecraft:crimson_fungus":1,"minecraft:blackstone":2,"born_in_chaos_v1:fire_dust":8,"minecraft:chainmail_chestplate":1,"born_in_chaos_v1:seedof_chaos":8,"minecraft:mangrove_log":1,"minecraft:gunpowder":3,"minecraft:skeleton_skull":1,"born_in_chaos_v1:corpse_maggot":9,"minecraft:basalt":5,"minecraft:arrow":11,"minecraft:scaffolding":8,"minecraft:quartz":3,"minecraft:written_book":1,"minecraft:netherrack":180,"minecraft:bread":1,"bloomingnature:foxglove_white":9,"minecraft:cherry_log":1,"minecraft:copper_ingot":1,"minecraft:stick":7,"irons_spellbooks:scroll":1,"born_in_chaos_v1:river_mint":2,"bloomingnature:swamp_oak_log":4,"tombstone:magic_scroll":1,"minecraft:torch":4,"hmag:copper_nugget":2,"minecraft:smooth_quartz":3,"bloomingnature:swamp_oak_sapling":17,"tombstone:grave_dust":10,"minecraft:iron_leggings":1,"minecraft:bucket":1,"minecraft:nether_brick_slab":5,"alexsmobs:maggot":1,"minecraft:kelp":2,"minecraft:sweet_berries":3,"minecraft:raw_copper":1,"minecraft:tuff":2,"farmersdelight:cabbage_seeds":1,"born_in_chaos_v1:spiritual_dust":1,"minecraft:filled_map":1,"minecraft:iron_chestplate":1,"minecraft:andesite":1,"born_in_chaos_v1:spiny_shell":1,"minecraft:fire_coral":1,"minecraft:golden_leggings":2,"minecraft:oak_sapling":8,"minecraft:stone_pickaxe":1,"minecraft:wooden_pickaxe":1,"minecraft:nether_quartz_ore":1,"minecraft:calcite":2,"minecraft:nautilus_shell":1,"chococraft:gysahl_green":4},"minecraft:crafted":{"minecraft:birch_boat":1,"minecraft:chain":3,"waystones:waystone":1,"minecraft:diamond_shovel":1,"securitycraft:keypad_item":3,"travelersbackpack:diamond":1,"minecraft:bookshelf":21,"minecraft:cooked_mutton":8,"securitycraft:keycard_lv1":2,"minecraft:quartz_block":198,"minecraft:glass":37,"minecraft:diamond_helmet":2,"minecraft:diamond_leggings":2,"minecraft:iron_door":3,"bloomingnature:swamp_oak_boat":1,"omni_card:blank_card":8,"omni_card:earth_card":8,"minecraft:diamond_axe":1,"securitycraft:reinforced_stone_button":16,"travelersbackpack:standard":1,"minecraft:spruce_door":3,"waystones:warp_stone":1,"handcrafted:spruce_fancy_bed":1,"minecraft:painting":1,"minecraft:wooden_hoe":1,"minecraft:stone_slab":6,"minecraft:iron_pickaxe":3,"minecraft:iron_block":3,"minecraft:gold_ingot":101,"ars_nouveau:arcane_pedestal":1,"minecraft:golden_carrot":246,"minecraft:stone_shovel":1,"minecraft:iron_nugget":36,"cozy_home:white_lamp":2,"minecraft:bone_meal":72,"minecraft:lantern":2,"minecraft:diamond":2,"ars_nouveau:novice_spell_book":1,"vinery:white_grapejuice":1,"securitycraft:universal_block_remover":1,"minecraft:ladder":3,"minecraft:spruce_slab":12,"minecraft:stone_pickaxe":1,"minecraft:diamond_boots":2,"minecraft:spruce_boat":1,"minecraft:redstone_block":1,"minecraft:dark_oak_planks":68,"minecraft:golden_helmet":1,"minecraft:enchanting_table":2,"ars_nouveau:sourcestone":16,"ironchest:iron_to_gold_chest_upgrade":1,"minecraft:birch_trapdoor":2,"minecraft:iron_shovel":1,"chococraft:chocobo_saddle":1,"minecraft:white_bed":1,"farmersdelight:diamond_knife":1,"vinery:red_grapejuice":1,"minecraft:grindstone":1,"minecraft:oak_planks":236,"ars_nouveau:archwood_planks":588,"securitycraft:reinforced_cobbled_deepslate_slab":6,"securitycraft:keycard_reader":1,"irons_spellbooks:iron_spell_book":1,"minecraft:stone":35,"minecraft:heavy_weighted_pressure_plate":3,"irons_spellbooks:alchemist_cauldron":1,"securitycraft:laser_block":1,"minecraft:hopper":1,"minecraft:iron_boots":1,"tombstone:grave_key":1,"minecraft:chest":21,"ars_nouveau:enchanting_apparatus":1,"mcwfurnitures:cabinet_door":3,"minecraft:stone_hoe":1,"minecraft:stone_bricks":4,"minecraft:cauldron":1,"ars_nouveau:arcane_core":1,"minecraft:crafting_table":14,"minecraft:spruce_planks":320,"minecraft:wooden_pickaxe":1,"minecraft:iron_helmet":2,"bloomingnature:swamp_oak_planks":12,"bloomingnature:fan_palm_planks":8,"travelersbackpack:blue_sleeping_bag":1,"minecraft:birch_planks":316,"born_in_chaos_v1:staffofthe_summoner":1,"minecraft:dark_oak_slab":6,"minecraft:iron_chestplate":1,"minecraft:paper":27,"minecraft:diamond_pickaxe":2,"minecraft:stick":140,"minecraft:iron_ingot":139,"ars_nouveau:scribes_table":1,"minecraft:shears":1,"securitycraft:universal_block_reinforcer_lvl1":1,"bloomingnature:chestnut_planks":4,"minecraft:furnace":8,"minecraft:stone_button":9,"ars_nouveau:archwood_slab":6,"minecraft:glass_pane":16,"minecraft:flint_and_steel":2,"securitycraft:keycard_lock":2,"born_in_chaos_v1:bone_handle":1,"minecraft:iron_axe":3,"handcrafted:white_sheet":8,"minecraft:cooked_beef":7,"paraglider:paraglider":1,"minecraft:diamond_sword":1,"minecraft:iron_trapdoor":1,"handcrafted:white_cushion":16,"travelersbackpack:backpack_tank":2,"minecraft:iron_sword":1,"mcwfurnitures:spruce_wardrobe":12,"minecraft:bucket":2,"minecraft:stone_axe":6,"minecraft:bread":245,"minecraft:air":0,"securitycraft:reinforced_stone":16,"minecraft:blue_dye":2,"minecraft:oak_boat":4,"minecraft:gold_nugget":963,"minecraft:blue_wool":2,"minecraft:anvil":1,"minecraft:torch":112,"ironchest:iron_chest":3,"minecraft:diamond_chestplate":2},"minecraft:broken":{"useless_sword:pillager_dagger":1,"minecraft:diamond_helmet":1,"minecraft:diamond_leggings":1,"minecraft:iron_axe":2,"minecraft:iron_pickaxe":2,"minecraft:iron_helmet":1,"minecraft:golden_helmet":2,"minecraft:diamond_boots":1,"minecraft:stone_axe":4,"minecraft:diamond_chestplate":1},"minecraft:killed":{"minecraft:cave_spider":10,"hmag:imp":3,"born_in_chaos_v1:restless_spirit":1,"born_in_chaos_v1:zombie_lumberjack":2,"realmrpg_demons:imp":3,"netherdungeons:truncus":1,"realmrpg_demons:imp_guard":4,"born_in_chaos_v1:baby_skeleton_minion":13,"minecraft:skeleton":18,"alexsmobs:straddler":1,"alexsmobs:centipede_head":1,"born_in_chaos_v1:supreme_bonescaller_stage_2":3,"hmag:catoblepas":1,"born_in_chaos_v1:bone_imp":5,"minecraft:pillager":1,"minecraft:zombie":29,"netheroverhaul:bruger":2,"born_in_chaos_v1:corpse_fly":3,"born_in_chaos_v1:door_knight":2,"minecraft:cow":6,"chococraft:chocobo":1,"mca:male_zombie_villager":1,"hmag:skeleton_girl":3,"born_in_chaos_v1:firelight":6,"hmag:zombie_girl":3,"iceandfire:siren":1,"born_in_chaos_v1:barrel_zombie":4,"minecraft:husk":2,"graveyard:ghoul":1,"ars_nouveau:drygmy":1,"born_in_chaos_v1:bone_imp_minion":16,"irons_spellbooks:citadel_keeper":4,"born_in_chaos_v1:decrepit_skeleton":2,"hmag:kobold":1,"born_in_chaos_v1:bloody_gadfly":3,"iceandfire:ghost":9,"born_in_chaos_v1:dark_vortex":1,"mca:female_villager":2,"netheroverhaul:basalt_snail":1,"minecraft:enderman":2,"alexsmobs:hummingbird":1,"minecraft:spider":20,"born_in_chaos_v1:scarlet_persecutor":2,"realmrpg_demons:chort":7,"realmrpg_demons:demon":5,"irons_spellbooks:summoned_skeleton":3,"minecraft:piglin_brute":5,"born_in_chaos_v1:firelight_not_despawn":2,"artifacts:mimic":2,"minecraft:piglin":9,"born_in_chaos_v1:bonescaller":1,"born_in_chaos_v1:diamond_termite":20,"hmag:kasha":1,"hmag:wither_ghost":4,"irons_spellbooks:necromancer":1,"minecraft:creeper":1,"minecraft:sheep":12,"born_in_chaos_v1:dread_hound":1,"alexsmobs:terrapin":1,"minecraft:stray":10,"alexsmobs:fly":1,"alexsmobs:dropbear":2,"minecraft:vex":3,"irons_spellbooks:summoned_zombie":3,"hmag:drowned_girl":2,"born_in_chaos_v1:zombie_bruiser":1,"born_in_chaos_v1:maggot":13,"vinery:mule":2,"born_in_chaos_v1:corpse_fish":1,"minecraft:drowned":3,"hmag:ghost":8,"born_in_chaos_v1:bonescaller_not_despawn":3,"born_in_chaos_v1:nightmare_stalker":1},"minecraft:mined":{"minecraft:dark_oak_planks":7,"minecraft:white_bed":7,"irons_spellbooks:armor_pile":4,"minecraft:cherry_log":1,"minecraft:potted_crimson_fungus":1,"minecraft:warped_stairs":1,"minecraft:obsidian":36,"minecraft:granite":28,"born_in_chaos_v1:dark_metal_deposit":8,"minecraft:deepslate_bricks":2,"minecraft:spawner":18,"minecraft:polished_blackstone_bricks":45,"minecraft:weeping_vines_plant":2,"minecraft:tall_seagrass":5,"minecraft:magma_block":7,"minecraft:cobbled_deepslate":28,"minecraft:fire":114,"ironchest:gold_chest":1,"iceandfire:gold_pile":3,"minecraft:dirt_path":1,"minecraft:oak_stairs":1,"minecraft:iron_block":3,"minecraft:tripwire":2,"ars_nouveau:light_block":4,"minecraft:crimson_nylium":2,"bloomingnature:lupine_purple":1,"minecraft:powder_snow":10,"born_in_chaos_v1:infected_deepslate_diamond_ore":9,"minecraft:torch":13,"minecraft:nether_brick_slab":5,"minecraft:sugar_cane":34,"travelersbackpack:diamond":2,"minecraft:skeleton_skull":1,"minecraft:chain":1,"paraglider:horned_statue":2,"minecraft:wheat":653,"minecraft:waxed_copper_block":1,"minecraft:black_bed":2,"minecraft:stone_brick_stairs":2,"minecraft:grass":343,"handcrafted:spruce_fancy_bed":5,"minecraft:smooth_quartz":3,"minecraft:deepslate":856,"iceandfire:silver_ore":3,"minecraft:dark_oak_log":12,"minecraft:potted_torchflower":1,"minecraft:andesite":9,"minecraft:vine":2,"ironchest:iron_chest":2,"minecraft:bone_block":5,"minecraft:potted_allium":1,"minecraft:smithing_table":2,"minecraft:birch_stairs":5,"minecraft:soul_sand":9,"minecraft:cornflower":5,"minecraft:emerald_ore":1,"minecraft:warped_roots":3,"ars_nouveau:purple_archwood_sapling":6,"minecraft:tall_grass":199,"minecraft:deepslate_gold_ore":52,"minecraft:diorite":35,"minecraft:warped_wart_block":3,"graveyard:vase_block":1,"ars_nouveau:arcane_pedestal":2,"minecraft:spruce_log":4,"minecraft:birch_leaves":10,"minecraft:purple_concrete":6,"mcwfurnitures:spruce_wardrobe":18,"minecraft:gravel":12,"minecraft:fern":12,"minecraft:spruce_planks":60,"minecraft:potted_blue_orchid":1,"minecraft:grass_block":229,"minecraft:cracked_polished_blackstone_bricks":28,"bloomingnature:genisteae":1,"cozy_home:white_lamp":2,"minecraft:soul_soil":2,"minecraft:gilded_blackstone":1,"minecraft:glowstone":12,"minecraft:iron_ore":116,"minecraft:brown_bed":1,"netherdungeons:shroomglight":4,"chococraft:gysahl_green":19,"ars_nouveau:enchanting_apparatus":2,"minecraft:spruce_slab":5,"mynethersdelight:powdery_cane":3,"minecraft:deepslate_redstone_ore":6,"netherdungeons:teary_fungus":1,"minecraft:blackstone":11,"irons_spellbooks:alchemist_cauldron":1,"minecraft:calcite":2,"minecraft:chest":1,"minecraft:nether_quartz_ore":988,"minecraft:cobblestone":68,"graveyard:lying_skeleton":1,"ars_nouveau:scribes_table":4,"minecraft:oak_planks":76,"minecraft:iron_door":2,"minecraft:wall_torch":31,"graveyard:gravestone":1,"vinery:white_grape_bush":1,"minecraft:seagrass":2,"minecraft:warped_nylium":13,"minecraft:blue_terracotta":1,"minecraft:dark_oak_slab":1,"born_in_chaos_v1:tombstone_dark_titan_066":2,"ars_nouveau:archwood_planks":63,"minecraft:birch_log":6,"minecraft:birch_trapdoor":1,"minecraft:oak_log":9,"minecraft:sand":59,"minecraft:dirt":141,"minecraft:netherrack":3662,"minecraft:oak_leaves":3,"minecraft:nether_gold_ore":201,"minecraft:crying_obsidian":1,"minecraft:tuff":47,"minecraft:dark_oak_leaves":3,"minecraft:deepslate_diamond_ore":86,"enchantinginfuser:enchanting_infuser":3,"born_in_chaos_v1:infected_diamond_ore":3,"minecraft:ladder":1,"born_in_chaos_v1:infernal_evil_pumpkin":2,"iceandfire:chared_dirt":1,"minecraft:spruce_leaves":8,"minecraft:large_fern":10,"minecraft:deepslate_brick_slab":2,"minecraft:carrots":188,"treechop:chopped_log":51,"minecraft:gold_block":11,"minecraft:bookshelf":20,"minecraft:deepslate_iron_ore":10,"minecraft:stone":471,"ars_nouveau:purple_archwood_log":45,"mynethersdelight:powdery_cannon":4,"minecraft:basalt":28,"minecraft:spruce_door":2,"travelersbackpack:standard":2,"minecraft:crafting_table":16,"born_in_chaos_v1:black_argillite_brick_n":1,"bloomingnature:foxglove_white":6,"minecraft:lapis_ore":6,"minecraft:polished_blackstone_brick_stairs":1,"bloomingnature:white_orchid":4,"minecraft:birch_planks":92,"bloomingnature:swamp_oak_log":1,"minecraft:sweet_berry_bush":2,"minecraft:mangrove_slab":1,"minecraft:coal_ore":145,"graveyard:leaning_skeleton":1,"minecraft:warped_slab":1,"paraglider:goddess_statue":4},"minecraft:picked_up":{"minecraft:flower_pot":5,"minecraft:diamond_sword":2,"minecraft:smithing_table":2,"minecraft:lead":1,"minecraft:oak_stairs":2,"minecraft:brown_bed":2,"bloomingnature:fan_palm_log":2,"minecraft:polished_blackstone_brick_stairs":1,"paraglider:goddess_statue":4,"minecraft:string":51,"minecraft:soul_soil":1,"minecraft:gold_nugget":2286,"minecraft:cobbled_deepslate":853,"minecraft:spruce_planks":59,"minecraft:warped_slab":4,"minecraft:mangrove_log":1,"born_in_chaos_v1:shattered_skull":2,"minecraft:cherry_log":2,"ironchest:gold_chest":1,"minecraft:golden_chestplate":1,"alexsmobs:centipede_leg":4,"bloomingnature:chestnut_log":1,"securitycraft:reinforced_cobbled_deepslate":20,"minecraft:iron_block":3,"minecraft:birch_log":224,"born_in_chaos_v1:staffof_magic_arrows":2,"minecraft:magma_block":11,"securitycraft:reinforced_hopper":1,"farmersdelight:rice":1,"minecraft:iron_door":4,"born_in_chaos_v1:spiritual_dust":23,"minecraft:jungle_log":1,"minecraft:flint":3,"ars_nouveau:scribes_table":4,"minecraft:mangrove_slab":1,"artifacts:flippers":1,"minecraft:twisting_vines":2,"securitycraft:reinforced_stone_button":8,"iceandfire:armor_gray_boots":1,"bloomingnature:white_orchid":3,"netheroverhaul:cloth_of_veneficus":2,"iceandfire:armor_gray_chestplate":1,"minecraft:diamond_helmet":1,"minecraft:glowstone_dust":47,"netheroverhaul:bruger_fur":1,"minecraft:warped_wart_block":3,"iceandfire:shiny_scales":8,"minecraft:ink_sac":2,"minecraft:dark_oak_log":15,"alexsmobs:animal_dictionary":1,"minecraft:bundle":4,"minecraft:blue_terracotta":1,"enchantinginfuser:enchanting_infuser":3,"minecraft:granite":28,"minecraft:bread":4,"alexsmobs:maggot":1,"born_in_chaos_v1:rotten_fish":5,"iceandfire:raw_silver":3,"minecraft:diamond_pickaxe":4,"minecraft:crafting_table":17,"minecraft:clay_ball":3,"born_in_chaos_v1:seedof_chaos":8,"irons_spellbooks:tarnished_helmet":1,"iceandfire:armor_gray_helmet":1,"minecraft:fire_coral":1,"minecraft:cornflower":10,"minecraft:netherite_scrap":2,"minecraft:beef":13,"minecraft:iron_nugget":106,"minecraft:spruce_slab":5,"minecraft:chest":1,"minecraft:birch_sapling":74,"ars_nouveau:purple_archwood_log":290,"securitycraft:reinforced_cobblestone":16,"ironchest:iron_chest":2,"born_in_chaos_v1:pieceofdarkmetal":6,"minecraft:carrot":769,"minecraft:redstone":27,"minecraft:prismarine_crystals":1,"irons_spellbooks:alchemist_cauldron":1,"ars_nouveau:enchanting_apparatus":2,"mynethersdelight:bullet_pepper":2,"netheroverhaul:snail_slime":2,"born_in_chaos_v1:spiny_shell":1,"minecraft:gold_ingot":4,"mcwfurnitures:spruce_wardrobe":18,"minecraft:mutton":20,"minecraft:white_wool":11,"minecraft:bone_block":5,"born_in_chaos_v1:monster_flesh":7,"minecraft:red_mushroom":3,"minecraft:torchflower":1,"minecraft:oak_log":239,"tombstone:gift":1,"mynethersdelight:powder_cannon":9,"chococraft:chocobo_feather":1,"chococraft:gysahl_green":55,"minecraft:apple":17,"minecraft:stone_bricks":1,"minecraft:kelp":2,"tombstone:bag_of_seeds":2,"handcrafted:spruce_fancy_bed":5,"minecraft:dark_oak_slab":2,"minecraft:sweet_berries":3,"bloomingnature:lupine_purple":1,"iceandfire:dragonbone_sword":1,"born_in_chaos_v1:orbofthe_summoner":4,"born_in_chaos_v1:ethereal_spirit":9,"minecraft:gravel":9,"minecraft:birch_stairs":7,"minecraft:spruce_sapling":24,"minecraft:spruce_log":104,"minecraft:crying_obsidian":1,"travelersbackpack:standard":2,"minecraft:painting":73,"minecraft:warped_roots":9,"minecraft:ender_pearl":2,"chococraft:loverly_gysahl_green":1,"minecraft:wheat":728,"securitycraft:keypad_item":1,"minecraft:nether_brick":1,"minecraft:stone_brick_stairs":1,"born_in_chaos_v1:bloody_gadfly_eye":2,"minecraft:warped_stairs":1,"iceandfire:armor_gray_leggings":1,"minecraft:raw_copper":1,"travelersbackpack:diamond":2,"born_in_chaos_v1:dark_upgrade":2,"minecraft:experience_bottle":1,"alexsmobs:dropbear_claw":6,"irons_spellbooks:arcane_essence":1,"minecraft:rose_bush":4,"minecraft:calcite":2,"minecraft:smooth_quartz":3,"minecraft:tipped_arrow":3,"minecraft:stick":271,"minecraft:birch_trapdoor":1,"minecraft:torch":52,"minecraft:diorite":35,"tombstone:grave_dust":31,"netherdungeons:teary_fungus":1,"born_in_chaos_v1:nightmare_claw":1,"minecraft:rotten_flesh":71,"netherdungeons:shroomglight":4,"chococraft:chocobo_drumstick_raw":1,"minecraft:obsidian":34,"vinery:apple_log":13,"minecraft:cobblestone":559,"minecraft:nautilus_shell":1,"hmag:copper_nugget":2,"minecraft:andesite":9,"minecraft:black_bed":2,"minecraft:golden_leggings":1,"minecraft:potato":1,"useless_sword:enderman_scale":3,"paraglider:spirit_orb":44,"minecraft:tuff":46,"minecraft:lapis_lazuli":40,"minecraft:dirt":434,"born_in_chaos_v1:staffofthe_summoner":1,"minecraft:name_tag":2,"hmag:evil_crystal_fragment":6,"minecraft:bone":72,"minecraft:bow":3,"minecraft:wheat_seeds":2214,"minecraft:deepslate_brick_slab":1,"minecraft:raw_gold":52,"minecraft:oak_planks":76,"securitycraft:keycard_lock":3,"irons_spellbooks:frozen_bone":13,"hmag:soul_powder":12,"ars_nouveau:glyph_ignite":2,"minecraft:sand":59,"minecraft:grass_block":1,"minecraft:lily_of_the_valley":3,"born_in_chaos_v1:fire_dust":13,"minecraft:diamond":89,"minecraft:spruce_boat":3,"bloomingnature:swamp_oak_log":7,"waystones:waystone":2,"minecraft:cracked_polished_blackstone_bricks":19,"minecraft:bone_meal":1,"minecraft:emerald":4,"minecraft:oak_sapling":184,"ars_nouveau:arcane_pedestal":2,"minecraft:netherrack":2533,"born_in_chaos_v1:diamond_termite_shard":22,"minecraft:allium":1,"born_in_chaos_v1:river_mint":1,"minecraft:ladder":1,"minecraft:brown_mushroom":1,"minecraft:gold_block":13,"minecraft:chain":5,"ars_nouveau:archwood_planks":63,"minecraft:item_frame":1,"minecraft:blackstone":8,"minecraft:blue_orchid":1,"vinery:apple_tree_sapling":3,"graveyard:gravestone":1,"minecraft:oak_boat":4,"farmersdelight:straw":1,"minecraft:sugar_cane":67,"bloomingnature:fan_palm_sprout":2,"minecraft:raw_iron":130,"iceandfire:dragonbone":16,"minecraft:copper_ingot":1,"ars_nouveau:purple_archwood_sapling":47,"minecraft:polished_blackstone_bricks":41,"minecraft:stone_button":1,"minecraft:dark_oak_planks":7,"artifacts:snorkel":1,"minecraft:arrow":31,"minecraft:weeping_vines":1,"artifacts:cowboy_hat":1,"iceandfire:chared_dirt":1,"paraglider:horned_statue":2,"minecraft:skeleton_skull":1,"born_in_chaos_v1:corpse_maggot":17,"born_in_chaos_v1:infernal_evil_pumpkin":2,"minecraft:basalt":27,"minecraft:golden_carrot":101,"minecraft:glow_ink_sac":3,"minecraft:leather":13,"minecraft:birch_planks":95,"minecraft:crimson_fungus":1,"bloomingnature:genisteae":4,"securitycraft:keypad_chest":2,"minecraft:waxed_copper_block":1,"iceandfire:ectoplasm":2,"minecraft:gunpowder":3,"bloomingnature:foxglove_white":13,"bloomingnature:swamp_oak_sapling":17,"born_in_chaos_v1:intoxicating_dagger":1,"minecraft:iron_ingot":12,"cozy_home:white_lamp":2,"bloomingnature:chestnut_sapling":5,"irons_spellbooks:cinder_essence":11,"minecraft:soul_sand":8,"minecraft:purple_concrete":6,"minecraft:book":125,"minecraft:scaffolding":13,"minecraft:nether_quartz_ore":2,"minecraft:quartz":2108,"ars_nouveau:novice_spell_book":1,"ars_nouveau:bastion_pod":6,"born_in_chaos_v1:dark_rod":2,"minecraft:amethyst_shard":4,"chococraft:gysahl_green_seeds":19,"minecraft:white_bed":7,"minecraft:nether_brick_slab":5,"minecraft:spruce_door":2,"minecraft:spider_eye":15,"useless_sword:vex_ectoplasm":2,"born_in_chaos_v1:tombstone_dark_titan_066":2,"tombstone:magic_scroll":2,"minecraft:black_wool":1,"minecraft:coal":175},"minecraft:custom":{"minecraft:interact_with_crafting_table":187,"minecraft:open_barrel":67,"minecraft:leave_game":24,"minecraft:time_since_death":218608,"minecraft:play_time":962112,"minecraft:deaths":10,"minecraft:jump":14430,"minecraft:enchant_item":24,"minecraft:interact_with_furnace":125,"minecraft:traded_with_villager":2,"minecraft:sleep_in_bed":18,"minecraft:waystone_activated":5,"minecraft:damage_dealt":71258,"tombstone:undead_killed":152,"minecraft:interact_with_smoker":1,"minecraft:interact_with_smithing_table":7,"minecraft:interact_with_anvil":14,"minecraft:sneak_time":90341,"minecraft:interact_with_blast_furnace":3,"minecraft:total_world_time":962112,"tombstone:raider_killed":1,"minecraft:tune_noteblock":1,"minecraft:time_since_rest":103969,"minecraft:swim_one_cm":257692,"minecraft:fly_one_cm":2433424,"minecraft:open_chest":847,"minecraft:fall_one_cm":396243,"minecraft:sprint_one_cm":1902650,"minecraft:drop":579,"minecraft:talked_to_villager":2,"minecraft:walk_on_water_one_cm":107443,"minecraft:crouch_one_cm":289559,"tombstone:villager_killed":2,"minecraft:mob_kills":334,"minecraft:damage_dealt_resisted":5121,"minecraft:climb_one_cm":40504,"minecraft:walk_one_cm":2231753,"minecraft:walk_under_water_one_cm":126972,"minecraft:boat_one_cm":860151,"minecraft:interact_with_grindstone":10,"minecraft:damage_taken":21513,"minecraft:trigger_trapped_chest":5}},"DataVersion":3465}