{"stats":{"minecraft:used":{"minecraft:stone_axe":3,"minecraft:dirt":4,"minecraft:crafting_table":2,"alexsmobs:animal_dictionary":3,"minecraft:wooden_pickaxe":11},"minecraft:crafted":{"minecraft:stone_axe":1,"minecraft:crafting_table":2,"minecraft:spruce_planks":32,"minecraft:stick":8,"minecraft:stone_pickaxe":1,"minecraft:wooden_pickaxe":1},"minecraft:custom":{"minecraft:time_since_rest":13199,"minecraft:crouch_one_cm":602,"minecraft:sprint_one_cm":10718,"minecraft:play_time":13199,"minecraft:damage_taken":53,"minecraft:walk_one_cm":15549,"minecraft:sneak_time":292,"minecraft:mob_kills":2,"minecraft:drop":4,"minecraft:jump":77,"minecraft:damage_dealt":200,"minecraft:leave_game":1,"minecraft:time_since_death":13199,"minecraft:total_world_time":13199,"minecraft:interact_with_crafting_table":2,"minecraft:fall_one_cm":2591,"minecraft:fly_one_cm":12945},"minecraft:killed":{"minecraft:cow":2},"minecraft:dropped":{"minecraft:wheat_seeds":1,"minecraft:wooden_pickaxe":1,"alexsmobs:animal_dictionary":1,"minecraft:spruce_sapling":3},"minecraft:picked_up":{"minecraft:leather":2,"minecraft:wheat_seeds":1,"minecraft:beef":2,"minecraft:spruce_sapling":3,"minecraft:spruce_log":8,"minecraft:dirt":4,"alexsmobs:animal_dictionary":1,"minecraft:cobblestone":6},"minecraft:mined":{"minecraft:grass":1,"minecraft:grass_block":1,"minecraft:dirt":3,"minecraft:stone":6,"treechop:chopped_log":1,"minecraft:fern":1}},"DataVersion":3465}