{"stats":{"minecraft:picked_up":{"minecraft:birch_log":74,"minecraft:stick":21,"minecraft:crafting_table":3,"minecraft:wheat":35,"minecraft:leather":4,"minecraft:torch":1,"minecraft:spruce_sapling":3,"minecraft:cornflower":1,"minecraft:spruce_log":8,"minecraft:dirt":9,"minecraft:spider_eye":1,"minecraft:string":3,"alexsmobs:animal_dictionary":1,"bloomingnature:swamp_oak_sapling":5,"minecraft:spruce_boat":2,"minecraft:wheat_seeds":112,"minecraft:granite":2,"minecraft:beef":7,"minecraft:birch_sapling":22,"minecraft:black_wool":1,"minecraft:mutton":8,"minecraft:white_wool":4,"minecraft:cobblestone":19},"minecraft:dropped":{"minecraft:stone_axe":1,"minecraft:wheat_seeds":112,"alexsmobs:animal_dictionary":1,"minecraft:torch":4,"minecraft:cornflower":1,"bloomingnature:swamp_oak_sapling":5,"minecraft:wooden_pickaxe":1,"minecraft:string":3,"minecraft:spruce_sapling":3},"minecraft:used":{"minecraft:spruce_boat":3,"minecraft:black_wool":1,"minecraft:stone_pickaxe":15,"minecraft:bread":15,"minecraft:wooden_pickaxe":11,"minecraft:stone_axe":123,"minecraft:torch":1,"minecraft:dirt":9,"minecraft:crafting_table":5,"alexsmobs:animal_dictionary":3,"minecraft:granite":2},"minecraft:crafted":{"minecraft:crafting_table":3,"minecraft:spruce_planks":32,"minecraft:stick":8,"minecraft:wooden_pickaxe":1,"minecraft:stone_pickaxe":1,"minecraft:spruce_boat":1,"minecraft:torch":8,"minecraft:stone_axe":1,"minecraft:bread":16},"minecraft:mined":{"minecraft:large_fern":1,"minecraft:tall_seagrass":1,"minecraft:birch_log":3,"minecraft:wheat":37,"minecraft:birch_leaves":3,"treechop:chopped_log":6,"minecraft:crafting_table":3,"minecraft:granite":2,"minecraft:grass":21,"minecraft:grass_block":3,"minecraft:dirt":7,"minecraft:tall_grass":16,"minecraft:spruce_leaves":3,"minecraft:stone":19,"minecraft:fern":3},"minecraft:custom":{"minecraft:time_since_rest":15450,"minecraft:sprint_one_cm":61427,"minecraft:damage_taken":693,"minecraft:walk_one_cm":60861,"minecraft:mob_kills":15,"minecraft:drop":25,"minecraft:damage_dealt":1406,"minecraft:interact_with_crafting_table":5,"minecraft:swim_one_cm":4206,"minecraft:fly_one_cm":89965,"minecraft:open_barrel":4,"minecraft:open_chest":3,"minecraft:crouch_one_cm":1924,"minecraft:play_time":33403,"tombstone:undead_killed":1,"minecraft:sneak_time":850,"minecraft:walk_under_water_one_cm":2853,"minecraft:boat_one_cm":243040,"minecraft:jump":441,"minecraft:leave_game":3,"minecraft:time_since_death":33403,"minecraft:walk_on_water_one_cm":3005,"minecraft:sleep_in_bed":2,"minecraft:total_world_time":33403,"minecraft:fall_one_cm":12493},"minecraft:killed":{"minecraft:sheep":5,"minecraft:zombie":1,"minecraft:spider":1,"minecraft:cow":5}},"DataVersion":3465}