{"stats":{"minecraft:used":{"minecraft:stone_shovel":85,"minecraft:chest":2,"minecraft:spruce_planks":9,"minecraft:stone_hoe":82,"minecraft:torch":24,"minecraft:dirt":173,"minecraft:carrot":205,"minecraft:granite":2,"minecraft:dark_oak_planks":4,"minecraft:spruce_boat":3,"born_in_chaos_v1:corpse_maggot":3,"minecraft:birch_trapdoor":2,"minecraft:written_book":1,"minecraft:furnace":1,"tombstone:gift":2,"minecraft:cooked_beef":7,"minecraft:cooked_mutton":8,"minecraft:birch_planks":83,"minecraft:stone_pickaxe":79,"minecraft:oak_planks":16,"minecraft:wooden_pickaxe":11,"useless_sword:pillager_dagger":49,"minecraft:crafting_table":13,"minecraft:white_bed":1,"minecraft:black_bed":1,"minecraft:wooden_hoe":38,"minecraft:black_wool":1,"minecraft:apple":15,"minecraft:bread":50,"minecraft:stone_axe":637,"minecraft:cobblestone":1,"alexsmobs:animal_dictionary":3,"minecraft:birch_stairs":3},"minecraft:picked_up":{"minecraft:crafting_table":8,"minecraft:wheat":721,"minecraft:flower_pot":1,"born_in_chaos_v1:seedof_chaos":2,"minecraft:brown_bed":2,"minecraft:stone_brick_stairs":1,"born_in_chaos_v1:bloody_gadfly_eye":1,"minecraft:fire_coral":1,"minecraft:cornflower":8,"minecraft:string":3,"minecraft:blue_orchid":1,"vinery:apple_tree_sapling":3,"graveyard:gravestone":1,"minecraft:beef":9,"minecraft:chest":1,"minecraft:birch_sapling":73,"minecraft:stick":225,"ars_nouveau:purple_archwood_log":53,"minecraft:copper_ingot":1,"minecraft:torch":7,"ars_nouveau:purple_archwood_sapling":7,"tombstone:grave_dust":4,"minecraft:carrot":178,"minecraft:arrow":1,"minecraft:rotten_flesh":13,"chococraft:chocobo_drumstick_raw":1,"minecraft:mutton":12,"vinery:apple_log":13,"minecraft:white_wool":7,"minecraft:cobblestone":37,"minecraft:birch_log":220,"born_in_chaos_v1:corpse_maggot":7,"minecraft:golden_carrot":1,"born_in_chaos_v1:spiritual_dust":1,"minecraft:black_bed":2,"minecraft:leather":5,"minecraft:potato":1,"minecraft:birch_planks":53,"bloomingnature:genisteae":1,"minecraft:oak_log":227,"minecraft:dirt":182,"artifacts:flippers":1,"tombstone:gift":1,"chococraft:chocobo_feather":1,"bloomingnature:foxglove_white":4,"minecraft:bone":15,"bloomingnature:swamp_oak_sapling":17,"chococraft:gysahl_green":11,"minecraft:apple":17,"minecraft:bow":2,"minecraft:wheat_seeds":2149,"minecraft:glowstone_dust":1,"minecraft:oak_planks":2,"minecraft:book":61,"hmag:soul_powder":6,"born_in_chaos_v1:ethereal_spirit":1,"minecraft:birch_stairs":4,"ars_nouveau:bastion_pod":6,"chococraft:gysahl_green_seeds":5,"minecraft:spruce_sapling":4,"minecraft:spruce_log":8,"minecraft:lily_of_the_valley":3,"minecraft:spider_eye":1,"alexsmobs:animal_dictionary":1,"minecraft:spruce_boat":2,"bloomingnature:swamp_oak_log":4,"minecraft:granite":2,"minecraft:oak_sapling":184,"minecraft:black_wool":1,"minecraft:coal":41,"iceandfire:raw_silver":1},"minecraft:crafted":{"minecraft:oak_planks":124,"minecraft:stone_shovel":1,"minecraft:furnace":1,"minecraft:cooked_mutton":8,"minecraft:stone_pickaxe":1,"minecraft:chest":2,"minecraft:spruce_boat":1,"minecraft:dark_oak_planks":12,"minecraft:stone_hoe":1,"minecraft:cooked_beef":7,"minecraft:crafting_table":5,"minecraft:spruce_planks":32,"minecraft:wooden_pickaxe":1,"travelersbackpack:blue_sleeping_bag":1,"minecraft:birch_planks":300,"minecraft:stone_axe":6,"minecraft:bread":245,"minecraft:air":0,"minecraft:blue_dye":2,"minecraft:wooden_hoe":1,"minecraft:stick":32,"minecraft:birch_trapdoor":2,"minecraft:blue_wool":2,"minecraft:white_bed":1,"minecraft:torch":40},"minecraft:dropped":{"iceandfire:raw_silver":1,"minecraft:birch_planks":2,"minecraft:wheat_seeds":2211,"bloomingnature:foxglove_white":4,"minecraft:crossbow":1,"minecraft:cobblestone":1,"minecraft:book":1,"minecraft:leather":1,"minecraft:copper_ingot":1,"artifacts:flippers":1,"minecraft:dirt":8,"born_in_chaos_v1:river_mint":1,"bloomingnature:swamp_oak_log":4,"minecraft:torch":4,"minecraft:wooden_hoe":1,"minecraft:cornflower":5,"minecraft:mutton":1,"bloomingnature:swamp_oak_sapling":17,"tombstone:grave_dust":4,"minecraft:dark_oak_planks":8,"minecraft:string":3,"minecraft:white_wool":1,"minecraft:birch_stairs":1,"minecraft:spruce_sapling":3,"minecraft:gold_ingot":1,"minecraft:bone":2,"minecraft:stone_axe":1,"hmag:soul_powder":1,"alexsmobs:animal_dictionary":1,"minecraft:wheat":1,"minecraft:birch_sapling":22,"minecraft:rotten_flesh":14,"minecraft:oak_planks":2,"minecraft:glowstone_dust":1,"born_in_chaos_v1:spiritual_dust":1,"minecraft:lily_of_the_valley":3,"minecraft:potato":1,"minecraft:flower_pot":1,"born_in_chaos_v1:seedof_chaos":2,"minecraft:fire_coral":1,"born_in_chaos_v1:corpse_maggot":2,"minecraft:oak_sapling":8,"minecraft:brown_bed":2,"minecraft:spider_eye":1,"minecraft:blue_orchid":1,"minecraft:arrow":1,"minecraft:bow":1,"minecraft:wooden_pickaxe":1,"minecraft:stone_brick_stairs":1,"minecraft:written_book":1},"minecraft:custom":{"minecraft:mob_kills":57,"minecraft:interact_with_crafting_table":26,"minecraft:open_barrel":4,"minecraft:damage_dealt_resisted":81,"minecraft:leave_game":14,"minecraft:time_since_death":22093,"minecraft:climb_one_cm":6641,"minecraft:sprint_one_cm":437076,"minecraft:walk_one_cm":455650,"minecraft:drop":243,"minecraft:play_time":164141,"minecraft:sneak_time":8845,"minecraft:deaths":5,"minecraft:walk_under_water_one_cm":19867,"minecraft:boat_one_cm":243040,"minecraft:jump":3275,"minecraft:walk_on_water_one_cm":25659,"minecraft:total_world_time":164141,"minecraft:interact_with_furnace":12,"minecraft:sleep_in_bed":10,"minecraft:time_since_rest":8533,"minecraft:damage_taken":5674,"minecraft:trigger_trapped_chest":2,"minecraft:damage_dealt":9419,"minecraft:swim_one_cm":63477,"minecraft:fly_one_cm":686898,"minecraft:open_chest":58,"minecraft:crouch_one_cm":31514,"tombstone:undead_killed":28,"minecraft:fall_one_cm":89115},"minecraft:mined":{"iceandfire:silver_ore":1,"minecraft:potted_blue_orchid":1,"minecraft:granite":2,"minecraft:grass_block":76,"minecraft:spruce_leaves":3,"minecraft:large_fern":3,"minecraft:tall_seagrass":1,"minecraft:carrots":45,"treechop:chopped_log":26,"minecraft:brown_bed":1,"chococraft:gysahl_green":5,"minecraft:bookshelf":20,"minecraft:vine":1,"minecraft:stone":37,"minecraft:birch_stairs":3,"ars_nouveau:light_block":4,"minecraft:crafting_table":7,"minecraft:cornflower":3,"minecraft:torch":2,"minecraft:chest":1,"minecraft:tall_grass":56,"graveyard:lying_skeleton":1,"minecraft:oak_planks":2,"graveyard:gravestone":1,"minecraft:wall_torch":3,"vinery:white_grape_bush":1,"minecraft:birch_planks":54,"minecraft:birch_log":3,"minecraft:wheat":653,"minecraft:birch_leaves":5,"minecraft:black_bed":2,"minecraft:stone_brick_stairs":2,"minecraft:grass":53,"minecraft:coal_ore":37,"graveyard:leaning_skeleton":1,"minecraft:dirt":39,"minecraft:fern":9},"minecraft:broken":{"minecraft:stone_axe":4},"minecraft:killed":{"irons_spellbooks:summoned_zombie":3,"born_in_chaos_v1:restless_spirit":1,"minecraft:spider":1,"hmag:drowned_girl":2,"hmag:skeleton_girl":1,"born_in_chaos_v1:baby_skeleton_minion":2,"born_in_chaos_v1:maggot":2,"minecraft:skeleton":2,"realmrpg_demons:chort":3,"minecraft:drowned":2,"irons_spellbooks:summoned_skeleton":2,"hmag:catoblepas":1,"born_in_chaos_v1:barrel_zombie":1,"hmag:ghost":4,"born_in_chaos_v1:bonescaller":1,"born_in_chaos_v1:decrepit_skeleton":1,"minecraft:sheep":8,"born_in_chaos_v1:bloody_gadfly":2,"minecraft:zombie":4,"iceandfire:ghost":3,"alexsmobs:terrapin":1,"chococraft:chocobo":1,"minecraft:cow":6}},"DataVersion":3465}