{"stats":{"minecraft:used":{"minecraft:cooked_mutton":8,"minecraft:birch_planks":72,"minecraft:stone_pickaxe":65,"minecraft:oak_planks":2,"minecraft:chest":2,"minecraft:wooden_pickaxe":11,"minecraft:torch":3,"minecraft:dirt":47,"minecraft:crafting_table":10,"minecraft:white_bed":1,"minecraft:black_bed":1,"minecraft:granite":2,"minecraft:spruce_boat":3,"minecraft:black_wool":1,"minecraft:bread":16,"minecraft:birch_trapdoor":2,"minecraft:stone_axe":527,"minecraft:cobblestone":1,"minecraft:furnace":1,"tombstone:gift":2,"alexsmobs:animal_dictionary":3,"minecraft:cooked_beef":6},"minecraft:picked_up":{"minecraft:birch_log":220,"born_in_chaos_v1:corpse_maggot":2,"minecraft:crafting_table":8,"minecraft:wheat":38,"minecraft:flower_pot":1,"born_in_chaos_v1:spiritual_dust":1,"born_in_chaos_v1:seedof_chaos":2,"minecraft:leather":4,"minecraft:black_bed":1,"minecraft:birch_planks":47,"minecraft:oak_log":187,"minecraft:cornflower":5,"minecraft:string":3,"minecraft:dirt":92,"artifacts:flippers":1,"tombstone:gift":1,"minecraft:bone":3,"bloomingnature:swamp_oak_sapling":17,"minecraft:blue_orchid":1,"minecraft:apple":10,"minecraft:bow":1,"minecraft:wheat_seeds":143,"vinery:apple_tree_sapling":1,"minecraft:beef":7,"minecraft:glowstone_dust":1,"minecraft:chest":1,"minecraft:birch_sapling":73,"minecraft:oak_planks":2,"minecraft:book":60,"minecraft:stick":205,"ars_nouveau:purple_archwood_log":53,"hmag:soul_powder":3,"minecraft:copper_ingot":1,"minecraft:torch":2,"born_in_chaos_v1:ethereal_spirit":1,"ars_nouveau:purple_archwood_sapling":7,"ars_nouveau:bastion_pod":6,"minecraft:spruce_sapling":3,"minecraft:spruce_log":8,"minecraft:lily_of_the_valley":3,"minecraft:spider_eye":1,"alexsmobs:animal_dictionary":1,"minecraft:arrow":1,"minecraft:rotten_flesh":8,"minecraft:spruce_boat":2,"minecraft:granite":2,"minecraft:oak_sapling":176,"minecraft:black_wool":1,"minecraft:mutton":8,"minecraft:coal":35,"vinery:apple_log":8,"minecraft:white_wool":4,"minecraft:cobblestone":36},"minecraft:dropped":{"minecraft:stone_axe":1,"hmag:soul_powder":1,"minecraft:wheat_seeds":143,"alexsmobs:animal_dictionary":1,"minecraft:birch_sapling":22,"minecraft:cobblestone":1,"minecraft:rotten_flesh":8,"minecraft:glowstone_dust":1,"minecraft:copper_ingot":1,"artifacts:flippers":1,"minecraft:lily_of_the_valley":3,"minecraft:dirt":7,"minecraft:flower_pot":1,"born_in_chaos_v1:river_mint":1,"minecraft:torch":4,"minecraft:cornflower":5,"bloomingnature:swamp_oak_sapling":17,"minecraft:spider_eye":1,"minecraft:blue_orchid":1,"minecraft:wooden_pickaxe":1,"minecraft:string":3,"minecraft:white_wool":1,"minecraft:spruce_sapling":3},"minecraft:crafted":{"minecraft:cooked_beef":7,"minecraft:oak_planks":24,"minecraft:crafting_table":3,"minecraft:spruce_planks":32,"minecraft:wooden_pickaxe":1,"minecraft:furnace":1,"minecraft:birch_planks":300,"minecraft:stone_axe":5,"minecraft:bread":16,"minecraft:cooked_mutton":8,"minecraft:air":0,"minecraft:stick":16,"minecraft:stone_pickaxe":1,"minecraft:birch_trapdoor":2,"minecraft:chest":1,"minecraft:white_bed":1,"minecraft:spruce_boat":1,"minecraft:torch":8},"minecraft:custom":{"minecraft:interact_with_furnace":9,"minecraft:mob_kills":36,"minecraft:interact_with_crafting_table":18,"minecraft:open_barrel":4,"minecraft:damage_dealt_resisted":81,"minecraft:leave_game":11,"minecraft:time_since_death":34689,"minecraft:sleep_in_bed":6,"minecraft:climb_one_cm":3236,"minecraft:time_since_rest":10755,"minecraft:sprint_one_cm":189530,"minecraft:damage_taken":1989,"minecraft:walk_one_cm":198293,"minecraft:drop":96,"minecraft:damage_dealt":5273,"minecraft:swim_one_cm":19606,"minecraft:fly_one_cm":257752,"minecraft:open_chest":31,"minecraft:crouch_one_cm":13391,"minecraft:play_time":79306,"tombstone:undead_killed":17,"minecraft:deaths":1,"minecraft:sneak_time":4875,"minecraft:walk_under_water_one_cm":4651,"minecraft:boat_one_cm":243040,"minecraft:jump":1229,"minecraft:walk_on_water_one_cm":6695,"minecraft:total_world_time":79306,"minecraft:fall_one_cm":32677},"minecraft:mined":{"minecraft:potted_blue_orchid":1,"minecraft:crafting_table":7,"minecraft:granite":2,"minecraft:grass_block":7,"minecraft:chest":1,"minecraft:tall_grass":37,"minecraft:spruce_leaves":3,"minecraft:oak_planks":2,"vinery:white_grape_bush":1,"minecraft:large_fern":3,"minecraft:tall_seagrass":1,"minecraft:birch_planks":48,"minecraft:birch_log":3,"minecraft:wheat":37,"minecraft:birch_leaves":5,"minecraft:black_bed":1,"treechop:chopped_log":24,"minecraft:stone_brick_stairs":1,"minecraft:grass":43,"minecraft:bookshelf":20,"minecraft:coal_ore":32,"minecraft:dirt":16,"minecraft:stone":36,"minecraft:fern":6},"minecraft:broken":{"minecraft:stone_axe":3},"minecraft:killed":{"born_in_chaos_v1:bonescaller":1,"hmag:ghost":2,"born_in_chaos_v1:restless_spirit":1,"minecraft:spider":1,"hmag:drowned_girl":1,"born_in_chaos_v1:baby_skeleton_minion":2,"born_in_chaos_v1:maggot":1,"minecraft:sheep":5,"minecraft:skeleton":2,"minecraft:zombie":4,"iceandfire:ghost":1,"alexsmobs:terrapin":1,"realmrpg_demons:chort":2,"minecraft:drowned":2,"irons_spellbooks:summoned_skeleton":2,"minecraft:cow":5}},"DataVersion":3465}