{"stats":{"minecraft:used":{"minecraft:spruce_boat":3,"minecraft:black_wool":1,"minecraft:bread":13,"minecraft:wooden_pickaxe":11,"minecraft:stone_axe":56,"minecraft:torch":1,"minecraft:dirt":4,"minecraft:crafting_table":5,"alexsmobs:animal_dictionary":3},"minecraft:crafted":{"minecraft:crafting_table":3,"minecraft:spruce_planks":32,"minecraft:stick":8,"minecraft:wooden_pickaxe":1,"minecraft:stone_pickaxe":1,"minecraft:spruce_boat":1,"minecraft:torch":8,"minecraft:stone_axe":1,"minecraft:bread":16},"minecraft:custom":{"minecraft:time_since_rest":10440,"minecraft:sprint_one_cm":48611,"minecraft:damage_taken":613,"minecraft:walk_one_cm":48175,"minecraft:mob_kills":14,"minecraft:drop":15,"minecraft:damage_dealt":1247,"minecraft:interact_with_crafting_table":5,"minecraft:swim_one_cm":2220,"minecraft:fly_one_cm":68005,"minecraft:open_barrel":4,"minecraft:open_chest":3,"minecraft:crouch_one_cm":602,"minecraft:play_time":28393,"tombstone:undead_killed":1,"minecraft:sneak_time":316,"minecraft:walk_under_water_one_cm":1965,"minecraft:boat_one_cm":243040,"minecraft:jump":323,"minecraft:leave_game":3,"minecraft:time_since_death":28393,"minecraft:walk_on_water_one_cm":2006,"minecraft:sleep_in_bed":2,"minecraft:total_world_time":28393,"minecraft:fall_one_cm":10343},"minecraft:dropped":{"minecraft:wheat_seeds":106,"alexsmobs:animal_dictionary":1,"minecraft:torch":4,"minecraft:wooden_pickaxe":1,"minecraft:string":2,"minecraft:spruce_sapling":3},"minecraft:picked_up":{"minecraft:crafting_table":3,"minecraft:wheat":35,"minecraft:leather":4,"minecraft:torch":1,"minecraft:spruce_sapling":3,"minecraft:spruce_log":8,"minecraft:dirt":4,"minecraft:spider_eye":1,"minecraft:string":2,"alexsmobs:animal_dictionary":1,"minecraft:spruce_boat":2,"minecraft:wheat_seeds":106,"minecraft:beef":7,"minecraft:black_wool":1,"minecraft:mutton":8,"minecraft:white_wool":4,"minecraft:cobblestone":6},"minecraft:killed":{"minecraft:sheep":5,"minecraft:zombie":1,"minecraft:cow":5},"minecraft:mined":{"minecraft:large_fern":1,"minecraft:wheat":37,"treechop:chopped_log":1,"minecraft:crafting_table":3,"minecraft:grass":10,"minecraft:grass_block":2,"minecraft:dirt":3,"minecraft:tall_grass":8,"minecraft:spruce_leaves":3,"minecraft:stone":6,"minecraft:fern":1}},"DataVersion":3465}