{"stats":{"minecraft:dropped":{"minecraft:golden_boots":1,"iceandfire:raw_silver":1,"minecraft:birch_planks":2,"bloomingnature:foxglove_white":4,"minecraft:wheat_seeds":2213,"minecraft:cherry_log":1,"minecraft:glow_ink_sac":2,"minecraft:crossbow":1,"minecraft:cobblestone":6,"minecraft:book":1,"minecraft:leather":1,"chococraft:gysahl_green_seeds":13,"iceandfire:ectoplasm":1,"minecraft:copper_ingot":1,"artifacts:flippers":1,"minecraft:dirt":8,"born_in_chaos_v1:river_mint":1,"bloomingnature:swamp_oak_log":4,"minecraft:wooden_hoe":1,"minecraft:torch":4,"minecraft:cornflower":6,"bloomingnature:chestnut_sapling":1,"minecraft:mutton":4,"bloomingnature:swamp_oak_sapling":17,"tombstone:grave_dust":4,"minecraft:amethyst_shard":4,"minecraft:dark_oak_planks":8,"minecraft:string":6,"minecraft:white_wool":1,"minecraft:birch_stairs":1,"minecraft:spruce_sapling":3,"minecraft:bone":6,"minecraft:gold_ingot":1,"minecraft:stone_axe":1,"hmag:soul_powder":1,"minecraft:iron_nugget":2,"born_in_chaos_v1:fire_dust":2,"alexsmobs:animal_dictionary":1,"minecraft:cobbled_deepslate":9,"minecraft:tuff":2,"minecraft:wheat":1,"minecraft:birch_sapling":22,"born_in_chaos_v1:rotten_fish":1,"minecraft:rotten_flesh":24,"minecraft:oak_planks":2,"minecraft:glowstone_dust":2,"born_in_chaos_v1:spiritual_dust":1,"minecraft:mangrove_log":1,"minecraft:lily_of_the_valley":3,"minecraft:chainmail_chestplate":1,"minecraft:filled_map":1,"minecraft:potato":7,"minecraft:flower_pot":3,"born_in_chaos_v1:seedof_chaos":2,"minecraft:gunpowder":3,"minecraft:allium":1,"minecraft:skeleton_skull":1,"minecraft:andesite":1,"born_in_chaos_v1:spiny_shell":1,"born_in_chaos_v1:corpse_maggot":4,"minecraft:fire_coral":1,"minecraft:oak_sapling":8,"minecraft:brown_bed":2,"minecraft:spider_eye":2,"minecraft:blue_orchid":1,"minecraft:arrow":3,"minecraft:bow":2,"minecraft:stone_pickaxe":1,"minecraft:wooden_pickaxe":1,"minecraft:stone_brick_stairs":1,"minecraft:written_book":1},"minecraft:custom":{"minecraft:mob_kills":113,"minecraft:interact_with_crafting_table":43,"minecraft:open_barrel":18,"minecraft:damage_dealt_resisted":81,"minecraft:leave_game":15,"minecraft:time_since_death":136473,"minecraft:climb_one_cm":6641,"minecraft:sprint_one_cm":681015,"minecraft:walk_one_cm":682147,"minecraft:drop":310,"minecraft:play_time":278521,"minecraft:sneak_time":24727,"minecraft:deaths":5,"minecraft:walk_under_water_one_cm":37913,"minecraft:boat_one_cm":387523,"minecraft:jump":5544,"minecraft:walk_on_water_one_cm":51101,"minecraft:total_world_time":278521,"minecraft:interact_with_furnace":31,"tombstone:raider_killed":1,"minecraft:sleep_in_bed":10,"minecraft:time_since_rest":122913,"minecraft:damage_dealt":21516,"minecraft:damage_taken":9272,"minecraft:swim_one_cm":88131,"minecraft:trigger_trapped_chest":5,"minecraft:fly_one_cm":1006965,"minecraft:open_chest":76,"minecraft:crouch_one_cm":70328,"tombstone:undead_killed":54,"minecraft:interact_with_smoker":1,"minecraft:fall_one_cm":158639},"minecraft:mined":{"minecraft:tuff":19,"iceandfire:silver_ore":1,"minecraft:dark_oak_leaves":3,"minecraft:deepslate_diamond_ore":45,"minecraft:potted_blue_orchid":1,"born_in_chaos_v1:infected_diamond_ore":3,"minecraft:granite":2,"minecraft:grass_block":76,"minecraft:spruce_leaves":3,"minecraft:spawner":1,"minecraft:large_fern":3,"minecraft:tall_seagrass":1,"minecraft:carrots":45,"minecraft:iron_ore":116,"minecraft:cobbled_deepslate":8,"minecraft:andesite":2,"treechop:chopped_log":26,"minecraft:brown_bed":1,"minecraft:bookshelf":20,"chococraft:gysahl_green":19,"minecraft:vine":2,"minecraft:deepslate_iron_ore":4,"minecraft:stone":91,"minecraft:potted_allium":1,"minecraft:smithing_table":1,"minecraft:birch_stairs":3,"ars_nouveau:light_block":4,"born_in_chaos_v1:infected_deepslate_diamond_ore":4,"minecraft:cornflower":3,"minecraft:crafting_table":12,"minecraft:torch":7,"minecraft:emerald_ore":1,"minecraft:chest":1,"minecraft:tall_grass":76,"minecraft:cobblestone":30,"minecraft:lapis_ore":6,"graveyard:lying_skeleton":1,"minecraft:oak_planks":6,"graveyard:gravestone":1,"minecraft:wall_torch":8,"vinery:white_grape_bush":1,"minecraft:diorite":1,"minecraft:birch_planks":54,"minecraft:birch_leaves":5,"minecraft:blue_terracotta":1,"graveyard:vase_block":1,"minecraft:dark_oak_slab":1,"minecraft:wheat":653,"minecraft:birch_log":3,"minecraft:purple_concrete":6,"minecraft:black_bed":2,"minecraft:stone_brick_stairs":2,"minecraft:grass":68,"minecraft:coal_ore":105,"minecraft:gravel":3,"graveyard:leaning_skeleton":1,"minecraft:dirt":39,"minecraft:sand":12,"minecraft:deepslate":275,"minecraft:fern":9},"minecraft:picked_up":{"born_in_chaos_v1:diamond_termite_shard":11,"chococraft:loverly_gysahl_green":1,"minecraft:crafting_table":13,"minecraft:wheat":721,"minecraft:allium":1,"minecraft:flower_pot":3,"born_in_chaos_v1:seedof_chaos":2,"minecraft:smithing_table":1,"minecraft:brown_bed":2,"minecraft:stone_brick_stairs":1,"born_in_chaos_v1:bloody_gadfly_eye":1,"minecraft:fire_coral":1,"minecraft:cornflower":8,"minecraft:string":6,"minecraft:blue_orchid":1,"minecraft:cobbled_deepslate":276,"vinery:apple_tree_sapling":3,"graveyard:gravestone":1,"minecraft:beef":9,"minecraft:oak_boat":1,"minecraft:iron_nugget":2,"minecraft:chest":1,"minecraft:birch_sapling":73,"minecraft:mangrove_log":1,"minecraft:raw_iron":121,"minecraft:stick":225,"ars_nouveau:purple_archwood_log":53,"minecraft:copper_ingot":1,"minecraft:torch":17,"ars_nouveau:purple_archwood_sapling":7,"minecraft:cherry_log":1,"tombstone:grave_dust":6,"minecraft:diorite":1,"minecraft:carrot":178,"alexsmobs:centipede_leg":2,"artifacts:snorkel":1,"artifacts:cowboy_hat":1,"minecraft:arrow":3,"minecraft:rotten_flesh":23,"born_in_chaos_v1:spiny_shell":1,"chococraft:chocobo_drumstick_raw":1,"minecraft:mutton":12,"vinery:apple_log":13,"minecraft:white_wool":7,"minecraft:cobblestone":138,"minecraft:birch_log":220,"born_in_chaos_v1:corpse_maggot":9,"minecraft:glow_ink_sac":3,"minecraft:golden_carrot":1,"born_in_chaos_v1:spiritual_dust":1,"minecraft:andesite":2,"minecraft:black_bed":2,"minecraft:leather":5,"minecraft:potato":1,"minecraft:birch_planks":53,"paraglider:spirit_orb":2,"minecraft:tuff":18,"bloomingnature:genisteae":1,"minecraft:oak_log":227,"iceandfire:ectoplasm":1,"minecraft:gunpowder":3,"minecraft:dirt":182,"minecraft:lapis_lazuli":39,"artifacts:flippers":1,"tombstone:gift":1,"minecraft:name_tag":1,"chococraft:chocobo_feather":1,"minecraft:bone":21,"bloomingnature:foxglove_white":4,"chococraft:gysahl_green":51,"bloomingnature:swamp_oak_sapling":17,"minecraft:apple":17,"minecraft:bow":3,"minecraft:wheat_seeds":2151,"bloomingnature:chestnut_sapling":1,"minecraft:glowstone_dust":2,"minecraft:oak_planks":6,"minecraft:purple_concrete":6,"minecraft:book":61,"minecraft:dark_oak_slab":2,"hmag:soul_powder":8,"born_in_chaos_v1:ethereal_spirit":2,"born_in_chaos_v1:dark_rod":1,"minecraft:gravel":3,"ars_nouveau:bastion_pod":6,"minecraft:birch_stairs":4,"minecraft:sand":12,"minecraft:amethyst_shard":4,"chococraft:gysahl_green_seeds":18,"minecraft:spruce_sapling":4,"minecraft:lily_of_the_valley":3,"minecraft:spruce_log":8,"minecraft:spider_eye":2,"alexsmobs:animal_dictionary":1,"minecraft:blue_terracotta":1,"minecraft:diamond":45,"born_in_chaos_v1:fire_dust":2,"minecraft:spruce_boat":2,"bloomingnature:swamp_oak_log":4,"minecraft:granite":2,"minecraft:emerald":1,"born_in_chaos_v1:rotten_fish":1,"minecraft:oak_sapling":184,"minecraft:black_wool":1,"minecraft:coal":109,"iceandfire:raw_silver":1},"minecraft:crafted":{"minecraft:oak_planks":164,"minecraft:stone_shovel":1,"minecraft:furnace":2,"minecraft:cooked_mutton":8,"minecraft:glass":12,"minecraft:diamond":1,"minecraft:stone_pickaxe":1,"minecraft:chest":2,"minecraft:spruce_boat":1,"minecraft:dark_oak_planks":12,"minecraft:stone_hoe":1,"minecraft:cooked_beef":7,"minecraft:crafting_table":6,"minecraft:spruce_planks":32,"travelersbackpack:backpack_tank":2,"minecraft:iron_helmet":1,"minecraft:wooden_pickaxe":1,"travelersbackpack:standard":1,"travelersbackpack:blue_sleeping_bag":1,"minecraft:birch_planks":300,"minecraft:stone_axe":6,"minecraft:air":0,"minecraft:bread":245,"minecraft:blue_dye":2,"minecraft:oak_boat":2,"minecraft:iron_chestplate":1,"minecraft:wooden_hoe":1,"minecraft:diamond_pickaxe":1,"minecraft:stick":44,"minecraft:iron_ingot":108,"minecraft:iron_pickaxe":2,"minecraft:birch_trapdoor":2,"minecraft:blue_wool":2,"minecraft:white_bed":1,"minecraft:torch":72},"minecraft:killed":{"irons_spellbooks:summoned_zombie":3,"born_in_chaos_v1:zombie_lumberjack":1,"born_in_chaos_v1:restless_spirit":1,"minecraft:spider":6,"hmag:drowned_girl":2,"hmag:skeleton_girl":1,"born_in_chaos_v1:baby_skeleton_minion":2,"born_in_chaos_v1:maggot":3,"minecraft:skeleton":8,"realmrpg_demons:chort":3,"alexsmobs:centipede_head":1,"minecraft:drowned":2,"irons_spellbooks:summoned_skeleton":3,"hmag:catoblepas":1,"born_in_chaos_v1:firelight_not_despawn":2,"artifacts:mimic":2,"born_in_chaos_v1:barrel_zombie":2,"hmag:ghost":8,"born_in_chaos_v1:bonescaller":1,"born_in_chaos_v1:diamond_termite":11,"born_in_chaos_v1:decrepit_skeleton":1,"hmag:kobold":1,"minecraft:sheep":8,"born_in_chaos_v1:bloody_gadfly":2,"minecraft:pillager":1,"minecraft:zombie":12,"iceandfire:ghost":8,"alexsmobs:terrapin":1,"born_in_chaos_v1:corpse_fly":3,"born_in_chaos_v1:dark_vortex":1,"minecraft:cow":6,"chococraft:chocobo":1},"minecraft:broken":{"minecraft:golden_helmet":1,"minecraft:stone_axe":4,"minecraft:iron_pickaxe":2},"minecraft:used":{"minecraft:blue_terracotta":1,"minecraft:stone_shovel":85,"minecraft:chest":2,"minecraft:spruce_planks":9,"minecraft:stone_hoe":82,"minecraft:torch":65,"minecraft:dirt":173,"minecraft:carrot":205,"minecraft:granite":2,"minecraft:dark_oak_planks":4,"minecraft:spruce_boat":3,"born_in_chaos_v1:corpse_maggot":3,"minecraft:dark_oak_slab":2,"minecraft:purple_concrete":6,"minecraft:birch_trapdoor":2,"minecraft:written_book":1,"minecraft:furnace":2,"tombstone:gift":4,"minecraft:cooked_beef":7,"minecraft:cobbled_deepslate":163,"minecraft:cooked_mutton":8,"minecraft:diorite":1,"minecraft:birch_planks":83,"minecraft:oak_planks":101,"minecraft:stone_pickaxe":129,"useless_sword:pillager_dagger":321,"minecraft:wooden_pickaxe":11,"minecraft:crafting_table":19,"minecraft:white_bed":1,"minecraft:diamond_pickaxe":106,"minecraft:iron_pickaxe":498,"minecraft:black_wool":1,"minecraft:apple":15,"minecraft:wooden_hoe":38,"minecraft:black_bed":1,"minecraft:bread":127,"minecraft:gravel":3,"minecraft:stone_axe":644,"travelersbackpack:standard":1,"minecraft:cobblestone":143,"minecraft:andesite":1,"minecraft:oak_boat":3,"alexsmobs:animal_dictionary":3,"minecraft:birch_stairs":3}},"DataVersion":3465}